issue_number,scan_title,scan_browser,scan_color_scheme,scan_viewport_preset,scan_viewport_width,scan_viewport_height,submitted_url,final_url,http_status,fetch_ok,redirected,elapsed_ms,alfa_executed,alfa_passed,alfa_failed,alfa_cant_tell,alfa_inapplicable,alfa_failed_rules,alfa_error,axe_executed,axe_passed,axe_failed,axe_cant_tell,axe_inapplicable,axe_failed_rules,axe_error,equal_access_executed,equal_access_passed,equal_access_failed,equal_access_failed_unique,equal_access_failed_duplicates,equal_access_cant_tell,equal_access_inapplicable,equal_access_failed_rules,equal_access_error,accesslint_executed,accesslint_passed,accesslint_failed,accesslint_failed_unique,accesslint_failed_duplicates,accesslint_cant_tell,accesslint_inapplicable,accesslint_failed_rules,accesslint_error,qualweb_executed,qualweb_passed,qualweb_failed,qualweb_cant_tell,qualweb_inapplicable,qualweb_failed_rules,qualweb_error,duplicate_findings,fetch_error,page_title
63,WA.gov Washington State,chromium,both,desktop,1280,800,https://wa.gov/,https://wa.gov/,200,true,false,8410,false,0,0,0,0,,"Error: Could not find Chrome (ver. 145.0.7632.77). This can occur if either
 1. you did not perform an installation before running the script (e.g. `npx puppeteer browsers install chrome`) or
 2. your cache path is incorrectly configured (which is: /home/runner/.cache/puppeteer).
For (2), check out our guide on configuring puppeteer at https://pptr.dev/guides/configuration.
    at ChromeLauncher.resolveExecutablePath (file:///home/runner/work/open-scans/open-scans/node_modules/puppeteer-core/lib/esm/puppeteer/node/BrowserLauncher.js:298:27)
    at ChromeLauncher.computeLaunchArguments (file:///home/runner/work/open-scans/open-scans/node_modules/puppeteer-core/lib/esm/puppeteer/node/ChromeLauncher.js:86:24)
    at async ChromeLauncher.launch (file:///home/runner/work/open-scans/open-scans/node_modules/puppeteer-core/lib/esm/puppeteer/node/BrowserLauncher.js:49:28)
    at async Scraper.of (file:///home/runner/work/open-scans/open-scans/node_modules/@siteimprove/alfa-scraper/dist/scraper.js:29:28)
    at async Module.run (file:///home/runner/work/open-scans/open-scans/node_modules/@siteimprove/alfa-cli/bin/alfa/command/scrape/run.js:94:21)
    at async run (file:///home/runner/work/open-scans/open-scans/node_modules/@siteimprove/alfa-cli/bin/alfa/command/audit/run.js:31:24)",true,878,2,5,41,image-alt;label-title-only,,false,0,0,0,0,0,0,,Skipped (not requested),false,0,0,0,0,0,0,,Skipped (not requested),false,0,0,0,0,,Skipped (not requested),0,,| WA.gov
63,WA.gov Washington State,chromium,both,desktop,1280,800,https://wa.gov/accessibility-in-washington/workplace-accessibility/support-employees-with-disabilities-in-the-workplace,https://wa.gov/accessibility-in-washington/workplace-accessibility/support-employees-with-disabilities-in-the-workplace,200,true,false,6096,false,0,0,0,0,,"Error: Could not find Chrome (ver. 145.0.7632.77). This can occur if either
 1. you did not perform an installation before running the script (e.g. `npx puppeteer browsers install chrome`) or
 2. your cache path is incorrectly configured (which is: /home/runner/.cache/puppeteer).
For (2), check out our guide on configuring puppeteer at https://pptr.dev/guides/configuration.
    at ChromeLauncher.resolveExecutablePath (file:///home/runner/work/open-scans/open-scans/node_modules/puppeteer-core/lib/esm/puppeteer/node/BrowserLauncher.js:298:27)
    at ChromeLauncher.computeLaunchArguments (file:///home/runner/work/open-scans/open-scans/node_modules/puppeteer-core/lib/esm/puppeteer/node/ChromeLauncher.js:86:24)
    at async ChromeLauncher.launch (file:///home/runner/work/open-scans/open-scans/node_modules/puppeteer-core/lib/esm/puppeteer/node/BrowserLauncher.js:49:28)
    at async Scraper.of (file:///home/runner/work/open-scans/open-scans/node_modules/@siteimprove/alfa-scraper/dist/scraper.js:29:28)
    at async Module.run (file:///home/runner/work/open-scans/open-scans/node_modules/@siteimprove/alfa-cli/bin/alfa/command/scrape/run.js:94:21)
    at async run (file:///home/runner/work/open-scans/open-scans/node_modules/@siteimprove/alfa-cli/bin/alfa/command/audit/run.js:31:24)",true,443,1,4,47,image-alt,,false,0,0,0,0,0,0,,Skipped (not requested),false,0,0,0,0,0,0,,Skipped (not requested),false,0,0,0,0,,Skipped (not requested),0,,Support Employees with Disabilities in the Workplace
63,WA.gov Washington State,chromium,both,desktop,1280,800,https://wa.gov/accessibility-in-washington/accessibility-basics,https://wa.gov/accessibility-in-washington/accessibility-basics,200,true,false,8083,false,0,0,0,0,,"Error: Could not find Chrome (ver. 145.0.7632.77). This can occur if either
 1. you did not perform an installation before running the script (e.g. `npx puppeteer browsers install chrome`) or
 2. your cache path is incorrectly configured (which is: /home/runner/.cache/puppeteer).
For (2), check out our guide on configuring puppeteer at https://pptr.dev/guides/configuration.
    at ChromeLauncher.resolveExecutablePath (file:///home/runner/work/open-scans/open-scans/node_modules/puppeteer-core/lib/esm/puppeteer/node/BrowserLauncher.js:298:27)
    at ChromeLauncher.computeLaunchArguments (file:///home/runner/work/open-scans/open-scans/node_modules/puppeteer-core/lib/esm/puppeteer/node/ChromeLauncher.js:86:24)
    at async ChromeLauncher.launch (file:///home/runner/work/open-scans/open-scans/node_modules/puppeteer-core/lib/esm/puppeteer/node/BrowserLauncher.js:49:28)
    at async Scraper.of (file:///home/runner/work/open-scans/open-scans/node_modules/@siteimprove/alfa-scraper/dist/scraper.js:29:28)
    at async Module.run (file:///home/runner/work/open-scans/open-scans/node_modules/@siteimprove/alfa-cli/bin/alfa/command/scrape/run.js:94:21)
    at async run (file:///home/runner/work/open-scans/open-scans/node_modules/@siteimprove/alfa-cli/bin/alfa/command/audit/run.js:31:24)",true,275,1,4,47,image-alt,,false,0,0,0,0,0,0,,Skipped (not requested),false,0,0,0,0,0,0,,Skipped (not requested),false,0,0,0,0,,Skipped (not requested),0,,Accessibility Basics | WA.gov
63,WA.gov Washington State,chromium,both,desktop,1280,800,https://wa.gov/accessibility-in-washington/accessibility-laws,https://wa.gov/accessibility-in-washington/accessibility-laws,200,true,false,6370,false,0,0,0,0,,"Error: Could not find Chrome (ver. 145.0.7632.77). This can occur if either
 1. you did not perform an installation before running the script (e.g. `npx puppeteer browsers install chrome`) or
 2. your cache path is incorrectly configured (which is: /home/runner/.cache/puppeteer).
For (2), check out our guide on configuring puppeteer at https://pptr.dev/guides/configuration.
    at ChromeLauncher.resolveExecutablePath (file:///home/runner/work/open-scans/open-scans/node_modules/puppeteer-core/lib/esm/puppeteer/node/BrowserLauncher.js:298:27)
    at ChromeLauncher.computeLaunchArguments (file:///home/runner/work/open-scans/open-scans/node_modules/puppeteer-core/lib/esm/puppeteer/node/ChromeLauncher.js:86:24)
    at async ChromeLauncher.launch (file:///home/runner/work/open-scans/open-scans/node_modules/puppeteer-core/lib/esm/puppeteer/node/BrowserLauncher.js:49:28)
    at async Scraper.of (file:///home/runner/work/open-scans/open-scans/node_modules/@siteimprove/alfa-scraper/dist/scraper.js:29:28)
    at async Module.run (file:///home/runner/work/open-scans/open-scans/node_modules/@siteimprove/alfa-cli/bin/alfa/command/scrape/run.js:94:21)
    at async run (file:///home/runner/work/open-scans/open-scans/node_modules/@siteimprove/alfa-cli/bin/alfa/command/audit/run.js:31:24)",true,358,1,4,48,image-alt,,false,0,0,0,0,0,0,,Skipped (not requested),false,0,0,0,0,0,0,,Skipped (not requested),false,0,0,0,0,,Skipped (not requested),0,,Accessibility Laws
63,WA.gov Washington State,chromium,both,desktop,1280,800,https://wa.gov/accessibility-in-washington/accessibility-resources,https://wa.gov/accessibility-in-washington/accessibility-resources,200,true,false,8281,false,0,0,0,0,,"Error: Could not find Chrome (ver. 145.0.7632.77). This can occur if either
 1. you did not perform an installation before running the script (e.g. `npx puppeteer browsers install chrome`) or
 2. your cache path is incorrectly configured (which is: /home/runner/.cache/puppeteer).
For (2), check out our guide on configuring puppeteer at https://pptr.dev/guides/configuration.
    at ChromeLauncher.resolveExecutablePath (file:///home/runner/work/open-scans/open-scans/node_modules/puppeteer-core/lib/esm/puppeteer/node/BrowserLauncher.js:298:27)
    at ChromeLauncher.computeLaunchArguments (file:///home/runner/work/open-scans/open-scans/node_modules/puppeteer-core/lib/esm/puppeteer/node/ChromeLauncher.js:86:24)
    at async ChromeLauncher.launch (file:///home/runner/work/open-scans/open-scans/node_modules/puppeteer-core/lib/esm/puppeteer/node/BrowserLauncher.js:49:28)
    at async Scraper.of (file:///home/runner/work/open-scans/open-scans/node_modules/@siteimprove/alfa-scraper/dist/scraper.js:29:28)
    at async Module.run (file:///home/runner/work/open-scans/open-scans/node_modules/@siteimprove/alfa-cli/bin/alfa/command/scrape/run.js:94:21)
    at async run (file:///home/runner/work/open-scans/open-scans/node_modules/@siteimprove/alfa-cli/bin/alfa/command/audit/run.js:31:24)",true,700,1,8,42,image-alt,,false,0,0,0,0,0,0,,Skipped (not requested),false,0,0,0,0,0,0,,Skipped (not requested),false,0,0,0,0,,Skipped (not requested),0,,Resources for People with Disabilities | WA.gov
63,WA.gov Washington State,chromium,both,desktop,1280,800,https://wa.gov/accessibility-in-washington/education-recreation,https://wa.gov/accessibility-in-washington/education-recreation,200,true,false,9338,false,0,0,0,0,,"Error: Could not find Chrome (ver. 145.0.7632.77). This can occur if either
 1. you did not perform an installation before running the script (e.g. `npx puppeteer browsers install chrome`) or
 2. your cache path is incorrectly configured (which is: /home/runner/.cache/puppeteer).
For (2), check out our guide on configuring puppeteer at https://pptr.dev/guides/configuration.
    at ChromeLauncher.resolveExecutablePath (file:///home/runner/work/open-scans/open-scans/node_modules/puppeteer-core/lib/esm/puppeteer/node/BrowserLauncher.js:298:27)
    at ChromeLauncher.computeLaunchArguments (file:///home/runner/work/open-scans/open-scans/node_modules/puppeteer-core/lib/esm/puppeteer/node/ChromeLauncher.js:86:24)
    at async ChromeLauncher.launch (file:///home/runner/work/open-scans/open-scans/node_modules/puppeteer-core/lib/esm/puppeteer/node/BrowserLauncher.js:49:28)
    at async Scraper.of (file:///home/runner/work/open-scans/open-scans/node_modules/@siteimprove/alfa-scraper/dist/scraper.js:29:28)
    at async Module.run (file:///home/runner/work/open-scans/open-scans/node_modules/@siteimprove/alfa-cli/bin/alfa/command/scrape/run.js:94:21)
    at async run (file:///home/runner/work/open-scans/open-scans/node_modules/@siteimprove/alfa-cli/bin/alfa/command/audit/run.js:31:24)",true,275,1,4,47,image-alt,,false,0,0,0,0,0,0,,Skipped (not requested),false,0,0,0,0,0,0,,Skipped (not requested),false,0,0,0,0,,Skipped (not requested),0,,Education and Recreation for People with Disabilities
63,WA.gov Washington State,chromium,both,desktop,1280,800,https://wa.gov/accessibility-in-washington/health-safety-for-people-with-disabilities,https://wa.gov/accessibility-in-washington/health-safety-for-people-with-disabilities,200,true,false,9229,false,0,0,0,0,,"Error: Could not find Chrome (ver. 145.0.7632.77). This can occur if either
 1. you did not perform an installation before running the script (e.g. `npx puppeteer browsers install chrome`) or
 2. your cache path is incorrectly configured (which is: /home/runner/.cache/puppeteer).
For (2), check out our guide on configuring puppeteer at https://pptr.dev/guides/configuration.
    at ChromeLauncher.resolveExecutablePath (file:///home/runner/work/open-scans/open-scans/node_modules/puppeteer-core/lib/esm/puppeteer/node/BrowserLauncher.js:298:27)
    at ChromeLauncher.computeLaunchArguments (file:///home/runner/work/open-scans/open-scans/node_modules/puppeteer-core/lib/esm/puppeteer/node/ChromeLauncher.js:86:24)
    at async ChromeLauncher.launch (file:///home/runner/work/open-scans/open-scans/node_modules/puppeteer-core/lib/esm/puppeteer/node/BrowserLauncher.js:49:28)
    at async Scraper.of (file:///home/runner/work/open-scans/open-scans/node_modules/@siteimprove/alfa-scraper/dist/scraper.js:29:28)
    at async Module.run (file:///home/runner/work/open-scans/open-scans/node_modules/@siteimprove/alfa-cli/bin/alfa/command/scrape/run.js:94:21)
    at async run (file:///home/runner/work/open-scans/open-scans/node_modules/@siteimprove/alfa-cli/bin/alfa/command/audit/run.js:31:24)",true,416,1,4,48,image-alt,,false,0,0,0,0,0,0,,Skipped (not requested),false,0,0,0,0,0,0,,Skipped (not requested),false,0,0,0,0,,Skipped (not requested),0,,Health &amp; Safety | WA.gov
63,WA.gov Washington State,chromium,both,desktop,1280,800,https://wa.gov/accessibility-in-washington/transportation-and-personal-mobility,https://wa.gov/accessibility-in-washington/transportation-and-personal-mobility,200,true,false,7464,false,0,0,0,0,,"Error: Could not find Chrome (ver. 145.0.7632.77). This can occur if either
 1. you did not perform an installation before running the script (e.g. `npx puppeteer browsers install chrome`) or
 2. your cache path is incorrectly configured (which is: /home/runner/.cache/puppeteer).
For (2), check out our guide on configuring puppeteer at https://pptr.dev/guides/configuration.
    at ChromeLauncher.resolveExecutablePath (file:///home/runner/work/open-scans/open-scans/node_modules/puppeteer-core/lib/esm/puppeteer/node/BrowserLauncher.js:298:27)
    at ChromeLauncher.computeLaunchArguments (file:///home/runner/work/open-scans/open-scans/node_modules/puppeteer-core/lib/esm/puppeteer/node/ChromeLauncher.js:86:24)
    at async ChromeLauncher.launch (file:///home/runner/work/open-scans/open-scans/node_modules/puppeteer-core/lib/esm/puppeteer/node/BrowserLauncher.js:49:28)
    at async Scraper.of (file:///home/runner/work/open-scans/open-scans/node_modules/@siteimprove/alfa-scraper/dist/scraper.js:29:28)
    at async Module.run (file:///home/runner/work/open-scans/open-scans/node_modules/@siteimprove/alfa-cli/bin/alfa/command/scrape/run.js:94:21)
    at async run (file:///home/runner/work/open-scans/open-scans/node_modules/@siteimprove/alfa-cli/bin/alfa/command/audit/run.js:31:24)",true,451,1,4,47,image-alt,,false,0,0,0,0,0,0,,Skipped (not requested),false,0,0,0,0,0,0,,Skipped (not requested),false,0,0,0,0,,Skipped (not requested),0,,Accessible Transportation and Personal Mobility
63,WA.gov Washington State,chromium,both,desktop,1280,800,https://wa.gov/accessibility-in-washington/workplace-accessibility,https://wa.gov/accessibility-in-washington/workplace-accessibility,200,true,false,7822,false,0,0,0,0,,"Error: Could not find Chrome (ver. 145.0.7632.77). This can occur if either
 1. you did not perform an installation before running the script (e.g. `npx puppeteer browsers install chrome`) or
 2. your cache path is incorrectly configured (which is: /home/runner/.cache/puppeteer).
For (2), check out our guide on configuring puppeteer at https://pptr.dev/guides/configuration.
    at ChromeLauncher.resolveExecutablePath (file:///home/runner/work/open-scans/open-scans/node_modules/puppeteer-core/lib/esm/puppeteer/node/BrowserLauncher.js:298:27)
    at ChromeLauncher.computeLaunchArguments (file:///home/runner/work/open-scans/open-scans/node_modules/puppeteer-core/lib/esm/puppeteer/node/ChromeLauncher.js:86:24)
    at async ChromeLauncher.launch (file:///home/runner/work/open-scans/open-scans/node_modules/puppeteer-core/lib/esm/puppeteer/node/BrowserLauncher.js:49:28)
    at async Scraper.of (file:///home/runner/work/open-scans/open-scans/node_modules/@siteimprove/alfa-scraper/dist/scraper.js:29:28)
    at async Module.run (file:///home/runner/work/open-scans/open-scans/node_modules/@siteimprove/alfa-cli/bin/alfa/command/scrape/run.js:94:21)
    at async run (file:///home/runner/work/open-scans/open-scans/node_modules/@siteimprove/alfa-cli/bin/alfa/command/audit/run.js:31:24)",true,264,1,4,47,image-alt,,false,0,0,0,0,0,0,,Skipped (not requested),false,0,0,0,0,0,0,,Skipped (not requested),false,0,0,0,0,,Skipped (not requested),0,,Workplace Accessibility | WA.gov
63,WA.gov Washington State,chromium,both,desktop,1280,800,https://wa.gov/people-with-disabilities/accessibility-policy,https://wa.gov/people-with-disabilities/accessibility-policy,200,true,false,8015,false,0,0,0,0,,"Error: Could not find Chrome (ver. 145.0.7632.77). This can occur if either
 1. you did not perform an installation before running the script (e.g. `npx puppeteer browsers install chrome`) or
 2. your cache path is incorrectly configured (which is: /home/runner/.cache/puppeteer).
For (2), check out our guide on configuring puppeteer at https://pptr.dev/guides/configuration.
    at ChromeLauncher.resolveExecutablePath (file:///home/runner/work/open-scans/open-scans/node_modules/puppeteer-core/lib/esm/puppeteer/node/BrowserLauncher.js:298:27)
    at ChromeLauncher.computeLaunchArguments (file:///home/runner/work/open-scans/open-scans/node_modules/puppeteer-core/lib/esm/puppeteer/node/ChromeLauncher.js:86:24)
    at async ChromeLauncher.launch (file:///home/runner/work/open-scans/open-scans/node_modules/puppeteer-core/lib/esm/puppeteer/node/BrowserLauncher.js:49:28)
    at async Scraper.of (file:///home/runner/work/open-scans/open-scans/node_modules/@siteimprove/alfa-scraper/dist/scraper.js:29:28)
    at async Module.run (file:///home/runner/work/open-scans/open-scans/node_modules/@siteimprove/alfa-cli/bin/alfa/command/scrape/run.js:94:21)
    at async run (file:///home/runner/work/open-scans/open-scans/node_modules/@siteimprove/alfa-cli/bin/alfa/command/audit/run.js:31:24)",true,663,24,4,40,color-contrast;image-alt,,false,0,0,0,0,0,0,,Skipped (not requested),false,0,0,0,0,0,0,,Skipped (not requested),false,0,0,0,0,,Skipped (not requested),0,,Accessibility Policy | WA.gov
63,WA.gov Washington State,chromium,both,desktop,1280,800,https://wa.gov/people-with-disabilities/accessibility-wa-state-law-and-policy,https://wa.gov/people-with-disabilities/accessibility-wa-state-law-and-policy,200,true,false,6802,false,0,0,0,0,,"Error: Could not find Chrome (ver. 145.0.7632.77). This can occur if either
 1. you did not perform an installation before running the script (e.g. `npx puppeteer browsers install chrome`) or
 2. your cache path is incorrectly configured (which is: /home/runner/.cache/puppeteer).
For (2), check out our guide on configuring puppeteer at https://pptr.dev/guides/configuration.
    at ChromeLauncher.resolveExecutablePath (file:///home/runner/work/open-scans/open-scans/node_modules/puppeteer-core/lib/esm/puppeteer/node/BrowserLauncher.js:298:27)
    at ChromeLauncher.computeLaunchArguments (file:///home/runner/work/open-scans/open-scans/node_modules/puppeteer-core/lib/esm/puppeteer/node/ChromeLauncher.js:86:24)
    at async ChromeLauncher.launch (file:///home/runner/work/open-scans/open-scans/node_modules/puppeteer-core/lib/esm/puppeteer/node/BrowserLauncher.js:49:28)
    at async Scraper.of (file:///home/runner/work/open-scans/open-scans/node_modules/@siteimprove/alfa-scraper/dist/scraper.js:29:28)
    at async Module.run (file:///home/runner/work/open-scans/open-scans/node_modules/@siteimprove/alfa-cli/bin/alfa/command/scrape/run.js:94:21)
    at async run (file:///home/runner/work/open-scans/open-scans/node_modules/@siteimprove/alfa-cli/bin/alfa/command/audit/run.js:31:24)",true,630,18,4,40,color-contrast;image-alt,,false,0,0,0,0,0,0,,Skipped (not requested),false,0,0,0,0,0,0,,Skipped (not requested),false,0,0,0,0,,Skipped (not requested),0,,Accessibility - WA State Law and Policy | WA.gov
63,WA.gov Washington State,chromium,both,desktop,1280,800,https://wa.gov/people-with-disabilities/electronic-and-data-accessibility,https://wa.gov/people-with-disabilities/electronic-and-data-accessibility,200,true,false,6490,false,0,0,0,0,,"Error: Could not find Chrome (ver. 145.0.7632.77). This can occur if either
 1. you did not perform an installation before running the script (e.g. `npx puppeteer browsers install chrome`) or
 2. your cache path is incorrectly configured (which is: /home/runner/.cache/puppeteer).
For (2), check out our guide on configuring puppeteer at https://pptr.dev/guides/configuration.
    at ChromeLauncher.resolveExecutablePath (file:///home/runner/work/open-scans/open-scans/node_modules/puppeteer-core/lib/esm/puppeteer/node/BrowserLauncher.js:298:27)
    at ChromeLauncher.computeLaunchArguments (file:///home/runner/work/open-scans/open-scans/node_modules/puppeteer-core/lib/esm/puppeteer/node/ChromeLauncher.js:86:24)
    at async ChromeLauncher.launch (file:///home/runner/work/open-scans/open-scans/node_modules/puppeteer-core/lib/esm/puppeteer/node/BrowserLauncher.js:49:28)
    at async Scraper.of (file:///home/runner/work/open-scans/open-scans/node_modules/@siteimprove/alfa-scraper/dist/scraper.js:29:28)
    at async Module.run (file:///home/runner/work/open-scans/open-scans/node_modules/@siteimprove/alfa-cli/bin/alfa/command/scrape/run.js:94:21)
    at async run (file:///home/runner/work/open-scans/open-scans/node_modules/@siteimprove/alfa-cli/bin/alfa/command/audit/run.js:31:24)",true,751,38,4,40,color-contrast;image-alt,,false,0,0,0,0,0,0,,Skipped (not requested),false,0,0,0,0,0,0,,Skipped (not requested),false,0,0,0,0,,Skipped (not requested),0,,Electronic and Data Accessibility | WA.gov
63,WA.gov Washington State,chromium,both,desktop,1280,800,https://wa.gov/accessibility-in-washington/accessibility-basics/disability-etiquette-for-respecting-people-with-disabilities,https://wa.gov/accessibility-in-washington/accessibility-basics/disability-etiquette-for-respecting-people-with-disabilities,200,true,false,6465,false,0,0,0,0,,"Error: Could not find Chrome (ver. 145.0.7632.77). This can occur if either
 1. you did not perform an installation before running the script (e.g. `npx puppeteer browsers install chrome`) or
 2. your cache path is incorrectly configured (which is: /home/runner/.cache/puppeteer).
For (2), check out our guide on configuring puppeteer at https://pptr.dev/guides/configuration.
    at ChromeLauncher.resolveExecutablePath (file:///home/runner/work/open-scans/open-scans/node_modules/puppeteer-core/lib/esm/puppeteer/node/BrowserLauncher.js:298:27)
    at ChromeLauncher.computeLaunchArguments (file:///home/runner/work/open-scans/open-scans/node_modules/puppeteer-core/lib/esm/puppeteer/node/ChromeLauncher.js:86:24)
    at async ChromeLauncher.launch (file:///home/runner/work/open-scans/open-scans/node_modules/puppeteer-core/lib/esm/puppeteer/node/BrowserLauncher.js:49:28)
    at async Scraper.of (file:///home/runner/work/open-scans/open-scans/node_modules/@siteimprove/alfa-scraper/dist/scraper.js:29:28)
    at async Module.run (file:///home/runner/work/open-scans/open-scans/node_modules/@siteimprove/alfa-cli/bin/alfa/command/scrape/run.js:94:21)
    at async run (file:///home/runner/work/open-scans/open-scans/node_modules/@siteimprove/alfa-cli/bin/alfa/command/audit/run.js:31:24)",true,310,2,4,47,heading-order;image-alt,,false,0,0,0,0,0,0,,Skipped (not requested),false,0,0,0,0,0,0,,Skipped (not requested),false,0,0,0,0,,Skipped (not requested),0,,Disability Etiquette for Respecting People with Disabilities
63,WA.gov Washington State,chromium,both,desktop,1280,800,https://wa.gov/accessibility-in-washington/accessibility-basics/how-to-make-physical-and-digital-spaces-accessible,https://wa.gov/accessibility-in-washington/accessibility-basics/how-to-make-physical-and-digital-spaces-accessible,200,true,false,7550,false,0,0,0,0,,"Error: Could not find Chrome (ver. 145.0.7632.77). This can occur if either
 1. you did not perform an installation before running the script (e.g. `npx puppeteer browsers install chrome`) or
 2. your cache path is incorrectly configured (which is: /home/runner/.cache/puppeteer).
For (2), check out our guide on configuring puppeteer at https://pptr.dev/guides/configuration.
    at ChromeLauncher.resolveExecutablePath (file:///home/runner/work/open-scans/open-scans/node_modules/puppeteer-core/lib/esm/puppeteer/node/BrowserLauncher.js:298:27)
    at ChromeLauncher.computeLaunchArguments (file:///home/runner/work/open-scans/open-scans/node_modules/puppeteer-core/lib/esm/puppeteer/node/ChromeLauncher.js:86:24)
    at async ChromeLauncher.launch (file:///home/runner/work/open-scans/open-scans/node_modules/puppeteer-core/lib/esm/puppeteer/node/BrowserLauncher.js:49:28)
    at async Scraper.of (file:///home/runner/work/open-scans/open-scans/node_modules/@siteimprove/alfa-scraper/dist/scraper.js:29:28)
    at async Module.run (file:///home/runner/work/open-scans/open-scans/node_modules/@siteimprove/alfa-cli/bin/alfa/command/scrape/run.js:94:21)
    at async run (file:///home/runner/work/open-scans/open-scans/node_modules/@siteimprove/alfa-cli/bin/alfa/command/audit/run.js:31:24)",true,425,1,4,47,image-alt,,false,0,0,0,0,0,0,,Skipped (not requested),false,0,0,0,0,0,0,,Skipped (not requested),false,0,0,0,0,,Skipped (not requested),0,,How to Make Physical and Digital Spaces Accessible
63,WA.gov Washington State,chromium,both,desktop,1280,800,https://wa.gov/report-suspected-fraud,https://wa.gov/report-suspected-fraud,200,true,false,6897,false,0,0,0,0,,"Error: Could not find Chrome (ver. 145.0.7632.77). This can occur if either
 1. you did not perform an installation before running the script (e.g. `npx puppeteer browsers install chrome`) or
 2. your cache path is incorrectly configured (which is: /home/runner/.cache/puppeteer).
For (2), check out our guide on configuring puppeteer at https://pptr.dev/guides/configuration.
    at ChromeLauncher.resolveExecutablePath (file:///home/runner/work/open-scans/open-scans/node_modules/puppeteer-core/lib/esm/puppeteer/node/BrowserLauncher.js:298:27)
    at ChromeLauncher.computeLaunchArguments (file:///home/runner/work/open-scans/open-scans/node_modules/puppeteer-core/lib/esm/puppeteer/node/ChromeLauncher.js:86:24)
    at async ChromeLauncher.launch (file:///home/runner/work/open-scans/open-scans/node_modules/puppeteer-core/lib/esm/puppeteer/node/BrowserLauncher.js:49:28)
    at async Scraper.of (file:///home/runner/work/open-scans/open-scans/node_modules/@siteimprove/alfa-scraper/dist/scraper.js:29:28)
    at async Module.run (file:///home/runner/work/open-scans/open-scans/node_modules/@siteimprove/alfa-cli/bin/alfa/command/scrape/run.js:94:21)
    at async run (file:///home/runner/work/open-scans/open-scans/node_modules/@siteimprove/alfa-cli/bin/alfa/command/audit/run.js:31:24)",true,599,2,6,40,image-alt;region,,false,0,0,0,0,0,0,,Skipped (not requested),false,0,0,0,0,0,0,,Skipped (not requested),false,0,0,0,0,,Skipped (not requested),0,,Report suspected fraud | WA.gov
63,WA.gov Washington State,chromium,both,desktop,1280,800,https://wa.gov/people-with-disabilities/blindness-related-tools-and-services,https://wa.gov/people-with-disabilities/blindness-related-tools-and-services,200,true,false,9567,false,0,0,0,0,,"Error: Could not find Chrome (ver. 145.0.7632.77). This can occur if either
 1. you did not perform an installation before running the script (e.g. `npx puppeteer browsers install chrome`) or
 2. your cache path is incorrectly configured (which is: /home/runner/.cache/puppeteer).
For (2), check out our guide on configuring puppeteer at https://pptr.dev/guides/configuration.
    at ChromeLauncher.resolveExecutablePath (file:///home/runner/work/open-scans/open-scans/node_modules/puppeteer-core/lib/esm/puppeteer/node/BrowserLauncher.js:298:27)
    at ChromeLauncher.computeLaunchArguments (file:///home/runner/work/open-scans/open-scans/node_modules/puppeteer-core/lib/esm/puppeteer/node/ChromeLauncher.js:86:24)
    at async ChromeLauncher.launch (file:///home/runner/work/open-scans/open-scans/node_modules/puppeteer-core/lib/esm/puppeteer/node/BrowserLauncher.js:49:28)
    at async Scraper.of (file:///home/runner/work/open-scans/open-scans/node_modules/@siteimprove/alfa-scraper/dist/scraper.js:29:28)
    at async Module.run (file:///home/runner/work/open-scans/open-scans/node_modules/@siteimprove/alfa-cli/bin/alfa/command/scrape/run.js:94:21)
    at async run (file:///home/runner/work/open-scans/open-scans/node_modules/@siteimprove/alfa-cli/bin/alfa/command/audit/run.js:31:24)",true,789,44,4,40,color-contrast;image-alt,,false,0,0,0,0,0,0,,Skipped (not requested),false,0,0,0,0,0,0,,Skipped (not requested),false,0,0,0,0,,Skipped (not requested),0,,Blindness-related Tools and Services | WA.gov
63,WA.gov Washington State,chromium,both,desktop,1280,800,https://wa.gov/checklists-and-tools,https://wa.gov/checklists-and-tools,403,false,false,6959,false,0,0,0,0,,"Error: Could not find Chrome (ver. 145.0.7632.77). This can occur if either
 1. you did not perform an installation before running the script (e.g. `npx puppeteer browsers install chrome`) or
 2. your cache path is incorrectly configured (which is: /home/runner/.cache/puppeteer).
For (2), check out our guide on configuring puppeteer at https://pptr.dev/guides/configuration.
    at ChromeLauncher.resolveExecutablePath (file:///home/runner/work/open-scans/open-scans/node_modules/puppeteer-core/lib/esm/puppeteer/node/BrowserLauncher.js:298:27)
    at ChromeLauncher.computeLaunchArguments (file:///home/runner/work/open-scans/open-scans/node_modules/puppeteer-core/lib/esm/puppeteer/node/ChromeLauncher.js:86:24)
    at async ChromeLauncher.launch (file:///home/runner/work/open-scans/open-scans/node_modules/puppeteer-core/lib/esm/puppeteer/node/BrowserLauncher.js:49:28)
    at async Scraper.of (file:///home/runner/work/open-scans/open-scans/node_modules/@siteimprove/alfa-scraper/dist/scraper.js:29:28)
    at async Module.run (file:///home/runner/work/open-scans/open-scans/node_modules/@siteimprove/alfa-cli/bin/alfa/command/scrape/run.js:94:21)
    at async run (file:///home/runner/work/open-scans/open-scans/node_modules/@siteimprove/alfa-cli/bin/alfa/command/audit/run.js:31:24)",true,484,1,4,42,image-alt,,false,0,0,0,0,0,0,,Skipped (not requested),false,0,0,0,0,0,0,,Skipped (not requested),false,0,0,0,0,,Skipped (not requested),0,,Access denied | WA.gov
63,WA.gov Washington State,chromium,both,desktop,1280,800,https://wa.gov/error,https://wa.gov/error,200,true,false,8248,false,0,0,0,0,,"Error: Could not find Chrome (ver. 145.0.7632.77). This can occur if either
 1. you did not perform an installation before running the script (e.g. `npx puppeteer browsers install chrome`) or
 2. your cache path is incorrectly configured (which is: /home/runner/.cache/puppeteer).
For (2), check out our guide on configuring puppeteer at https://pptr.dev/guides/configuration.
    at ChromeLauncher.resolveExecutablePath (file:///home/runner/work/open-scans/open-scans/node_modules/puppeteer-core/lib/esm/puppeteer/node/BrowserLauncher.js:298:27)
    at ChromeLauncher.computeLaunchArguments (file:///home/runner/work/open-scans/open-scans/node_modules/puppeteer-core/lib/esm/puppeteer/node/ChromeLauncher.js:86:24)
    at async ChromeLauncher.launch (file:///home/runner/work/open-scans/open-scans/node_modules/puppeteer-core/lib/esm/puppeteer/node/BrowserLauncher.js:49:28)
    at async Scraper.of (file:///home/runner/work/open-scans/open-scans/node_modules/@siteimprove/alfa-scraper/dist/scraper.js:29:28)
    at async Module.run (file:///home/runner/work/open-scans/open-scans/node_modules/@siteimprove/alfa-cli/bin/alfa/command/scrape/run.js:94:21)
    at async run (file:///home/runner/work/open-scans/open-scans/node_modules/@siteimprove/alfa-cli/bin/alfa/command/audit/run.js:31:24)",true,532,6,4,41,color-contrast;empty-heading;image-alt,,false,0,0,0,0,0,0,,Skipped (not requested),false,0,0,0,0,0,0,,Skipped (not requested),false,0,0,0,0,,Skipped (not requested),0,,Oh no! We messed up! | WA.gov
63,WA.gov Washington State,chromium,both,desktop,1280,800,https://wa.gov/get-help,https://wa.gov/get-help,200,true,false,7505,false,0,0,0,0,,"Error: Could not find Chrome (ver. 145.0.7632.77). This can occur if either
 1. you did not perform an installation before running the script (e.g. `npx puppeteer browsers install chrome`) or
 2. your cache path is incorrectly configured (which is: /home/runner/.cache/puppeteer).
For (2), check out our guide on configuring puppeteer at https://pptr.dev/guides/configuration.
    at ChromeLauncher.resolveExecutablePath (file:///home/runner/work/open-scans/open-scans/node_modules/puppeteer-core/lib/esm/puppeteer/node/BrowserLauncher.js:298:27)
    at ChromeLauncher.computeLaunchArguments (file:///home/runner/work/open-scans/open-scans/node_modules/puppeteer-core/lib/esm/puppeteer/node/ChromeLauncher.js:86:24)
    at async ChromeLauncher.launch (file:///home/runner/work/open-scans/open-scans/node_modules/puppeteer-core/lib/esm/puppeteer/node/BrowserLauncher.js:49:28)
    at async Scraper.of (file:///home/runner/work/open-scans/open-scans/node_modules/@siteimprove/alfa-scraper/dist/scraper.js:29:28)
    at async Module.run (file:///home/runner/work/open-scans/open-scans/node_modules/@siteimprove/alfa-cli/bin/alfa/command/scrape/run.js:94:21)
    at async run (file:///home/runner/work/open-scans/open-scans/node_modules/@siteimprove/alfa-cli/bin/alfa/command/audit/run.js:31:24)",true,978,13,4,39,color-contrast;heading-order;image-alt,,false,0,0,0,0,0,0,,Skipped (not requested),false,0,0,0,0,0,0,,Skipped (not requested),false,0,0,0,0,,Skipped (not requested),0,,Get help | WA.gov
63,WA.gov Washington State,chromium,both,desktop,1280,800,https://wa.gov/privacy-notice,https://wa.gov/privacy-notice,200,true,false,8774,false,0,0,0,0,,"Error: Could not find Chrome (ver. 145.0.7632.77). This can occur if either
 1. you did not perform an installation before running the script (e.g. `npx puppeteer browsers install chrome`) or
 2. your cache path is incorrectly configured (which is: /home/runner/.cache/puppeteer).
For (2), check out our guide on configuring puppeteer at https://pptr.dev/guides/configuration.
    at ChromeLauncher.resolveExecutablePath (file:///home/runner/work/open-scans/open-scans/node_modules/puppeteer-core/lib/esm/puppeteer/node/BrowserLauncher.js:298:27)
    at ChromeLauncher.computeLaunchArguments (file:///home/runner/work/open-scans/open-scans/node_modules/puppeteer-core/lib/esm/puppeteer/node/ChromeLauncher.js:86:24)
    at async ChromeLauncher.launch (file:///home/runner/work/open-scans/open-scans/node_modules/puppeteer-core/lib/esm/puppeteer/node/BrowserLauncher.js:49:28)
    at async Scraper.of (file:///home/runner/work/open-scans/open-scans/node_modules/@siteimprove/alfa-scraper/dist/scraper.js:29:28)
    at async Module.run (file:///home/runner/work/open-scans/open-scans/node_modules/@siteimprove/alfa-cli/bin/alfa/command/scrape/run.js:94:21)
    at async run (file:///home/runner/work/open-scans/open-scans/node_modules/@siteimprove/alfa-cli/bin/alfa/command/audit/run.js:31:24)",true,682,12,4,40,color-contrast;image-alt,,false,0,0,0,0,0,0,,Skipped (not requested),false,0,0,0,0,0,0,,Skipped (not requested),false,0,0,0,0,,Skipped (not requested),0,,Privacy Notice | WA.gov
63,WA.gov Washington State,chromium,both,desktop,1280,800,https://wa.gov/test,https://wa.gov/test,200,true,false,7416,false,0,0,0,0,,"Error: Could not find Chrome (ver. 145.0.7632.77). This can occur if either
 1. you did not perform an installation before running the script (e.g. `npx puppeteer browsers install chrome`) or
 2. your cache path is incorrectly configured (which is: /home/runner/.cache/puppeteer).
For (2), check out our guide on configuring puppeteer at https://pptr.dev/guides/configuration.
    at ChromeLauncher.resolveExecutablePath (file:///home/runner/work/open-scans/open-scans/node_modules/puppeteer-core/lib/esm/puppeteer/node/BrowserLauncher.js:298:27)
    at ChromeLauncher.computeLaunchArguments (file:///home/runner/work/open-scans/open-scans/node_modules/puppeteer-core/lib/esm/puppeteer/node/ChromeLauncher.js:86:24)
    at async ChromeLauncher.launch (file:///home/runner/work/open-scans/open-scans/node_modules/puppeteer-core/lib/esm/puppeteer/node/BrowserLauncher.js:49:28)
    at async Scraper.of (file:///home/runner/work/open-scans/open-scans/node_modules/@siteimprove/alfa-scraper/dist/scraper.js:29:28)
    at async Module.run (file:///home/runner/work/open-scans/open-scans/node_modules/@siteimprove/alfa-cli/bin/alfa/command/scrape/run.js:94:21)
    at async run (file:///home/runner/work/open-scans/open-scans/node_modules/@siteimprove/alfa-cli/bin/alfa/command/audit/run.js:31:24)",true,521,2,4,41,color-contrast;image-alt,,false,0,0,0,0,0,0,,Skipped (not requested),false,0,0,0,0,0,0,,Skipped (not requested),false,0,0,0,0,,Skipped (not requested),0,,Test | WA.gov
63,WA.gov Washington State,chromium,both,desktop,1280,800,https://wa.gov/use-our-logo,https://wa.gov/use-our-logo,200,true,false,9244,false,0,0,0,0,,"Error: Could not find Chrome (ver. 145.0.7632.77). This can occur if either
 1. you did not perform an installation before running the script (e.g. `npx puppeteer browsers install chrome`) or
 2. your cache path is incorrectly configured (which is: /home/runner/.cache/puppeteer).
For (2), check out our guide on configuring puppeteer at https://pptr.dev/guides/configuration.
    at ChromeLauncher.resolveExecutablePath (file:///home/runner/work/open-scans/open-scans/node_modules/puppeteer-core/lib/esm/puppeteer/node/BrowserLauncher.js:298:27)
    at ChromeLauncher.computeLaunchArguments (file:///home/runner/work/open-scans/open-scans/node_modules/puppeteer-core/lib/esm/puppeteer/node/ChromeLauncher.js:86:24)
    at async ChromeLauncher.launch (file:///home/runner/work/open-scans/open-scans/node_modules/puppeteer-core/lib/esm/puppeteer/node/BrowserLauncher.js:49:28)
    at async Scraper.of (file:///home/runner/work/open-scans/open-scans/node_modules/@siteimprove/alfa-scraper/dist/scraper.js:29:28)
    at async Module.run (file:///home/runner/work/open-scans/open-scans/node_modules/@siteimprove/alfa-cli/bin/alfa/command/scrape/run.js:94:21)
    at async run (file:///home/runner/work/open-scans/open-scans/node_modules/@siteimprove/alfa-cli/bin/alfa/command/audit/run.js:31:24)",true,671,7,4,40,color-contrast;image-alt,,false,0,0,0,0,0,0,,Skipped (not requested),false,0,0,0,0,0,0,,Skipped (not requested),false,0,0,0,0,,Skipped (not requested),0,,Use Our Logo | WA.gov
63,WA.gov Washington State,chromium,both,desktop,1280,800,https://wa.gov/washingtons-it-strategic-plan,https://wa.gov/washingtons-it-strategic-plan,200,true,false,6338,false,0,0,0,0,,"Error: Could not find Chrome (ver. 145.0.7632.77). This can occur if either
 1. you did not perform an installation before running the script (e.g. `npx puppeteer browsers install chrome`) or
 2. your cache path is incorrectly configured (which is: /home/runner/.cache/puppeteer).
For (2), check out our guide on configuring puppeteer at https://pptr.dev/guides/configuration.
    at ChromeLauncher.resolveExecutablePath (file:///home/runner/work/open-scans/open-scans/node_modules/puppeteer-core/lib/esm/puppeteer/node/BrowserLauncher.js:298:27)
    at ChromeLauncher.computeLaunchArguments (file:///home/runner/work/open-scans/open-scans/node_modules/puppeteer-core/lib/esm/puppeteer/node/ChromeLauncher.js:86:24)
    at async ChromeLauncher.launch (file:///home/runner/work/open-scans/open-scans/node_modules/puppeteer-core/lib/esm/puppeteer/node/BrowserLauncher.js:49:28)
    at async Scraper.of (file:///home/runner/work/open-scans/open-scans/node_modules/@siteimprove/alfa-scraper/dist/scraper.js:29:28)
    at async Module.run (file:///home/runner/work/open-scans/open-scans/node_modules/@siteimprove/alfa-cli/bin/alfa/command/scrape/run.js:94:21)
    at async run (file:///home/runner/work/open-scans/open-scans/node_modules/@siteimprove/alfa-cli/bin/alfa/command/audit/run.js:31:24)",true,674,11,4,41,color-contrast;image-alt,,false,0,0,0,0,0,0,,Skipped (not requested),false,0,0,0,0,0,0,,Skipped (not requested),false,0,0,0,0,,Skipped (not requested),0,,Washington&#039;s IT Strategic Plan | WA.gov
63,WA.gov Washington State,chromium,both,desktop,1280,800,https://wa.gov/get-help/get-touch,https://wa.gov/get-help/get-touch,200,true,false,8294,false,0,0,0,0,,"Error: Could not find Chrome (ver. 145.0.7632.77). This can occur if either
 1. you did not perform an installation before running the script (e.g. `npx puppeteer browsers install chrome`) or
 2. your cache path is incorrectly configured (which is: /home/runner/.cache/puppeteer).
For (2), check out our guide on configuring puppeteer at https://pptr.dev/guides/configuration.
    at ChromeLauncher.resolveExecutablePath (file:///home/runner/work/open-scans/open-scans/node_modules/puppeteer-core/lib/esm/puppeteer/node/BrowserLauncher.js:298:27)
    at ChromeLauncher.computeLaunchArguments (file:///home/runner/work/open-scans/open-scans/node_modules/puppeteer-core/lib/esm/puppeteer/node/ChromeLauncher.js:86:24)
    at async ChromeLauncher.launch (file:///home/runner/work/open-scans/open-scans/node_modules/puppeteer-core/lib/esm/puppeteer/node/BrowserLauncher.js:49:28)
    at async Scraper.of (file:///home/runner/work/open-scans/open-scans/node_modules/@siteimprove/alfa-scraper/dist/scraper.js:29:28)
    at async Module.run (file:///home/runner/work/open-scans/open-scans/node_modules/@siteimprove/alfa-cli/bin/alfa/command/scrape/run.js:94:21)
    at async run (file:///home/runner/work/open-scans/open-scans/node_modules/@siteimprove/alfa-cli/bin/alfa/command/audit/run.js:31:24)",true,588,7,4,39,color-contrast;image-alt,,false,0,0,0,0,0,0,,Skipped (not requested),false,0,0,0,0,0,0,,Skipped (not requested),false,0,0,0,0,,Skipped (not requested),0,,Get in touch | WA.gov
63,WA.gov Washington State,chromium,both,desktop,1280,800,https://wa.gov/Get%20Help%20Finding%20Food,https://wa.gov/Get%20Help%20Finding%20Food,404,false,false,6300,false,0,0,0,0,,"Error: Could not find Chrome (ver. 145.0.7632.77). This can occur if either
 1. you did not perform an installation before running the script (e.g. `npx puppeteer browsers install chrome`) or
 2. your cache path is incorrectly configured (which is: /home/runner/.cache/puppeteer).
For (2), check out our guide on configuring puppeteer at https://pptr.dev/guides/configuration.
    at ChromeLauncher.resolveExecutablePath (file:///home/runner/work/open-scans/open-scans/node_modules/puppeteer-core/lib/esm/puppeteer/node/BrowserLauncher.js:298:27)
    at ChromeLauncher.computeLaunchArguments (file:///home/runner/work/open-scans/open-scans/node_modules/puppeteer-core/lib/esm/puppeteer/node/ChromeLauncher.js:86:24)
    at async ChromeLauncher.launch (file:///home/runner/work/open-scans/open-scans/node_modules/puppeteer-core/lib/esm/puppeteer/node/BrowserLauncher.js:49:28)
    at async Scraper.of (file:///home/runner/work/open-scans/open-scans/node_modules/@siteimprove/alfa-scraper/dist/scraper.js:29:28)
    at async Module.run (file:///home/runner/work/open-scans/open-scans/node_modules/@siteimprove/alfa-cli/bin/alfa/command/scrape/run.js:94:21)
    at async run (file:///home/runner/work/open-scans/open-scans/node_modules/@siteimprove/alfa-cli/bin/alfa/command/audit/run.js:31:24)",true,514,6,5,40,color-contrast;image-alt,,false,0,0,0,0,0,0,,Skipped (not requested),false,0,0,0,0,0,0,,Skipped (not requested),false,0,0,0,0,,Skipped (not requested),0,,Page not found | WA.gov
63,WA.gov Washington State,chromium,both,desktop,1280,800,https://wa.gov/health-safety/public-utilities,https://wa.gov/health-safety/public-utilities,200,true,false,6868,false,0,0,0,0,,"Error: Could not find Chrome (ver. 145.0.7632.77). This can occur if either
 1. you did not perform an installation before running the script (e.g. `npx puppeteer browsers install chrome`) or
 2. your cache path is incorrectly configured (which is: /home/runner/.cache/puppeteer).
For (2), check out our guide on configuring puppeteer at https://pptr.dev/guides/configuration.
    at ChromeLauncher.resolveExecutablePath (file:///home/runner/work/open-scans/open-scans/node_modules/puppeteer-core/lib/esm/puppeteer/node/BrowserLauncher.js:298:27)
    at ChromeLauncher.computeLaunchArguments (file:///home/runner/work/open-scans/open-scans/node_modules/puppeteer-core/lib/esm/puppeteer/node/ChromeLauncher.js:86:24)
    at async ChromeLauncher.launch (file:///home/runner/work/open-scans/open-scans/node_modules/puppeteer-core/lib/esm/puppeteer/node/BrowserLauncher.js:49:28)
    at async Scraper.of (file:///home/runner/work/open-scans/open-scans/node_modules/@siteimprove/alfa-scraper/dist/scraper.js:29:28)
    at async Module.run (file:///home/runner/work/open-scans/open-scans/node_modules/@siteimprove/alfa-cli/bin/alfa/command/scrape/run.js:94:21)
    at async run (file:///home/runner/work/open-scans/open-scans/node_modules/@siteimprove/alfa-cli/bin/alfa/command/audit/run.js:31:24)",true,1180,65,7,33,color-contrast;image-alt,,false,0,0,0,0,0,0,,Skipped (not requested),false,0,0,0,0,0,0,,Skipped (not requested),false,0,0,0,0,,Skipped (not requested),0,,List of public utilities in Washington | WA.gov
63,WA.gov Washington State,chromium,both,desktop,1280,800,https://wa.gov/people-with-disabilities/age-55-and-senior-blind-individuals,https://wa.gov/people-with-disabilities/age-55-and-senior-blind-individuals,200,true,false,9748,false,0,0,0,0,,"Error: Could not find Chrome (ver. 145.0.7632.77). This can occur if either
 1. you did not perform an installation before running the script (e.g. `npx puppeteer browsers install chrome`) or
 2. your cache path is incorrectly configured (which is: /home/runner/.cache/puppeteer).
For (2), check out our guide on configuring puppeteer at https://pptr.dev/guides/configuration.
    at ChromeLauncher.resolveExecutablePath (file:///home/runner/work/open-scans/open-scans/node_modules/puppeteer-core/lib/esm/puppeteer/node/BrowserLauncher.js:298:27)
    at ChromeLauncher.computeLaunchArguments (file:///home/runner/work/open-scans/open-scans/node_modules/puppeteer-core/lib/esm/puppeteer/node/ChromeLauncher.js:86:24)
    at async ChromeLauncher.launch (file:///home/runner/work/open-scans/open-scans/node_modules/puppeteer-core/lib/esm/puppeteer/node/BrowserLauncher.js:49:28)
    at async Scraper.of (file:///home/runner/work/open-scans/open-scans/node_modules/@siteimprove/alfa-scraper/dist/scraper.js:29:28)
    at async Module.run (file:///home/runner/work/open-scans/open-scans/node_modules/@siteimprove/alfa-cli/bin/alfa/command/scrape/run.js:94:21)
    at async run (file:///home/runner/work/open-scans/open-scans/node_modules/@siteimprove/alfa-cli/bin/alfa/command/audit/run.js:31:24)",true,594,14,4,40,color-contrast;image-alt,,false,0,0,0,0,0,0,,Skipped (not requested),false,0,0,0,0,0,0,,Skipped (not requested),false,0,0,0,0,,Skipped (not requested),0,,Age 55+ and Senior Blind Individuals | WA.gov
63,WA.gov Washington State,chromium,both,desktop,1280,800,https://wa.gov/people-with-disabilities/creating-disability-friendly-spaces,https://wa.gov/people-with-disabilities/creating-disability-friendly-spaces,200,true,false,9118,false,0,0,0,0,,"Error: Could not find Chrome (ver. 145.0.7632.77). This can occur if either
 1. you did not perform an installation before running the script (e.g. `npx puppeteer browsers install chrome`) or
 2. your cache path is incorrectly configured (which is: /home/runner/.cache/puppeteer).
For (2), check out our guide on configuring puppeteer at https://pptr.dev/guides/configuration.
    at ChromeLauncher.resolveExecutablePath (file:///home/runner/work/open-scans/open-scans/node_modules/puppeteer-core/lib/esm/puppeteer/node/BrowserLauncher.js:298:27)
    at ChromeLauncher.computeLaunchArguments (file:///home/runner/work/open-scans/open-scans/node_modules/puppeteer-core/lib/esm/puppeteer/node/ChromeLauncher.js:86:24)
    at async ChromeLauncher.launch (file:///home/runner/work/open-scans/open-scans/node_modules/puppeteer-core/lib/esm/puppeteer/node/BrowserLauncher.js:49:28)
    at async Scraper.of (file:///home/runner/work/open-scans/open-scans/node_modules/@siteimprove/alfa-scraper/dist/scraper.js:29:28)
    at async Module.run (file:///home/runner/work/open-scans/open-scans/node_modules/@siteimprove/alfa-cli/bin/alfa/command/scrape/run.js:94:21)
    at async run (file:///home/runner/work/open-scans/open-scans/node_modules/@siteimprove/alfa-cli/bin/alfa/command/audit/run.js:31:24)",true,631,20,4,40,color-contrast;image-alt,,false,0,0,0,0,0,0,,Skipped (not requested),false,0,0,0,0,0,0,,Skipped (not requested),false,0,0,0,0,,Skipped (not requested),0,,Creating Disability-Friendly Spaces | WA.gov
63,WA.gov Washington State,chromium,both,desktop,1280,800,https://wa.gov/people-with-disabilities/general-blindness-considerations,https://wa.gov/people-with-disabilities/general-blindness-considerations,200,true,false,6379,false,0,0,0,0,,"Error: Could not find Chrome (ver. 145.0.7632.77). This can occur if either
 1. you did not perform an installation before running the script (e.g. `npx puppeteer browsers install chrome`) or
 2. your cache path is incorrectly configured (which is: /home/runner/.cache/puppeteer).
For (2), check out our guide on configuring puppeteer at https://pptr.dev/guides/configuration.
    at ChromeLauncher.resolveExecutablePath (file:///home/runner/work/open-scans/open-scans/node_modules/puppeteer-core/lib/esm/puppeteer/node/BrowserLauncher.js:298:27)
    at ChromeLauncher.computeLaunchArguments (file:///home/runner/work/open-scans/open-scans/node_modules/puppeteer-core/lib/esm/puppeteer/node/ChromeLauncher.js:86:24)
    at async ChromeLauncher.launch (file:///home/runner/work/open-scans/open-scans/node_modules/puppeteer-core/lib/esm/puppeteer/node/BrowserLauncher.js:49:28)
    at async Scraper.of (file:///home/runner/work/open-scans/open-scans/node_modules/@siteimprove/alfa-scraper/dist/scraper.js:29:28)
    at async Module.run (file:///home/runner/work/open-scans/open-scans/node_modules/@siteimprove/alfa-cli/bin/alfa/command/scrape/run.js:94:21)
    at async run (file:///home/runner/work/open-scans/open-scans/node_modules/@siteimprove/alfa-cli/bin/alfa/command/audit/run.js:31:24)",true,569,10,4,40,color-contrast;image-alt,,false,0,0,0,0,0,0,,Skipped (not requested),false,0,0,0,0,0,0,,Skipped (not requested),false,0,0,0,0,,Skipped (not requested),0,,General Blindness Considerations | WA.gov
63,WA.gov Washington State,chromium,both,desktop,1280,800,https://wa.gov/people-with-disabilities/getting-what-you-need,https://wa.gov/people-with-disabilities/getting-what-you-need,200,true,false,6387,false,0,0,0,0,,"Error: Could not find Chrome (ver. 145.0.7632.77). This can occur if either
 1. you did not perform an installation before running the script (e.g. `npx puppeteer browsers install chrome`) or
 2. your cache path is incorrectly configured (which is: /home/runner/.cache/puppeteer).
For (2), check out our guide on configuring puppeteer at https://pptr.dev/guides/configuration.
    at ChromeLauncher.resolveExecutablePath (file:///home/runner/work/open-scans/open-scans/node_modules/puppeteer-core/lib/esm/puppeteer/node/BrowserLauncher.js:298:27)
    at ChromeLauncher.computeLaunchArguments (file:///home/runner/work/open-scans/open-scans/node_modules/puppeteer-core/lib/esm/puppeteer/node/ChromeLauncher.js:86:24)
    at async ChromeLauncher.launch (file:///home/runner/work/open-scans/open-scans/node_modules/puppeteer-core/lib/esm/puppeteer/node/BrowserLauncher.js:49:28)
    at async Scraper.of (file:///home/runner/work/open-scans/open-scans/node_modules/@siteimprove/alfa-scraper/dist/scraper.js:29:28)
    at async Module.run (file:///home/runner/work/open-scans/open-scans/node_modules/@siteimprove/alfa-cli/bin/alfa/command/scrape/run.js:94:21)
    at async run (file:///home/runner/work/open-scans/open-scans/node_modules/@siteimprove/alfa-cli/bin/alfa/command/audit/run.js:31:24)",true,760,37,4,40,color-contrast;image-alt,,false,0,0,0,0,0,0,,Skipped (not requested),false,0,0,0,0,0,0,,Skipped (not requested),false,0,0,0,0,,Skipped (not requested),0,,Getting What You Need | WA.gov
63,WA.gov Washington State,chromium,both,desktop,1280,800,https://wa.gov/people-with-disabilities/human-relations,https://wa.gov/people-with-disabilities/human-relations,200,true,false,7364,false,0,0,0,0,,"Error: Could not find Chrome (ver. 145.0.7632.77). This can occur if either
 1. you did not perform an installation before running the script (e.g. `npx puppeteer browsers install chrome`) or
 2. your cache path is incorrectly configured (which is: /home/runner/.cache/puppeteer).
For (2), check out our guide on configuring puppeteer at https://pptr.dev/guides/configuration.
    at ChromeLauncher.resolveExecutablePath (file:///home/runner/work/open-scans/open-scans/node_modules/puppeteer-core/lib/esm/puppeteer/node/BrowserLauncher.js:298:27)
    at ChromeLauncher.computeLaunchArguments (file:///home/runner/work/open-scans/open-scans/node_modules/puppeteer-core/lib/esm/puppeteer/node/ChromeLauncher.js:86:24)
    at async ChromeLauncher.launch (file:///home/runner/work/open-scans/open-scans/node_modules/puppeteer-core/lib/esm/puppeteer/node/BrowserLauncher.js:49:28)
    at async Scraper.of (file:///home/runner/work/open-scans/open-scans/node_modules/@siteimprove/alfa-scraper/dist/scraper.js:29:28)
    at async Module.run (file:///home/runner/work/open-scans/open-scans/node_modules/@siteimprove/alfa-cli/bin/alfa/command/scrape/run.js:94:21)
    at async run (file:///home/runner/work/open-scans/open-scans/node_modules/@siteimprove/alfa-cli/bin/alfa/command/audit/run.js:31:24)",true,658,25,4,40,color-contrast;image-alt,,false,0,0,0,0,0,0,,Skipped (not requested),false,0,0,0,0,0,0,,Skipped (not requested),false,0,0,0,0,,Skipped (not requested),0,,Human Relations | WA.gov
63,WA.gov Washington State,chromium,both,desktop,1280,800,https://wa.gov/people-with-disabilities/rights-and-self-advocacy,https://wa.gov/people-with-disabilities/rights-and-self-advocacy,200,true,false,8529,false,0,0,0,0,,"Error: Could not find Chrome (ver. 145.0.7632.77). This can occur if either
 1. you did not perform an installation before running the script (e.g. `npx puppeteer browsers install chrome`) or
 2. your cache path is incorrectly configured (which is: /home/runner/.cache/puppeteer).
For (2), check out our guide on configuring puppeteer at https://pptr.dev/guides/configuration.
    at ChromeLauncher.resolveExecutablePath (file:///home/runner/work/open-scans/open-scans/node_modules/puppeteer-core/lib/esm/puppeteer/node/BrowserLauncher.js:298:27)
    at ChromeLauncher.computeLaunchArguments (file:///home/runner/work/open-scans/open-scans/node_modules/puppeteer-core/lib/esm/puppeteer/node/ChromeLauncher.js:86:24)
    at async ChromeLauncher.launch (file:///home/runner/work/open-scans/open-scans/node_modules/puppeteer-core/lib/esm/puppeteer/node/BrowserLauncher.js:49:28)
    at async Scraper.of (file:///home/runner/work/open-scans/open-scans/node_modules/@siteimprove/alfa-scraper/dist/scraper.js:29:28)
    at async Module.run (file:///home/runner/work/open-scans/open-scans/node_modules/@siteimprove/alfa-cli/bin/alfa/command/scrape/run.js:94:21)
    at async run (file:///home/runner/work/open-scans/open-scans/node_modules/@siteimprove/alfa-cli/bin/alfa/command/audit/run.js:31:24)",true,758,42,4,40,color-contrast;image-alt,,false,0,0,0,0,0,0,,Skipped (not requested),false,0,0,0,0,0,0,,Skipped (not requested),false,0,0,0,0,,Skipped (not requested),0,,Rights and Self-Advocacy | WA.gov
63,WA.gov Washington State,chromium,both,desktop,1280,800,https://wa.gov/recreation/parks,https://wa.gov/recreation/parks,200,true,false,10597,false,0,0,0,0,,"Error: Could not find Chrome (ver. 145.0.7632.77). This can occur if either
 1. you did not perform an installation before running the script (e.g. `npx puppeteer browsers install chrome`) or
 2. your cache path is incorrectly configured (which is: /home/runner/.cache/puppeteer).
For (2), check out our guide on configuring puppeteer at https://pptr.dev/guides/configuration.
    at ChromeLauncher.resolveExecutablePath (file:///home/runner/work/open-scans/open-scans/node_modules/puppeteer-core/lib/esm/puppeteer/node/BrowserLauncher.js:298:27)
    at ChromeLauncher.computeLaunchArguments (file:///home/runner/work/open-scans/open-scans/node_modules/puppeteer-core/lib/esm/puppeteer/node/ChromeLauncher.js:86:24)
    at async ChromeLauncher.launch (file:///home/runner/work/open-scans/open-scans/node_modules/puppeteer-core/lib/esm/puppeteer/node/BrowserLauncher.js:49:28)
    at async Scraper.of (file:///home/runner/work/open-scans/open-scans/node_modules/@siteimprove/alfa-scraper/dist/scraper.js:29:28)
    at async Module.run (file:///home/runner/work/open-scans/open-scans/node_modules/@siteimprove/alfa-cli/bin/alfa/command/scrape/run.js:94:21)
    at async run (file:///home/runner/work/open-scans/open-scans/node_modules/@siteimprove/alfa-cli/bin/alfa/command/audit/run.js:31:24)",true,972,33,4,40,color-contrast;image-alt,,false,0,0,0,0,0,0,,Skipped (not requested),false,0,0,0,0,0,0,,Skipped (not requested),false,0,0,0,0,,Skipped (not requested),0,,Parks in Washington State | WA.gov
63,WA.gov Washington State,chromium,both,desktop,1280,800,https://wa.gov/work/professional-licenses,https://wa.gov/work/professional-licenses,200,true,false,11720,false,0,0,0,0,,"Error: Could not find Chrome (ver. 145.0.7632.77). This can occur if either
 1. you did not perform an installation before running the script (e.g. `npx puppeteer browsers install chrome`) or
 2. your cache path is incorrectly configured (which is: /home/runner/.cache/puppeteer).
For (2), check out our guide on configuring puppeteer at https://pptr.dev/guides/configuration.
    at ChromeLauncher.resolveExecutablePath (file:///home/runner/work/open-scans/open-scans/node_modules/puppeteer-core/lib/esm/puppeteer/node/BrowserLauncher.js:298:27)
    at ChromeLauncher.computeLaunchArguments (file:///home/runner/work/open-scans/open-scans/node_modules/puppeteer-core/lib/esm/puppeteer/node/ChromeLauncher.js:86:24)
    at async ChromeLauncher.launch (file:///home/runner/work/open-scans/open-scans/node_modules/puppeteer-core/lib/esm/puppeteer/node/BrowserLauncher.js:49:28)
    at async Scraper.of (file:///home/runner/work/open-scans/open-scans/node_modules/@siteimprove/alfa-scraper/dist/scraper.js:29:28)
    at async Module.run (file:///home/runner/work/open-scans/open-scans/node_modules/@siteimprove/alfa-cli/bin/alfa/command/scrape/run.js:94:21)
    at async run (file:///home/runner/work/open-scans/open-scans/node_modules/@siteimprove/alfa-cli/bin/alfa/command/audit/run.js:31:24)",true,2625,252,5,38,color-contrast;heading-order;image-alt,,false,0,0,0,0,0,0,,Skipped (not requested),false,0,0,0,0,0,0,,Skipped (not requested),false,0,0,0,0,,Skipped (not requested),0,,Professional Licenses | WA.gov
63,WA.gov Washington State,chromium,both,desktop,1280,800,https://wa.gov/how-to-guides/get-help-finding-food,https://wa.gov/how-to-guides/get-help-finding-food,200,true,false,6318,false,0,0,0,0,,"Error: Could not find Chrome (ver. 145.0.7632.77). This can occur if either
 1. you did not perform an installation before running the script (e.g. `npx puppeteer browsers install chrome`) or
 2. your cache path is incorrectly configured (which is: /home/runner/.cache/puppeteer).
For (2), check out our guide on configuring puppeteer at https://pptr.dev/guides/configuration.
    at ChromeLauncher.resolveExecutablePath (file:///home/runner/work/open-scans/open-scans/node_modules/puppeteer-core/lib/esm/puppeteer/node/BrowserLauncher.js:298:27)
    at ChromeLauncher.computeLaunchArguments (file:///home/runner/work/open-scans/open-scans/node_modules/puppeteer-core/lib/esm/puppeteer/node/ChromeLauncher.js:86:24)
    at async ChromeLauncher.launch (file:///home/runner/work/open-scans/open-scans/node_modules/puppeteer-core/lib/esm/puppeteer/node/BrowserLauncher.js:49:28)
    at async Scraper.of (file:///home/runner/work/open-scans/open-scans/node_modules/@siteimprove/alfa-scraper/dist/scraper.js:29:28)
    at async Module.run (file:///home/runner/work/open-scans/open-scans/node_modules/@siteimprove/alfa-cli/bin/alfa/command/scrape/run.js:94:21)
    at async run (file:///home/runner/work/open-scans/open-scans/node_modules/@siteimprove/alfa-cli/bin/alfa/command/audit/run.js:31:24)",true,641,19,6,39,color-contrast;image-alt;region,,false,0,0,0,0,0,0,,Skipped (not requested),false,0,0,0,0,0,0,,Skipped (not requested),false,0,0,0,0,,Skipped (not requested),0,,Get Help Finding Food | WA.gov
63,WA.gov Washington State,chromium,both,desktop,1280,800,https://wa.gov/SecureAccess%20Washington%20%28SAW%29%20Login%20for%20State%20Services,https://wa.gov/SecureAccess%20Washington%20%28SAW%29%20Login%20for%20State%20Services,404,false,false,12770,false,0,0,0,0,,"Error: Could not find Chrome (ver. 145.0.7632.77). This can occur if either
 1. you did not perform an installation before running the script (e.g. `npx puppeteer browsers install chrome`) or
 2. your cache path is incorrectly configured (which is: /home/runner/.cache/puppeteer).
For (2), check out our guide on configuring puppeteer at https://pptr.dev/guides/configuration.
    at ChromeLauncher.resolveExecutablePath (file:///home/runner/work/open-scans/open-scans/node_modules/puppeteer-core/lib/esm/puppeteer/node/BrowserLauncher.js:298:27)
    at ChromeLauncher.computeLaunchArguments (file:///home/runner/work/open-scans/open-scans/node_modules/puppeteer-core/lib/esm/puppeteer/node/ChromeLauncher.js:86:24)
    at async ChromeLauncher.launch (file:///home/runner/work/open-scans/open-scans/node_modules/puppeteer-core/lib/esm/puppeteer/node/BrowserLauncher.js:49:28)
    at async Scraper.of (file:///home/runner/work/open-scans/open-scans/node_modules/@siteimprove/alfa-scraper/dist/scraper.js:29:28)
    at async Module.run (file:///home/runner/work/open-scans/open-scans/node_modules/@siteimprove/alfa-cli/bin/alfa/command/scrape/run.js:94:21)
    at async run (file:///home/runner/work/open-scans/open-scans/node_modules/@siteimprove/alfa-cli/bin/alfa/command/audit/run.js:31:24)",true,514,6,5,40,color-contrast;image-alt,,false,0,0,0,0,0,0,,Skipped (not requested),false,0,0,0,0,0,0,,Skipped (not requested),false,0,0,0,0,,Skipped (not requested),0,,Page not found | WA.gov
63,WA.gov Washington State,chromium,both,desktop,1280,800,https://wa.gov/how-to-guides/secureaccess-washington-saw-login-state-services,https://wa.gov/how-to-guides/secureaccess-washington-saw-login-state-services,200,true,false,6311,false,0,0,0,0,,"Error: Could not find Chrome (ver. 145.0.7632.77). This can occur if either
 1. you did not perform an installation before running the script (e.g. `npx puppeteer browsers install chrome`) or
 2. your cache path is incorrectly configured (which is: /home/runner/.cache/puppeteer).
For (2), check out our guide on configuring puppeteer at https://pptr.dev/guides/configuration.
    at ChromeLauncher.resolveExecutablePath (file:///home/runner/work/open-scans/open-scans/node_modules/puppeteer-core/lib/esm/puppeteer/node/BrowserLauncher.js:298:27)
    at ChromeLauncher.computeLaunchArguments (file:///home/runner/work/open-scans/open-scans/node_modules/puppeteer-core/lib/esm/puppeteer/node/ChromeLauncher.js:86:24)
    at async ChromeLauncher.launch (file:///home/runner/work/open-scans/open-scans/node_modules/puppeteer-core/lib/esm/puppeteer/node/BrowserLauncher.js:49:28)
    at async Scraper.of (file:///home/runner/work/open-scans/open-scans/node_modules/@siteimprove/alfa-scraper/dist/scraper.js:29:28)
    at async Module.run (file:///home/runner/work/open-scans/open-scans/node_modules/@siteimprove/alfa-cli/bin/alfa/command/scrape/run.js:94:21)
    at async run (file:///home/runner/work/open-scans/open-scans/node_modules/@siteimprove/alfa-cli/bin/alfa/command/audit/run.js:31:24)",true,743,8,6,39,color-contrast;image-alt;region,,false,0,0,0,0,0,0,,Skipped (not requested),false,0,0,0,0,0,0,,Skipped (not requested),false,0,0,0,0,,Skipped (not requested),0,,SecureAccess Washington (SAW) Login for State Services | WA.gov
63,WA.gov Washington State,chromium,both,desktop,1280,800,https://wa.gov/Accessing%20Government%20Assistance,https://wa.gov/Accessing%20Government%20Assistance,404,false,false,6699,false,0,0,0,0,,"Error: Could not find Chrome (ver. 145.0.7632.77). This can occur if either
 1. you did not perform an installation before running the script (e.g. `npx puppeteer browsers install chrome`) or
 2. your cache path is incorrectly configured (which is: /home/runner/.cache/puppeteer).
For (2), check out our guide on configuring puppeteer at https://pptr.dev/guides/configuration.
    at ChromeLauncher.resolveExecutablePath (file:///home/runner/work/open-scans/open-scans/node_modules/puppeteer-core/lib/esm/puppeteer/node/BrowserLauncher.js:298:27)
    at ChromeLauncher.computeLaunchArguments (file:///home/runner/work/open-scans/open-scans/node_modules/puppeteer-core/lib/esm/puppeteer/node/ChromeLauncher.js:86:24)
    at async ChromeLauncher.launch (file:///home/runner/work/open-scans/open-scans/node_modules/puppeteer-core/lib/esm/puppeteer/node/BrowserLauncher.js:49:28)
    at async Scraper.of (file:///home/runner/work/open-scans/open-scans/node_modules/@siteimprove/alfa-scraper/dist/scraper.js:29:28)
    at async Module.run (file:///home/runner/work/open-scans/open-scans/node_modules/@siteimprove/alfa-cli/bin/alfa/command/scrape/run.js:94:21)
    at async run (file:///home/runner/work/open-scans/open-scans/node_modules/@siteimprove/alfa-cli/bin/alfa/command/audit/run.js:31:24)",true,514,6,5,40,color-contrast;image-alt,,false,0,0,0,0,0,0,,Skipped (not requested),false,0,0,0,0,0,0,,Skipped (not requested),false,0,0,0,0,,Skipped (not requested),0,,Page not found | WA.gov
63,WA.gov Washington State,chromium,both,desktop,1280,800,https://wa.gov/agency,https://wa.gov/agency,200,true,false,9914,false,0,0,0,0,,"Error: Could not find Chrome (ver. 145.0.7632.77). This can occur if either
 1. you did not perform an installation before running the script (e.g. `npx puppeteer browsers install chrome`) or
 2. your cache path is incorrectly configured (which is: /home/runner/.cache/puppeteer).
For (2), check out our guide on configuring puppeteer at https://pptr.dev/guides/configuration.
    at ChromeLauncher.resolveExecutablePath (file:///home/runner/work/open-scans/open-scans/node_modules/puppeteer-core/lib/esm/puppeteer/node/BrowserLauncher.js:298:27)
    at ChromeLauncher.computeLaunchArguments (file:///home/runner/work/open-scans/open-scans/node_modules/puppeteer-core/lib/esm/puppeteer/node/ChromeLauncher.js:86:24)
    at async ChromeLauncher.launch (file:///home/runner/work/open-scans/open-scans/node_modules/puppeteer-core/lib/esm/puppeteer/node/BrowserLauncher.js:49:28)
    at async Scraper.of (file:///home/runner/work/open-scans/open-scans/node_modules/@siteimprove/alfa-scraper/dist/scraper.js:29:28)
    at async Module.run (file:///home/runner/work/open-scans/open-scans/node_modules/@siteimprove/alfa-cli/bin/alfa/command/scrape/run.js:94:21)
    at async run (file:///home/runner/work/open-scans/open-scans/node_modules/@siteimprove/alfa-cli/bin/alfa/command/audit/run.js:31:24)",true,4049,99,567,40,color-contrast;image-alt,,false,0,0,0,0,0,0,,Skipped (not requested),false,0,0,0,0,0,0,,Skipped (not requested),false,0,0,0,0,,Skipped (not requested),0,,Government Agency Directory | WA.gov
63,WA.gov Washington State,chromium,both,desktop,1280,800,https://wa.gov/businesses,https://wa.gov/businesses,200,true,false,8700,false,0,0,0,0,,"Error: Could not find Chrome (ver. 145.0.7632.77). This can occur if either
 1. you did not perform an installation before running the script (e.g. `npx puppeteer browsers install chrome`) or
 2. your cache path is incorrectly configured (which is: /home/runner/.cache/puppeteer).
For (2), check out our guide on configuring puppeteer at https://pptr.dev/guides/configuration.
    at ChromeLauncher.resolveExecutablePath (file:///home/runner/work/open-scans/open-scans/node_modules/puppeteer-core/lib/esm/puppeteer/node/BrowserLauncher.js:298:27)
    at ChromeLauncher.computeLaunchArguments (file:///home/runner/work/open-scans/open-scans/node_modules/puppeteer-core/lib/esm/puppeteer/node/ChromeLauncher.js:86:24)
    at async ChromeLauncher.launch (file:///home/runner/work/open-scans/open-scans/node_modules/puppeteer-core/lib/esm/puppeteer/node/BrowserLauncher.js:49:28)
    at async Scraper.of (file:///home/runner/work/open-scans/open-scans/node_modules/@siteimprove/alfa-scraper/dist/scraper.js:29:28)
    at async Module.run (file:///home/runner/work/open-scans/open-scans/node_modules/@siteimprove/alfa-cli/bin/alfa/command/scrape/run.js:94:21)
    at async run (file:///home/runner/work/open-scans/open-scans/node_modules/@siteimprove/alfa-cli/bin/alfa/command/audit/run.js:31:24)",true,679,32,9,40,color-contrast;image-alt;link-name;region,,false,0,0,0,0,0,0,,Skipped (not requested),false,0,0,0,0,0,0,,Skipped (not requested),false,0,0,0,0,,Skipped (not requested),0,,Businesses | WA.gov
63,WA.gov Washington State,chromium,both,desktop,1280,800,https://wa.gov/education,https://wa.gov/education,200,true,false,8270,false,0,0,0,0,,"Error: Could not find Chrome (ver. 145.0.7632.77). This can occur if either
 1. you did not perform an installation before running the script (e.g. `npx puppeteer browsers install chrome`) or
 2. your cache path is incorrectly configured (which is: /home/runner/.cache/puppeteer).
For (2), check out our guide on configuring puppeteer at https://pptr.dev/guides/configuration.
    at ChromeLauncher.resolveExecutablePath (file:///home/runner/work/open-scans/open-scans/node_modules/puppeteer-core/lib/esm/puppeteer/node/BrowserLauncher.js:298:27)
    at ChromeLauncher.computeLaunchArguments (file:///home/runner/work/open-scans/open-scans/node_modules/puppeteer-core/lib/esm/puppeteer/node/ChromeLauncher.js:86:24)
    at async ChromeLauncher.launch (file:///home/runner/work/open-scans/open-scans/node_modules/puppeteer-core/lib/esm/puppeteer/node/BrowserLauncher.js:49:28)
    at async Scraper.of (file:///home/runner/work/open-scans/open-scans/node_modules/@siteimprove/alfa-scraper/dist/scraper.js:29:28)
    at async Module.run (file:///home/runner/work/open-scans/open-scans/node_modules/@siteimprove/alfa-cli/bin/alfa/command/scrape/run.js:94:21)
    at async run (file:///home/runner/work/open-scans/open-scans/node_modules/@siteimprove/alfa-cli/bin/alfa/command/audit/run.js:31:24)",true,771,24,8,39,color-contrast;image-alt;region,,false,0,0,0,0,0,0,,Skipped (not requested),false,0,0,0,0,0,0,,Skipped (not requested),false,0,0,0,0,,Skipped (not requested),0,,Education | WA.gov
63,WA.gov Washington State,chromium,both,desktop,1280,800,https://wa.gov/families,https://wa.gov/families,200,true,false,7642,false,0,0,0,0,,"Error: Could not find Chrome (ver. 145.0.7632.77). This can occur if either
 1. you did not perform an installation before running the script (e.g. `npx puppeteer browsers install chrome`) or
 2. your cache path is incorrectly configured (which is: /home/runner/.cache/puppeteer).
For (2), check out our guide on configuring puppeteer at https://pptr.dev/guides/configuration.
    at ChromeLauncher.resolveExecutablePath (file:///home/runner/work/open-scans/open-scans/node_modules/puppeteer-core/lib/esm/puppeteer/node/BrowserLauncher.js:298:27)
    at ChromeLauncher.computeLaunchArguments (file:///home/runner/work/open-scans/open-scans/node_modules/puppeteer-core/lib/esm/puppeteer/node/ChromeLauncher.js:86:24)
    at async ChromeLauncher.launch (file:///home/runner/work/open-scans/open-scans/node_modules/puppeteer-core/lib/esm/puppeteer/node/BrowserLauncher.js:49:28)
    at async Scraper.of (file:///home/runner/work/open-scans/open-scans/node_modules/@siteimprove/alfa-scraper/dist/scraper.js:29:28)
    at async Module.run (file:///home/runner/work/open-scans/open-scans/node_modules/@siteimprove/alfa-cli/bin/alfa/command/scrape/run.js:94:21)
    at async run (file:///home/runner/work/open-scans/open-scans/node_modules/@siteimprove/alfa-cli/bin/alfa/command/audit/run.js:31:24)",true,799,60,9,40,color-contrast;image-alt;link-name;region,,false,0,0,0,0,0,0,,Skipped (not requested),false,0,0,0,0,0,0,,Skipped (not requested),false,0,0,0,0,,Skipped (not requested),0,,Families | WA.gov
63,WA.gov Washington State,chromium,both,desktop,1280,800,https://wa.gov/File%20a%20Complaint,https://wa.gov/File%20a%20Complaint,404,false,false,7126,false,0,0,0,0,,"Error: Could not find Chrome (ver. 145.0.7632.77). This can occur if either
 1. you did not perform an installation before running the script (e.g. `npx puppeteer browsers install chrome`) or
 2. your cache path is incorrectly configured (which is: /home/runner/.cache/puppeteer).
For (2), check out our guide on configuring puppeteer at https://pptr.dev/guides/configuration.
    at ChromeLauncher.resolveExecutablePath (file:///home/runner/work/open-scans/open-scans/node_modules/puppeteer-core/lib/esm/puppeteer/node/BrowserLauncher.js:298:27)
    at ChromeLauncher.computeLaunchArguments (file:///home/runner/work/open-scans/open-scans/node_modules/puppeteer-core/lib/esm/puppeteer/node/ChromeLauncher.js:86:24)
    at async ChromeLauncher.launch (file:///home/runner/work/open-scans/open-scans/node_modules/puppeteer-core/lib/esm/puppeteer/node/BrowserLauncher.js:49:28)
    at async Scraper.of (file:///home/runner/work/open-scans/open-scans/node_modules/@siteimprove/alfa-scraper/dist/scraper.js:29:28)
    at async Module.run (file:///home/runner/work/open-scans/open-scans/node_modules/@siteimprove/alfa-cli/bin/alfa/command/scrape/run.js:94:21)
    at async run (file:///home/runner/work/open-scans/open-scans/node_modules/@siteimprove/alfa-cli/bin/alfa/command/audit/run.js:31:24)",true,514,6,5,40,color-contrast;image-alt,,false,0,0,0,0,0,0,,Skipped (not requested),false,0,0,0,0,0,0,,Skipped (not requested),false,0,0,0,0,,Skipped (not requested),0,,Page not found | WA.gov
63,WA.gov Washington State,chromium,both,desktop,1280,800,https://wa.gov/health-and-safety,https://wa.gov/health-and-safety,200,true,false,9073,false,0,0,0,0,,"Error: Could not find Chrome (ver. 145.0.7632.77). This can occur if either
 1. you did not perform an installation before running the script (e.g. `npx puppeteer browsers install chrome`) or
 2. your cache path is incorrectly configured (which is: /home/runner/.cache/puppeteer).
For (2), check out our guide on configuring puppeteer at https://pptr.dev/guides/configuration.
    at ChromeLauncher.resolveExecutablePath (file:///home/runner/work/open-scans/open-scans/node_modules/puppeteer-core/lib/esm/puppeteer/node/BrowserLauncher.js:298:27)
    at ChromeLauncher.computeLaunchArguments (file:///home/runner/work/open-scans/open-scans/node_modules/puppeteer-core/lib/esm/puppeteer/node/ChromeLauncher.js:86:24)
    at async ChromeLauncher.launch (file:///home/runner/work/open-scans/open-scans/node_modules/puppeteer-core/lib/esm/puppeteer/node/BrowserLauncher.js:49:28)
    at async Scraper.of (file:///home/runner/work/open-scans/open-scans/node_modules/@siteimprove/alfa-scraper/dist/scraper.js:29:28)
    at async Module.run (file:///home/runner/work/open-scans/open-scans/node_modules/@siteimprove/alfa-cli/bin/alfa/command/scrape/run.js:94:21)
    at async run (file:///home/runner/work/open-scans/open-scans/node_modules/@siteimprove/alfa-cli/bin/alfa/command/audit/run.js:31:24)",true,1043,60,9,39,color-contrast;image-alt;region,,false,0,0,0,0,0,0,,Skipped (not requested),false,0,0,0,0,0,0,,Skipped (not requested),false,0,0,0,0,,Skipped (not requested),0,,Health &amp; Safety | WA.gov
63,WA.gov Washington State,chromium,both,desktop,1280,800,https://wa.gov/Historic%20Flood%20Emergency%3A%20Financial%20Resources%20and%20Recovery%20for%20Washingtonians,https://wa.gov/Historic%20Flood%20Emergency%3A%20Financial%20Resources%20and%20Recovery%20for%20Washingtonians,404,false,false,6262,false,0,0,0,0,,"Error: Could not find Chrome (ver. 145.0.7632.77). This can occur if either
 1. you did not perform an installation before running the script (e.g. `npx puppeteer browsers install chrome`) or
 2. your cache path is incorrectly configured (which is: /home/runner/.cache/puppeteer).
For (2), check out our guide on configuring puppeteer at https://pptr.dev/guides/configuration.
    at ChromeLauncher.resolveExecutablePath (file:///home/runner/work/open-scans/open-scans/node_modules/puppeteer-core/lib/esm/puppeteer/node/BrowserLauncher.js:298:27)
    at ChromeLauncher.computeLaunchArguments (file:///home/runner/work/open-scans/open-scans/node_modules/puppeteer-core/lib/esm/puppeteer/node/ChromeLauncher.js:86:24)
    at async ChromeLauncher.launch (file:///home/runner/work/open-scans/open-scans/node_modules/puppeteer-core/lib/esm/puppeteer/node/BrowserLauncher.js:49:28)
    at async Scraper.of (file:///home/runner/work/open-scans/open-scans/node_modules/@siteimprove/alfa-scraper/dist/scraper.js:29:28)
    at async Module.run (file:///home/runner/work/open-scans/open-scans/node_modules/@siteimprove/alfa-cli/bin/alfa/command/scrape/run.js:94:21)
    at async run (file:///home/runner/work/open-scans/open-scans/node_modules/@siteimprove/alfa-cli/bin/alfa/command/audit/run.js:31:24)",true,514,6,5,40,color-contrast;image-alt,,false,0,0,0,0,0,0,,Skipped (not requested),false,0,0,0,0,0,0,,Skipped (not requested),false,0,0,0,0,,Skipped (not requested),0,,Page not found | WA.gov
63,WA.gov Washington State,chromium,both,desktop,1280,800,https://wa.gov/Housing%20Assistance,https://wa.gov/Housing%20Assistance,404,false,false,6312,false,0,0,0,0,,"Error: Could not find Chrome (ver. 145.0.7632.77). This can occur if either
 1. you did not perform an installation before running the script (e.g. `npx puppeteer browsers install chrome`) or
 2. your cache path is incorrectly configured (which is: /home/runner/.cache/puppeteer).
For (2), check out our guide on configuring puppeteer at https://pptr.dev/guides/configuration.
    at ChromeLauncher.resolveExecutablePath (file:///home/runner/work/open-scans/open-scans/node_modules/puppeteer-core/lib/esm/puppeteer/node/BrowserLauncher.js:298:27)
    at ChromeLauncher.computeLaunchArguments (file:///home/runner/work/open-scans/open-scans/node_modules/puppeteer-core/lib/esm/puppeteer/node/ChromeLauncher.js:86:24)
    at async ChromeLauncher.launch (file:///home/runner/work/open-scans/open-scans/node_modules/puppeteer-core/lib/esm/puppeteer/node/BrowserLauncher.js:49:28)
    at async Scraper.of (file:///home/runner/work/open-scans/open-scans/node_modules/@siteimprove/alfa-scraper/dist/scraper.js:29:28)
    at async Module.run (file:///home/runner/work/open-scans/open-scans/node_modules/@siteimprove/alfa-cli/bin/alfa/command/scrape/run.js:94:21)
    at async run (file:///home/runner/work/open-scans/open-scans/node_modules/@siteimprove/alfa-cli/bin/alfa/command/audit/run.js:31:24)",true,514,6,5,40,color-contrast;image-alt,,false,0,0,0,0,0,0,,Skipped (not requested),false,0,0,0,0,0,0,,Skipped (not requested),false,0,0,0,0,,Skipped (not requested),0,,Page not found | WA.gov
63,WA.gov Washington State,chromium,both,desktop,1280,800,https://wa.gov/how-to-guides,https://wa.gov/how-to-guides,200,true,false,9991,false,0,0,0,0,,"Error: Could not find Chrome (ver. 145.0.7632.77). This can occur if either
 1. you did not perform an installation before running the script (e.g. `npx puppeteer browsers install chrome`) or
 2. your cache path is incorrectly configured (which is: /home/runner/.cache/puppeteer).
For (2), check out our guide on configuring puppeteer at https://pptr.dev/guides/configuration.
    at ChromeLauncher.resolveExecutablePath (file:///home/runner/work/open-scans/open-scans/node_modules/puppeteer-core/lib/esm/puppeteer/node/BrowserLauncher.js:298:27)
    at ChromeLauncher.computeLaunchArguments (file:///home/runner/work/open-scans/open-scans/node_modules/puppeteer-core/lib/esm/puppeteer/node/ChromeLauncher.js:86:24)
    at async ChromeLauncher.launch (file:///home/runner/work/open-scans/open-scans/node_modules/puppeteer-core/lib/esm/puppeteer/node/BrowserLauncher.js:49:28)
    at async Scraper.of (file:///home/runner/work/open-scans/open-scans/node_modules/@siteimprove/alfa-scraper/dist/scraper.js:29:28)
    at async Module.run (file:///home/runner/work/open-scans/open-scans/node_modules/@siteimprove/alfa-cli/bin/alfa/command/scrape/run.js:94:21)
    at async run (file:///home/runner/work/open-scans/open-scans/node_modules/@siteimprove/alfa-cli/bin/alfa/command/audit/run.js:31:24)",true,811,3,4,39,color-contrast;heading-order;image-alt,,false,0,0,0,0,0,0,,Skipped (not requested),false,0,0,0,0,0,0,,Skipped (not requested),false,0,0,0,0,,Skipped (not requested),0,,How-to Guides | WA.gov
63,WA.gov Washington State,chromium,both,desktop,1280,800,https://wa.gov/news,https://wa.gov/news,200,true,false,7209,false,0,0,0,0,,"Error: Could not find Chrome (ver. 145.0.7632.77). This can occur if either
 1. you did not perform an installation before running the script (e.g. `npx puppeteer browsers install chrome`) or
 2. your cache path is incorrectly configured (which is: /home/runner/.cache/puppeteer).
For (2), check out our guide on configuring puppeteer at https://pptr.dev/guides/configuration.
    at ChromeLauncher.resolveExecutablePath (file:///home/runner/work/open-scans/open-scans/node_modules/puppeteer-core/lib/esm/puppeteer/node/BrowserLauncher.js:298:27)
    at ChromeLauncher.computeLaunchArguments (file:///home/runner/work/open-scans/open-scans/node_modules/puppeteer-core/lib/esm/puppeteer/node/ChromeLauncher.js:86:24)
    at async ChromeLauncher.launch (file:///home/runner/work/open-scans/open-scans/node_modules/puppeteer-core/lib/esm/puppeteer/node/BrowserLauncher.js:49:28)
    at async Scraper.of (file:///home/runner/work/open-scans/open-scans/node_modules/@siteimprove/alfa-scraper/dist/scraper.js:29:28)
    at async Module.run (file:///home/runner/work/open-scans/open-scans/node_modules/@siteimprove/alfa-cli/bin/alfa/command/scrape/run.js:94:21)
    at async run (file:///home/runner/work/open-scans/open-scans/node_modules/@siteimprove/alfa-cli/bin/alfa/command/audit/run.js:31:24)",true,781,22,4,41,color-contrast;image-alt,,false,0,0,0,0,0,0,,Skipped (not requested),false,0,0,0,0,0,0,,Skipped (not requested),false,0,0,0,0,,Skipped (not requested),0,,News | WA.gov
63,WA.gov Washington State,chromium,both,desktop,1280,800,https://wa.gov/node,https://wa.gov/,200,true,true,7896,false,0,0,0,0,,"Error: Could not find Chrome (ver. 145.0.7632.77). This can occur if either
 1. you did not perform an installation before running the script (e.g. `npx puppeteer browsers install chrome`) or
 2. your cache path is incorrectly configured (which is: /home/runner/.cache/puppeteer).
For (2), check out our guide on configuring puppeteer at https://pptr.dev/guides/configuration.
    at ChromeLauncher.resolveExecutablePath (file:///home/runner/work/open-scans/open-scans/node_modules/puppeteer-core/lib/esm/puppeteer/node/BrowserLauncher.js:298:27)
    at ChromeLauncher.computeLaunchArguments (file:///home/runner/work/open-scans/open-scans/node_modules/puppeteer-core/lib/esm/puppeteer/node/ChromeLauncher.js:86:24)
    at async ChromeLauncher.launch (file:///home/runner/work/open-scans/open-scans/node_modules/puppeteer-core/lib/esm/puppeteer/node/BrowserLauncher.js:49:28)
    at async Scraper.of (file:///home/runner/work/open-scans/open-scans/node_modules/@siteimprove/alfa-scraper/dist/scraper.js:29:28)
    at async Module.run (file:///home/runner/work/open-scans/open-scans/node_modules/@siteimprove/alfa-cli/bin/alfa/command/scrape/run.js:94:21)
    at async run (file:///home/runner/work/open-scans/open-scans/node_modules/@siteimprove/alfa-cli/bin/alfa/command/audit/run.js:31:24)",true,878,2,5,41,image-alt;label-title-only,,false,0,0,0,0,0,0,,Skipped (not requested),false,0,0,0,0,0,0,,Skipped (not requested),false,0,0,0,0,,Skipped (not requested),0,,| WA.gov
63,WA.gov Washington State,chromium,both,desktop,1280,800,https://wa.gov/Protecting%20Your%20Community%20from%20Wildfire,https://wa.gov/Protecting%20Your%20Community%20from%20Wildfire,404,false,false,10680,false,0,0,0,0,,"Error: Could not find Chrome (ver. 145.0.7632.77). This can occur if either
 1. you did not perform an installation before running the script (e.g. `npx puppeteer browsers install chrome`) or
 2. your cache path is incorrectly configured (which is: /home/runner/.cache/puppeteer).
For (2), check out our guide on configuring puppeteer at https://pptr.dev/guides/configuration.
    at ChromeLauncher.resolveExecutablePath (file:///home/runner/work/open-scans/open-scans/node_modules/puppeteer-core/lib/esm/puppeteer/node/BrowserLauncher.js:298:27)
    at ChromeLauncher.computeLaunchArguments (file:///home/runner/work/open-scans/open-scans/node_modules/puppeteer-core/lib/esm/puppeteer/node/ChromeLauncher.js:86:24)
    at async ChromeLauncher.launch (file:///home/runner/work/open-scans/open-scans/node_modules/puppeteer-core/lib/esm/puppeteer/node/BrowserLauncher.js:49:28)
    at async Scraper.of (file:///home/runner/work/open-scans/open-scans/node_modules/@siteimprove/alfa-scraper/dist/scraper.js:29:28)
    at async Module.run (file:///home/runner/work/open-scans/open-scans/node_modules/@siteimprove/alfa-cli/bin/alfa/command/scrape/run.js:94:21)
    at async run (file:///home/runner/work/open-scans/open-scans/node_modules/@siteimprove/alfa-cli/bin/alfa/command/audit/run.js:31:24)",true,514,6,5,40,color-contrast;image-alt,,false,0,0,0,0,0,0,,Skipped (not requested),false,0,0,0,0,0,0,,Skipped (not requested),false,0,0,0,0,,Skipped (not requested),0,,Page not found | WA.gov
63,WA.gov Washington State,chromium,both,desktop,1280,800,https://wa.gov/recreation,https://wa.gov/recreation,200,true,false,13690,false,0,0,0,0,,"Error: Could not find Chrome (ver. 145.0.7632.77). This can occur if either
 1. you did not perform an installation before running the script (e.g. `npx puppeteer browsers install chrome`) or
 2. your cache path is incorrectly configured (which is: /home/runner/.cache/puppeteer).
For (2), check out our guide on configuring puppeteer at https://pptr.dev/guides/configuration.
    at ChromeLauncher.resolveExecutablePath (file:///home/runner/work/open-scans/open-scans/node_modules/puppeteer-core/lib/esm/puppeteer/node/BrowserLauncher.js:298:27)
    at ChromeLauncher.computeLaunchArguments (file:///home/runner/work/open-scans/open-scans/node_modules/puppeteer-core/lib/esm/puppeteer/node/ChromeLauncher.js:86:24)
    at async ChromeLauncher.launch (file:///home/runner/work/open-scans/open-scans/node_modules/puppeteer-core/lib/esm/puppeteer/node/BrowserLauncher.js:49:28)
    at async Scraper.of (file:///home/runner/work/open-scans/open-scans/node_modules/@siteimprove/alfa-scraper/dist/scraper.js:29:28)
    at async Module.run (file:///home/runner/work/open-scans/open-scans/node_modules/@siteimprove/alfa-cli/bin/alfa/command/scrape/run.js:94:21)
    at async run (file:///home/runner/work/open-scans/open-scans/node_modules/@siteimprove/alfa-cli/bin/alfa/command/audit/run.js:31:24)",true,791,23,9,39,color-contrast;image-alt;region,,false,0,0,0,0,0,0,,Skipped (not requested),false,0,0,0,0,0,0,,Skipped (not requested),false,0,0,0,0,,Skipped (not requested),0,,Recreation | WA.gov
63,WA.gov Washington State,chromium,both,desktop,1280,800,https://wa.gov/seniors,https://wa.gov/seniors,200,true,false,8408,false,0,0,0,0,,"Error: Could not find Chrome (ver. 145.0.7632.77). This can occur if either
 1. you did not perform an installation before running the script (e.g. `npx puppeteer browsers install chrome`) or
 2. your cache path is incorrectly configured (which is: /home/runner/.cache/puppeteer).
For (2), check out our guide on configuring puppeteer at https://pptr.dev/guides/configuration.
    at ChromeLauncher.resolveExecutablePath (file:///home/runner/work/open-scans/open-scans/node_modules/puppeteer-core/lib/esm/puppeteer/node/BrowserLauncher.js:298:27)
    at ChromeLauncher.computeLaunchArguments (file:///home/runner/work/open-scans/open-scans/node_modules/puppeteer-core/lib/esm/puppeteer/node/ChromeLauncher.js:86:24)
    at async ChromeLauncher.launch (file:///home/runner/work/open-scans/open-scans/node_modules/puppeteer-core/lib/esm/puppeteer/node/BrowserLauncher.js:49:28)
    at async Scraper.of (file:///home/runner/work/open-scans/open-scans/node_modules/@siteimprove/alfa-scraper/dist/scraper.js:29:28)
    at async Module.run (file:///home/runner/work/open-scans/open-scans/node_modules/@siteimprove/alfa-cli/bin/alfa/command/scrape/run.js:94:21)
    at async run (file:///home/runner/work/open-scans/open-scans/node_modules/@siteimprove/alfa-cli/bin/alfa/command/audit/run.js:31:24)",true,703,34,9,40,color-contrast;image-alt;link-name;region,,false,0,0,0,0,0,0,,Skipped (not requested),false,0,0,0,0,0,0,,Skipped (not requested),false,0,0,0,0,,Skipped (not requested),0,,Seniors | WA.gov
63,WA.gov Washington State,chromium,both,desktop,1280,800,https://wa.gov/state-employee-contacts,https://wa.gov/state-employee-contacts,200,true,false,10054,false,0,0,0,0,,"Error: Could not find Chrome (ver. 145.0.7632.77). This can occur if either
 1. you did not perform an installation before running the script (e.g. `npx puppeteer browsers install chrome`) or
 2. your cache path is incorrectly configured (which is: /home/runner/.cache/puppeteer).
For (2), check out our guide on configuring puppeteer at https://pptr.dev/guides/configuration.
    at ChromeLauncher.resolveExecutablePath (file:///home/runner/work/open-scans/open-scans/node_modules/puppeteer-core/lib/esm/puppeteer/node/BrowserLauncher.js:298:27)
    at ChromeLauncher.computeLaunchArguments (file:///home/runner/work/open-scans/open-scans/node_modules/puppeteer-core/lib/esm/puppeteer/node/ChromeLauncher.js:86:24)
    at async ChromeLauncher.launch (file:///home/runner/work/open-scans/open-scans/node_modules/puppeteer-core/lib/esm/puppeteer/node/BrowserLauncher.js:49:28)
    at async Scraper.of (file:///home/runner/work/open-scans/open-scans/node_modules/@siteimprove/alfa-scraper/dist/scraper.js:29:28)
    at async Module.run (file:///home/runner/work/open-scans/open-scans/node_modules/@siteimprove/alfa-cli/bin/alfa/command/scrape/run.js:94:21)
    at async run (file:///home/runner/work/open-scans/open-scans/node_modules/@siteimprove/alfa-cli/bin/alfa/command/audit/run.js:31:24)",true,566,3,4,40,color-contrast;image-alt,,false,0,0,0,0,0,0,,Skipped (not requested),false,0,0,0,0,0,0,,Skipped (not requested),false,0,0,0,0,,Skipped (not requested),0,,Government Employee Directory | WA.gov
63,WA.gov Washington State,chromium,both,desktop,1280,800,https://wa.gov/travel,https://wa.gov/travel,200,true,false,7078,false,0,0,0,0,,"Error: Could not find Chrome (ver. 145.0.7632.77). This can occur if either
 1. you did not perform an installation before running the script (e.g. `npx puppeteer browsers install chrome`) or
 2. your cache path is incorrectly configured (which is: /home/runner/.cache/puppeteer).
For (2), check out our guide on configuring puppeteer at https://pptr.dev/guides/configuration.
    at ChromeLauncher.resolveExecutablePath (file:///home/runner/work/open-scans/open-scans/node_modules/puppeteer-core/lib/esm/puppeteer/node/BrowserLauncher.js:298:27)
    at ChromeLauncher.computeLaunchArguments (file:///home/runner/work/open-scans/open-scans/node_modules/puppeteer-core/lib/esm/puppeteer/node/ChromeLauncher.js:86:24)
    at async ChromeLauncher.launch (file:///home/runner/work/open-scans/open-scans/node_modules/puppeteer-core/lib/esm/puppeteer/node/BrowserLauncher.js:49:28)
    at async Scraper.of (file:///home/runner/work/open-scans/open-scans/node_modules/@siteimprove/alfa-scraper/dist/scraper.js:29:28)
    at async Module.run (file:///home/runner/work/open-scans/open-scans/node_modules/@siteimprove/alfa-cli/bin/alfa/command/scrape/run.js:94:21)
    at async run (file:///home/runner/work/open-scans/open-scans/node_modules/@siteimprove/alfa-cli/bin/alfa/command/audit/run.js:31:24)",true,764,24,8,39,color-contrast;image-alt;region,,false,0,0,0,0,0,0,,Skipped (not requested),false,0,0,0,0,0,0,,Skipped (not requested),false,0,0,0,0,,Skipped (not requested),0,,Travel | WA.gov
63,WA.gov Washington State,chromium,both,desktop,1280,800,https://wa.gov/visitors,https://wa.gov/visitors,200,true,false,6928,false,0,0,0,0,,"Error: Could not find Chrome (ver. 145.0.7632.77). This can occur if either
 1. you did not perform an installation before running the script (e.g. `npx puppeteer browsers install chrome`) or
 2. your cache path is incorrectly configured (which is: /home/runner/.cache/puppeteer).
For (2), check out our guide on configuring puppeteer at https://pptr.dev/guides/configuration.
    at ChromeLauncher.resolveExecutablePath (file:///home/runner/work/open-scans/open-scans/node_modules/puppeteer-core/lib/esm/puppeteer/node/BrowserLauncher.js:298:27)
    at ChromeLauncher.computeLaunchArguments (file:///home/runner/work/open-scans/open-scans/node_modules/puppeteer-core/lib/esm/puppeteer/node/ChromeLauncher.js:86:24)
    at async ChromeLauncher.launch (file:///home/runner/work/open-scans/open-scans/node_modules/puppeteer-core/lib/esm/puppeteer/node/BrowserLauncher.js:49:28)
    at async Scraper.of (file:///home/runner/work/open-scans/open-scans/node_modules/@siteimprove/alfa-scraper/dist/scraper.js:29:28)
    at async Module.run (file:///home/runner/work/open-scans/open-scans/node_modules/@siteimprove/alfa-cli/bin/alfa/command/scrape/run.js:94:21)
    at async run (file:///home/runner/work/open-scans/open-scans/node_modules/@siteimprove/alfa-cli/bin/alfa/command/audit/run.js:31:24)",true,685,34,9,40,color-contrast;image-alt;link-name;region,,false,0,0,0,0,0,0,,Skipped (not requested),false,0,0,0,0,0,0,,Skipped (not requested),false,0,0,0,0,,Skipped (not requested),0,,Visitors | WA.gov
63,WA.gov Washington State,chromium,both,desktop,1280,800,https://wa.gov/work,https://wa.gov/work,200,true,false,9042,false,0,0,0,0,,"Error: Could not find Chrome (ver. 145.0.7632.77). This can occur if either
 1. you did not perform an installation before running the script (e.g. `npx puppeteer browsers install chrome`) or
 2. your cache path is incorrectly configured (which is: /home/runner/.cache/puppeteer).
For (2), check out our guide on configuring puppeteer at https://pptr.dev/guides/configuration.
    at ChromeLauncher.resolveExecutablePath (file:///home/runner/work/open-scans/open-scans/node_modules/puppeteer-core/lib/esm/puppeteer/node/BrowserLauncher.js:298:27)
    at ChromeLauncher.computeLaunchArguments (file:///home/runner/work/open-scans/open-scans/node_modules/puppeteer-core/lib/esm/puppeteer/node/ChromeLauncher.js:86:24)
    at async ChromeLauncher.launch (file:///home/runner/work/open-scans/open-scans/node_modules/puppeteer-core/lib/esm/puppeteer/node/BrowserLauncher.js:49:28)
    at async Scraper.of (file:///home/runner/work/open-scans/open-scans/node_modules/@siteimprove/alfa-scraper/dist/scraper.js:29:28)
    at async Module.run (file:///home/runner/work/open-scans/open-scans/node_modules/@siteimprove/alfa-cli/bin/alfa/command/scrape/run.js:94:21)
    at async run (file:///home/runner/work/open-scans/open-scans/node_modules/@siteimprove/alfa-cli/bin/alfa/command/audit/run.js:31:24)",true,876,35,9,40,color-contrast;image-alt;region,,false,0,0,0,0,0,0,,Skipped (not requested),false,0,0,0,0,0,0,,Skipped (not requested),false,0,0,0,0,,Skipped (not requested),0,,Work | WA.gov
63,WA.gov Washington State,chromium,both,desktop,1280,800,https://wa.gov/Workers%E2%80%99%20Rights,https://wa.gov/Workers%E2%80%99%20Rights,404,false,false,10903,false,0,0,0,0,,"Error: Could not find Chrome (ver. 145.0.7632.77). This can occur if either
 1. you did not perform an installation before running the script (e.g. `npx puppeteer browsers install chrome`) or
 2. your cache path is incorrectly configured (which is: /home/runner/.cache/puppeteer).
For (2), check out our guide on configuring puppeteer at https://pptr.dev/guides/configuration.
    at ChromeLauncher.resolveExecutablePath (file:///home/runner/work/open-scans/open-scans/node_modules/puppeteer-core/lib/esm/puppeteer/node/BrowserLauncher.js:298:27)
    at ChromeLauncher.computeLaunchArguments (file:///home/runner/work/open-scans/open-scans/node_modules/puppeteer-core/lib/esm/puppeteer/node/ChromeLauncher.js:86:24)
    at async ChromeLauncher.launch (file:///home/runner/work/open-scans/open-scans/node_modules/puppeteer-core/lib/esm/puppeteer/node/BrowserLauncher.js:49:28)
    at async Scraper.of (file:///home/runner/work/open-scans/open-scans/node_modules/@siteimprove/alfa-scraper/dist/scraper.js:29:28)
    at async Module.run (file:///home/runner/work/open-scans/open-scans/node_modules/@siteimprove/alfa-cli/bin/alfa/command/scrape/run.js:94:21)
    at async run (file:///home/runner/work/open-scans/open-scans/node_modules/@siteimprove/alfa-cli/bin/alfa/command/audit/run.js:31:24)",true,534,6,5,39,color-contrast;image-alt,,false,0,0,0,0,0,0,,Skipped (not requested),false,0,0,0,0,0,0,,Skipped (not requested),false,0,0,0,0,,Skipped (not requested),0,,Page not found | WA.gov
63,WA.gov Washington State,chromium,both,desktop,1280,800,https://wa.gov/your-government,https://wa.gov/your-government,200,true,false,6781,false,0,0,0,0,,"Error: Could not find Chrome (ver. 145.0.7632.77). This can occur if either
 1. you did not perform an installation before running the script (e.g. `npx puppeteer browsers install chrome`) or
 2. your cache path is incorrectly configured (which is: /home/runner/.cache/puppeteer).
For (2), check out our guide on configuring puppeteer at https://pptr.dev/guides/configuration.
    at ChromeLauncher.resolveExecutablePath (file:///home/runner/work/open-scans/open-scans/node_modules/puppeteer-core/lib/esm/puppeteer/node/BrowserLauncher.js:298:27)
    at ChromeLauncher.computeLaunchArguments (file:///home/runner/work/open-scans/open-scans/node_modules/puppeteer-core/lib/esm/puppeteer/node/ChromeLauncher.js:86:24)
    at async ChromeLauncher.launch (file:///home/runner/work/open-scans/open-scans/node_modules/puppeteer-core/lib/esm/puppeteer/node/BrowserLauncher.js:49:28)
    at async Scraper.of (file:///home/runner/work/open-scans/open-scans/node_modules/@siteimprove/alfa-scraper/dist/scraper.js:29:28)
    at async Module.run (file:///home/runner/work/open-scans/open-scans/node_modules/@siteimprove/alfa-cli/bin/alfa/command/scrape/run.js:94:21)
    at async run (file:///home/runner/work/open-scans/open-scans/node_modules/@siteimprove/alfa-cli/bin/alfa/command/audit/run.js:31:24)",true,1078,67,9,39,color-contrast;image-alt;region,,false,0,0,0,0,0,0,,Skipped (not requested),false,0,0,0,0,0,0,,Skipped (not requested),false,0,0,0,0,,Skipped (not requested),0,,Your Government | WA.gov
63,WA.gov Washington State,chromium,both,desktop,1280,800,https://wa.gov/Your%20New%20WA.gov%20Account,https://wa.gov/Your%20New%20WA.gov%20Account,404,false,false,6429,false,0,0,0,0,,"Error: Could not find Chrome (ver. 145.0.7632.77). This can occur if either
 1. you did not perform an installation before running the script (e.g. `npx puppeteer browsers install chrome`) or
 2. your cache path is incorrectly configured (which is: /home/runner/.cache/puppeteer).
For (2), check out our guide on configuring puppeteer at https://pptr.dev/guides/configuration.
    at ChromeLauncher.resolveExecutablePath (file:///home/runner/work/open-scans/open-scans/node_modules/puppeteer-core/lib/esm/puppeteer/node/BrowserLauncher.js:298:27)
    at ChromeLauncher.computeLaunchArguments (file:///home/runner/work/open-scans/open-scans/node_modules/puppeteer-core/lib/esm/puppeteer/node/ChromeLauncher.js:86:24)
    at async ChromeLauncher.launch (file:///home/runner/work/open-scans/open-scans/node_modules/puppeteer-core/lib/esm/puppeteer/node/BrowserLauncher.js:49:28)
    at async Scraper.of (file:///home/runner/work/open-scans/open-scans/node_modules/@siteimprove/alfa-scraper/dist/scraper.js:29:28)
    at async Module.run (file:///home/runner/work/open-scans/open-scans/node_modules/@siteimprove/alfa-cli/bin/alfa/command/scrape/run.js:94:21)
    at async run (file:///home/runner/work/open-scans/open-scans/node_modules/@siteimprove/alfa-cli/bin/alfa/command/audit/run.js:31:24)",true,514,6,5,40,color-contrast;image-alt,,false,0,0,0,0,0,0,,Skipped (not requested),false,0,0,0,0,0,0,,Skipped (not requested),false,0,0,0,0,,Skipped (not requested),0,,Page not found | WA.gov
63,WA.gov Washington State,chromium,both,desktop,1280,800,https://wa.gov/ar/node,https://wa.gov/ar,200,true,true,7352,false,0,0,0,0,,"Error: Could not find Chrome (ver. 145.0.7632.77). This can occur if either
 1. you did not perform an installation before running the script (e.g. `npx puppeteer browsers install chrome`) or
 2. your cache path is incorrectly configured (which is: /home/runner/.cache/puppeteer).
For (2), check out our guide on configuring puppeteer at https://pptr.dev/guides/configuration.
    at ChromeLauncher.resolveExecutablePath (file:///home/runner/work/open-scans/open-scans/node_modules/puppeteer-core/lib/esm/puppeteer/node/BrowserLauncher.js:298:27)
    at ChromeLauncher.computeLaunchArguments (file:///home/runner/work/open-scans/open-scans/node_modules/puppeteer-core/lib/esm/puppeteer/node/ChromeLauncher.js:86:24)
    at async ChromeLauncher.launch (file:///home/runner/work/open-scans/open-scans/node_modules/puppeteer-core/lib/esm/puppeteer/node/BrowserLauncher.js:49:28)
    at async Scraper.of (file:///home/runner/work/open-scans/open-scans/node_modules/@siteimprove/alfa-scraper/dist/scraper.js:29:28)
    at async Module.run (file:///home/runner/work/open-scans/open-scans/node_modules/@siteimprove/alfa-cli/bin/alfa/command/scrape/run.js:94:21)
    at async run (file:///home/runner/work/open-scans/open-scans/node_modules/@siteimprove/alfa-cli/bin/alfa/command/audit/run.js:31:24)",true,900,2,4,41,image-alt;label-title-only,,false,0,0,0,0,0,0,,Skipped (not requested),false,0,0,0,0,0,0,,Skipped (not requested),false,0,0,0,0,,Skipped (not requested),0,,| WA.gov
63,WA.gov Washington State,chromium,both,desktop,1280,800,https://wa.gov/es/node,https://wa.gov/es,200,true,true,6631,false,0,0,0,0,,"Error: Could not find Chrome (ver. 145.0.7632.77). This can occur if either
 1. you did not perform an installation before running the script (e.g. `npx puppeteer browsers install chrome`) or
 2. your cache path is incorrectly configured (which is: /home/runner/.cache/puppeteer).
For (2), check out our guide on configuring puppeteer at https://pptr.dev/guides/configuration.
    at ChromeLauncher.resolveExecutablePath (file:///home/runner/work/open-scans/open-scans/node_modules/puppeteer-core/lib/esm/puppeteer/node/BrowserLauncher.js:298:27)
    at ChromeLauncher.computeLaunchArguments (file:///home/runner/work/open-scans/open-scans/node_modules/puppeteer-core/lib/esm/puppeteer/node/ChromeLauncher.js:86:24)
    at async ChromeLauncher.launch (file:///home/runner/work/open-scans/open-scans/node_modules/puppeteer-core/lib/esm/puppeteer/node/BrowserLauncher.js:49:28)
    at async Scraper.of (file:///home/runner/work/open-scans/open-scans/node_modules/@siteimprove/alfa-scraper/dist/scraper.js:29:28)
    at async Module.run (file:///home/runner/work/open-scans/open-scans/node_modules/@siteimprove/alfa-cli/bin/alfa/command/scrape/run.js:94:21)
    at async run (file:///home/runner/work/open-scans/open-scans/node_modules/@siteimprove/alfa-cli/bin/alfa/command/audit/run.js:31:24)",true,882,2,5,41,image-alt;label-title-only,,false,0,0,0,0,0,0,,Skipped (not requested),false,0,0,0,0,0,0,,Skipped (not requested),false,0,0,0,0,,Skipped (not requested),0,,| WA.gov
63,WA.gov Washington State,chromium,both,desktop,1280,800,https://wa.gov/hi/node,https://wa.gov/hi,200,true,true,9171,false,0,0,0,0,,"Error: Could not find Chrome (ver. 145.0.7632.77). This can occur if either
 1. you did not perform an installation before running the script (e.g. `npx puppeteer browsers install chrome`) or
 2. your cache path is incorrectly configured (which is: /home/runner/.cache/puppeteer).
For (2), check out our guide on configuring puppeteer at https://pptr.dev/guides/configuration.
    at ChromeLauncher.resolveExecutablePath (file:///home/runner/work/open-scans/open-scans/node_modules/puppeteer-core/lib/esm/puppeteer/node/BrowserLauncher.js:298:27)
    at ChromeLauncher.computeLaunchArguments (file:///home/runner/work/open-scans/open-scans/node_modules/puppeteer-core/lib/esm/puppeteer/node/ChromeLauncher.js:86:24)
    at async ChromeLauncher.launch (file:///home/runner/work/open-scans/open-scans/node_modules/puppeteer-core/lib/esm/puppeteer/node/BrowserLauncher.js:49:28)
    at async Scraper.of (file:///home/runner/work/open-scans/open-scans/node_modules/@siteimprove/alfa-scraper/dist/scraper.js:29:28)
    at async Module.run (file:///home/runner/work/open-scans/open-scans/node_modules/@siteimprove/alfa-cli/bin/alfa/command/scrape/run.js:94:21)
    at async run (file:///home/runner/work/open-scans/open-scans/node_modules/@siteimprove/alfa-cli/bin/alfa/command/audit/run.js:31:24)",true,887,2,4,41,image-alt;label-title-only,,false,0,0,0,0,0,0,,Skipped (not requested),false,0,0,0,0,0,0,,Skipped (not requested),false,0,0,0,0,,Skipped (not requested),0,,| WA.gov
63,WA.gov Washington State,chromium,both,desktop,1280,800,https://wa.gov/how-to-guides/accessing-government-assistance,https://wa.gov/how-to-guides/accessing-government-assistance,200,true,false,6304,false,0,0,0,0,,"Error: Could not find Chrome (ver. 145.0.7632.77). This can occur if either
 1. you did not perform an installation before running the script (e.g. `npx puppeteer browsers install chrome`) or
 2. your cache path is incorrectly configured (which is: /home/runner/.cache/puppeteer).
For (2), check out our guide on configuring puppeteer at https://pptr.dev/guides/configuration.
    at ChromeLauncher.resolveExecutablePath (file:///home/runner/work/open-scans/open-scans/node_modules/puppeteer-core/lib/esm/puppeteer/node/BrowserLauncher.js:298:27)
    at ChromeLauncher.computeLaunchArguments (file:///home/runner/work/open-scans/open-scans/node_modules/puppeteer-core/lib/esm/puppeteer/node/ChromeLauncher.js:86:24)
    at async ChromeLauncher.launch (file:///home/runner/work/open-scans/open-scans/node_modules/puppeteer-core/lib/esm/puppeteer/node/BrowserLauncher.js:49:28)
    at async Scraper.of (file:///home/runner/work/open-scans/open-scans/node_modules/@siteimprove/alfa-scraper/dist/scraper.js:29:28)
    at async Module.run (file:///home/runner/work/open-scans/open-scans/node_modules/@siteimprove/alfa-cli/bin/alfa/command/scrape/run.js:94:21)
    at async run (file:///home/runner/work/open-scans/open-scans/node_modules/@siteimprove/alfa-cli/bin/alfa/command/audit/run.js:31:24)",true,719,31,6,39,color-contrast;image-alt;region,,false,0,0,0,0,0,0,,Skipped (not requested),false,0,0,0,0,0,0,,Skipped (not requested),false,0,0,0,0,,Skipped (not requested),0,,Accessing Government Assistance | WA.gov
63,WA.gov Washington State,chromium,both,desktop,1280,800,https://wa.gov/how-to-guides/file-complaint,https://wa.gov/how-to-guides/file-complaint,200,true,false,6421,false,0,0,0,0,,"Error: Could not find Chrome (ver. 145.0.7632.77). This can occur if either
 1. you did not perform an installation before running the script (e.g. `npx puppeteer browsers install chrome`) or
 2. your cache path is incorrectly configured (which is: /home/runner/.cache/puppeteer).
For (2), check out our guide on configuring puppeteer at https://pptr.dev/guides/configuration.
    at ChromeLauncher.resolveExecutablePath (file:///home/runner/work/open-scans/open-scans/node_modules/puppeteer-core/lib/esm/puppeteer/node/BrowserLauncher.js:298:27)
    at ChromeLauncher.computeLaunchArguments (file:///home/runner/work/open-scans/open-scans/node_modules/puppeteer-core/lib/esm/puppeteer/node/ChromeLauncher.js:86:24)
    at async ChromeLauncher.launch (file:///home/runner/work/open-scans/open-scans/node_modules/puppeteer-core/lib/esm/puppeteer/node/BrowserLauncher.js:49:28)
    at async Scraper.of (file:///home/runner/work/open-scans/open-scans/node_modules/@siteimprove/alfa-scraper/dist/scraper.js:29:28)
    at async Module.run (file:///home/runner/work/open-scans/open-scans/node_modules/@siteimprove/alfa-cli/bin/alfa/command/scrape/run.js:94:21)
    at async run (file:///home/runner/work/open-scans/open-scans/node_modules/@siteimprove/alfa-cli/bin/alfa/command/audit/run.js:31:24)",true,735,38,6,39,color-contrast;image-alt;region,,false,0,0,0,0,0,0,,Skipped (not requested),false,0,0,0,0,0,0,,Skipped (not requested),false,0,0,0,0,,Skipped (not requested),0,,File a Complaint | WA.gov
63,WA.gov Washington State,chromium,both,desktop,1280,800,https://wa.gov/how-to-guides/historic-flood-emergency-financial-resources-and-recovery-washingtonians,https://wa.gov/how-to-guides/historic-flood-emergency-financial-resources-and-recovery-washingtonians,200,true,false,6650,false,0,0,0,0,,"Error: Could not find Chrome (ver. 145.0.7632.77). This can occur if either
 1. you did not perform an installation before running the script (e.g. `npx puppeteer browsers install chrome`) or
 2. your cache path is incorrectly configured (which is: /home/runner/.cache/puppeteer).
For (2), check out our guide on configuring puppeteer at https://pptr.dev/guides/configuration.
    at ChromeLauncher.resolveExecutablePath (file:///home/runner/work/open-scans/open-scans/node_modules/puppeteer-core/lib/esm/puppeteer/node/BrowserLauncher.js:298:27)
    at ChromeLauncher.computeLaunchArguments (file:///home/runner/work/open-scans/open-scans/node_modules/puppeteer-core/lib/esm/puppeteer/node/ChromeLauncher.js:86:24)
    at async ChromeLauncher.launch (file:///home/runner/work/open-scans/open-scans/node_modules/puppeteer-core/lib/esm/puppeteer/node/BrowserLauncher.js:49:28)
    at async Scraper.of (file:///home/runner/work/open-scans/open-scans/node_modules/@siteimprove/alfa-scraper/dist/scraper.js:29:28)
    at async Module.run (file:///home/runner/work/open-scans/open-scans/node_modules/@siteimprove/alfa-cli/bin/alfa/command/scrape/run.js:94:21)
    at async run (file:///home/runner/work/open-scans/open-scans/node_modules/@siteimprove/alfa-cli/bin/alfa/command/audit/run.js:31:24)",true,952,45,5,39,color-contrast;image-alt;region,,false,0,0,0,0,0,0,,Skipped (not requested),false,0,0,0,0,0,0,,Skipped (not requested),false,0,0,0,0,,Skipped (not requested),0,,Historic Flood Emergency: Financial Resources and Recovery for Washingtonians | WA.gov
63,WA.gov Washington State,chromium,both,desktop,1280,800,https://wa.gov/how-to-guides/housing-assistance,https://wa.gov/how-to-guides/housing-assistance,200,true,false,6301,false,0,0,0,0,,"Error: Could not find Chrome (ver. 145.0.7632.77). This can occur if either
 1. you did not perform an installation before running the script (e.g. `npx puppeteer browsers install chrome`) or
 2. your cache path is incorrectly configured (which is: /home/runner/.cache/puppeteer).
For (2), check out our guide on configuring puppeteer at https://pptr.dev/guides/configuration.
    at ChromeLauncher.resolveExecutablePath (file:///home/runner/work/open-scans/open-scans/node_modules/puppeteer-core/lib/esm/puppeteer/node/BrowserLauncher.js:298:27)
    at ChromeLauncher.computeLaunchArguments (file:///home/runner/work/open-scans/open-scans/node_modules/puppeteer-core/lib/esm/puppeteer/node/ChromeLauncher.js:86:24)
    at async ChromeLauncher.launch (file:///home/runner/work/open-scans/open-scans/node_modules/puppeteer-core/lib/esm/puppeteer/node/BrowserLauncher.js:49:28)
    at async Scraper.of (file:///home/runner/work/open-scans/open-scans/node_modules/@siteimprove/alfa-scraper/dist/scraper.js:29:28)
    at async Module.run (file:///home/runner/work/open-scans/open-scans/node_modules/@siteimprove/alfa-cli/bin/alfa/command/scrape/run.js:94:21)
    at async run (file:///home/runner/work/open-scans/open-scans/node_modules/@siteimprove/alfa-cli/bin/alfa/command/audit/run.js:31:24)",true,628,14,6,39,color-contrast;image-alt;region,,false,0,0,0,0,0,0,,Skipped (not requested),false,0,0,0,0,0,0,,Skipped (not requested),false,0,0,0,0,,Skipped (not requested),0,,Housing Assistance | WA.gov
63,WA.gov Washington State,chromium,both,desktop,1280,800,https://wa.gov/how-to-guides/protecting-your-community-wildfire,https://wa.gov/how-to-guides/protecting-your-community-wildfire,200,true,false,6345,false,0,0,0,0,,"Error: Could not find Chrome (ver. 145.0.7632.77). This can occur if either
 1. you did not perform an installation before running the script (e.g. `npx puppeteer browsers install chrome`) or
 2. your cache path is incorrectly configured (which is: /home/runner/.cache/puppeteer).
For (2), check out our guide on configuring puppeteer at https://pptr.dev/guides/configuration.
    at ChromeLauncher.resolveExecutablePath (file:///home/runner/work/open-scans/open-scans/node_modules/puppeteer-core/lib/esm/puppeteer/node/BrowserLauncher.js:298:27)
    at ChromeLauncher.computeLaunchArguments (file:///home/runner/work/open-scans/open-scans/node_modules/puppeteer-core/lib/esm/puppeteer/node/ChromeLauncher.js:86:24)
    at async ChromeLauncher.launch (file:///home/runner/work/open-scans/open-scans/node_modules/puppeteer-core/lib/esm/puppeteer/node/BrowserLauncher.js:49:28)
    at async Scraper.of (file:///home/runner/work/open-scans/open-scans/node_modules/@siteimprove/alfa-scraper/dist/scraper.js:29:28)
    at async Module.run (file:///home/runner/work/open-scans/open-scans/node_modules/@siteimprove/alfa-cli/bin/alfa/command/scrape/run.js:94:21)
    at async run (file:///home/runner/work/open-scans/open-scans/node_modules/@siteimprove/alfa-cli/bin/alfa/command/audit/run.js:31:24)",true,694,23,6,39,color-contrast;image-alt;region,,false,0,0,0,0,0,0,,Skipped (not requested),false,0,0,0,0,0,0,,Skipped (not requested),false,0,0,0,0,,Skipped (not requested),0,,Protecting Your Community from Wildfire | WA.gov
63,WA.gov Washington State,chromium,both,desktop,1280,800,https://wa.gov/how-to-guides/workers-rights,https://wa.gov/how-to-guides/workers-rights,200,true,false,6337,false,0,0,0,0,,"Error: Could not find Chrome (ver. 145.0.7632.77). This can occur if either
 1. you did not perform an installation before running the script (e.g. `npx puppeteer browsers install chrome`) or
 2. your cache path is incorrectly configured (which is: /home/runner/.cache/puppeteer).
For (2), check out our guide on configuring puppeteer at https://pptr.dev/guides/configuration.
    at ChromeLauncher.resolveExecutablePath (file:///home/runner/work/open-scans/open-scans/node_modules/puppeteer-core/lib/esm/puppeteer/node/BrowserLauncher.js:298:27)
    at ChromeLauncher.computeLaunchArguments (file:///home/runner/work/open-scans/open-scans/node_modules/puppeteer-core/lib/esm/puppeteer/node/ChromeLauncher.js:86:24)
    at async ChromeLauncher.launch (file:///home/runner/work/open-scans/open-scans/node_modules/puppeteer-core/lib/esm/puppeteer/node/BrowserLauncher.js:49:28)
    at async Scraper.of (file:///home/runner/work/open-scans/open-scans/node_modules/@siteimprove/alfa-scraper/dist/scraper.js:29:28)
    at async Module.run (file:///home/runner/work/open-scans/open-scans/node_modules/@siteimprove/alfa-cli/bin/alfa/command/scrape/run.js:94:21)
    at async run (file:///home/runner/work/open-scans/open-scans/node_modules/@siteimprove/alfa-cli/bin/alfa/command/audit/run.js:31:24)",true,699,27,6,40,color-contrast;image-alt;region,,false,0,0,0,0,0,0,,Skipped (not requested),false,0,0,0,0,0,0,,Skipped (not requested),false,0,0,0,0,,Skipped (not requested),0,,Workers’ Rights | WA.gov
63,WA.gov Washington State,chromium,both,desktop,1280,800,https://wa.gov/how-to-guides/your-new-wagov-account,https://wa.gov/how-to-guides/washington-state-launching-wagov-accounts,200,true,true,7311,false,0,0,0,0,,"Error: Could not find Chrome (ver. 145.0.7632.77). This can occur if either
 1. you did not perform an installation before running the script (e.g. `npx puppeteer browsers install chrome`) or
 2. your cache path is incorrectly configured (which is: /home/runner/.cache/puppeteer).
For (2), check out our guide on configuring puppeteer at https://pptr.dev/guides/configuration.
    at ChromeLauncher.resolveExecutablePath (file:///home/runner/work/open-scans/open-scans/node_modules/puppeteer-core/lib/esm/puppeteer/node/BrowserLauncher.js:298:27)
    at ChromeLauncher.computeLaunchArguments (file:///home/runner/work/open-scans/open-scans/node_modules/puppeteer-core/lib/esm/puppeteer/node/ChromeLauncher.js:86:24)
    at async ChromeLauncher.launch (file:///home/runner/work/open-scans/open-scans/node_modules/puppeteer-core/lib/esm/puppeteer/node/BrowserLauncher.js:49:28)
    at async Scraper.of (file:///home/runner/work/open-scans/open-scans/node_modules/@siteimprove/alfa-scraper/dist/scraper.js:29:28)
    at async Module.run (file:///home/runner/work/open-scans/open-scans/node_modules/@siteimprove/alfa-cli/bin/alfa/command/scrape/run.js:94:21)
    at async run (file:///home/runner/work/open-scans/open-scans/node_modules/@siteimprove/alfa-cli/bin/alfa/command/audit/run.js:31:24)",true,783,4,7,35,aria-prohibited-attr;color-contrast;image-alt;region,,false,0,0,0,0,0,0,,Skipped (not requested),false,0,0,0,0,0,0,,Skipped (not requested),false,0,0,0,0,,Skipped (not requested),0,,Washington state is launching WA.gov accounts | WA.gov
63,WA.gov Washington State,chromium,both,desktop,1280,800,https://wa.gov/ja/node,https://wa.gov/ja,200,true,true,7695,false,0,0,0,0,,"Error: Could not find Chrome (ver. 145.0.7632.77). This can occur if either
 1. you did not perform an installation before running the script (e.g. `npx puppeteer browsers install chrome`) or
 2. your cache path is incorrectly configured (which is: /home/runner/.cache/puppeteer).
For (2), check out our guide on configuring puppeteer at https://pptr.dev/guides/configuration.
    at ChromeLauncher.resolveExecutablePath (file:///home/runner/work/open-scans/open-scans/node_modules/puppeteer-core/lib/esm/puppeteer/node/BrowserLauncher.js:298:27)
    at ChromeLauncher.computeLaunchArguments (file:///home/runner/work/open-scans/open-scans/node_modules/puppeteer-core/lib/esm/puppeteer/node/ChromeLauncher.js:86:24)
    at async ChromeLauncher.launch (file:///home/runner/work/open-scans/open-scans/node_modules/puppeteer-core/lib/esm/puppeteer/node/BrowserLauncher.js:49:28)
    at async Scraper.of (file:///home/runner/work/open-scans/open-scans/node_modules/@siteimprove/alfa-scraper/dist/scraper.js:29:28)
    at async Module.run (file:///home/runner/work/open-scans/open-scans/node_modules/@siteimprove/alfa-cli/bin/alfa/command/scrape/run.js:94:21)
    at async run (file:///home/runner/work/open-scans/open-scans/node_modules/@siteimprove/alfa-cli/bin/alfa/command/audit/run.js:31:24)",true,884,2,4,41,image-alt;label-title-only,,false,0,0,0,0,0,0,,Skipped (not requested),false,0,0,0,0,0,0,,Skipped (not requested),false,0,0,0,0,,Skipped (not requested),0,,| WA.gov
63,WA.gov Washington State,chromium,both,desktop,1280,800,https://wa.gov/ko/node,https://wa.gov/ko,200,true,true,7261,false,0,0,0,0,,"Error: Could not find Chrome (ver. 145.0.7632.77). This can occur if either
 1. you did not perform an installation before running the script (e.g. `npx puppeteer browsers install chrome`) or
 2. your cache path is incorrectly configured (which is: /home/runner/.cache/puppeteer).
For (2), check out our guide on configuring puppeteer at https://pptr.dev/guides/configuration.
    at ChromeLauncher.resolveExecutablePath (file:///home/runner/work/open-scans/open-scans/node_modules/puppeteer-core/lib/esm/puppeteer/node/BrowserLauncher.js:298:27)
    at ChromeLauncher.computeLaunchArguments (file:///home/runner/work/open-scans/open-scans/node_modules/puppeteer-core/lib/esm/puppeteer/node/ChromeLauncher.js:86:24)
    at async ChromeLauncher.launch (file:///home/runner/work/open-scans/open-scans/node_modules/puppeteer-core/lib/esm/puppeteer/node/BrowserLauncher.js:49:28)
    at async Scraper.of (file:///home/runner/work/open-scans/open-scans/node_modules/@siteimprove/alfa-scraper/dist/scraper.js:29:28)
    at async Module.run (file:///home/runner/work/open-scans/open-scans/node_modules/@siteimprove/alfa-cli/bin/alfa/command/scrape/run.js:94:21)
    at async run (file:///home/runner/work/open-scans/open-scans/node_modules/@siteimprove/alfa-cli/bin/alfa/command/audit/run.js:31:24)",true,884,2,4,41,image-alt;label-title-only,,false,0,0,0,0,0,0,,Skipped (not requested),false,0,0,0,0,0,0,,Skipped (not requested),false,0,0,0,0,,Skipped (not requested),0,,| WA.gov
63,WA.gov Washington State,chromium,both,desktop,1280,800,https://wa.gov/node/61721,https://wa.gov/use-our-logo,200,true,true,6242,false,0,0,0,0,,"Error: Could not find Chrome (ver. 145.0.7632.77). This can occur if either
 1. you did not perform an installation before running the script (e.g. `npx puppeteer browsers install chrome`) or
 2. your cache path is incorrectly configured (which is: /home/runner/.cache/puppeteer).
For (2), check out our guide on configuring puppeteer at https://pptr.dev/guides/configuration.
    at ChromeLauncher.resolveExecutablePath (file:///home/runner/work/open-scans/open-scans/node_modules/puppeteer-core/lib/esm/puppeteer/node/BrowserLauncher.js:298:27)
    at ChromeLauncher.computeLaunchArguments (file:///home/runner/work/open-scans/open-scans/node_modules/puppeteer-core/lib/esm/puppeteer/node/ChromeLauncher.js:86:24)
    at async ChromeLauncher.launch (file:///home/runner/work/open-scans/open-scans/node_modules/puppeteer-core/lib/esm/puppeteer/node/BrowserLauncher.js:49:28)
    at async Scraper.of (file:///home/runner/work/open-scans/open-scans/node_modules/@siteimprove/alfa-scraper/dist/scraper.js:29:28)
    at async Module.run (file:///home/runner/work/open-scans/open-scans/node_modules/@siteimprove/alfa-cli/bin/alfa/command/scrape/run.js:94:21)
    at async run (file:///home/runner/work/open-scans/open-scans/node_modules/@siteimprove/alfa-cli/bin/alfa/command/audit/run.js:31:24)",true,671,7,4,40,color-contrast;image-alt,,false,0,0,0,0,0,0,,Skipped (not requested),false,0,0,0,0,0,0,,Skipped (not requested),false,0,0,0,0,,Skipped (not requested),0,,Use Our Logo | WA.gov
63,WA.gov Washington State,chromium,both,desktop,1280,800,https://wa.gov/ru/node,https://wa.gov/ru,200,true,true,6659,false,0,0,0,0,,"Error: Could not find Chrome (ver. 145.0.7632.77). This can occur if either
 1. you did not perform an installation before running the script (e.g. `npx puppeteer browsers install chrome`) or
 2. your cache path is incorrectly configured (which is: /home/runner/.cache/puppeteer).
For (2), check out our guide on configuring puppeteer at https://pptr.dev/guides/configuration.
    at ChromeLauncher.resolveExecutablePath (file:///home/runner/work/open-scans/open-scans/node_modules/puppeteer-core/lib/esm/puppeteer/node/BrowserLauncher.js:298:27)
    at ChromeLauncher.computeLaunchArguments (file:///home/runner/work/open-scans/open-scans/node_modules/puppeteer-core/lib/esm/puppeteer/node/ChromeLauncher.js:86:24)
    at async ChromeLauncher.launch (file:///home/runner/work/open-scans/open-scans/node_modules/puppeteer-core/lib/esm/puppeteer/node/BrowserLauncher.js:49:28)
    at async Scraper.of (file:///home/runner/work/open-scans/open-scans/node_modules/@siteimprove/alfa-scraper/dist/scraper.js:29:28)
    at async Module.run (file:///home/runner/work/open-scans/open-scans/node_modules/@siteimprove/alfa-cli/bin/alfa/command/scrape/run.js:94:21)
    at async run (file:///home/runner/work/open-scans/open-scans/node_modules/@siteimprove/alfa-cli/bin/alfa/command/audit/run.js:31:24)",true,882,2,5,41,image-alt;label-title-only,,false,0,0,0,0,0,0,,Skipped (not requested),false,0,0,0,0,0,0,,Skipped (not requested),false,0,0,0,0,,Skipped (not requested),0,,| WA.gov
63,WA.gov Washington State,chromium,both,desktop,1280,800,https://wa.gov/uk/node,https://wa.gov/uk,200,true,true,8795,false,0,0,0,0,,"Error: Could not find Chrome (ver. 145.0.7632.77). This can occur if either
 1. you did not perform an installation before running the script (e.g. `npx puppeteer browsers install chrome`) or
 2. your cache path is incorrectly configured (which is: /home/runner/.cache/puppeteer).
For (2), check out our guide on configuring puppeteer at https://pptr.dev/guides/configuration.
    at ChromeLauncher.resolveExecutablePath (file:///home/runner/work/open-scans/open-scans/node_modules/puppeteer-core/lib/esm/puppeteer/node/BrowserLauncher.js:298:27)
    at ChromeLauncher.computeLaunchArguments (file:///home/runner/work/open-scans/open-scans/node_modules/puppeteer-core/lib/esm/puppeteer/node/ChromeLauncher.js:86:24)
    at async ChromeLauncher.launch (file:///home/runner/work/open-scans/open-scans/node_modules/puppeteer-core/lib/esm/puppeteer/node/BrowserLauncher.js:49:28)
    at async Scraper.of (file:///home/runner/work/open-scans/open-scans/node_modules/@siteimprove/alfa-scraper/dist/scraper.js:29:28)
    at async Module.run (file:///home/runner/work/open-scans/open-scans/node_modules/@siteimprove/alfa-cli/bin/alfa/command/scrape/run.js:94:21)
    at async run (file:///home/runner/work/open-scans/open-scans/node_modules/@siteimprove/alfa-cli/bin/alfa/command/audit/run.js:31:24)",true,884,2,4,41,image-alt;label-title-only,,false,0,0,0,0,0,0,,Skipped (not requested),false,0,0,0,0,0,0,,Skipped (not requested),false,0,0,0,0,,Skipped (not requested),0,,| WA.gov
63,WA.gov Washington State,chromium,both,desktop,1280,800,https://wa.gov/vi/node,https://wa.gov/vi,200,true,true,8436,false,0,0,0,0,,"Error: Could not find Chrome (ver. 145.0.7632.77). This can occur if either
 1. you did not perform an installation before running the script (e.g. `npx puppeteer browsers install chrome`) or
 2. your cache path is incorrectly configured (which is: /home/runner/.cache/puppeteer).
For (2), check out our guide on configuring puppeteer at https://pptr.dev/guides/configuration.
    at ChromeLauncher.resolveExecutablePath (file:///home/runner/work/open-scans/open-scans/node_modules/puppeteer-core/lib/esm/puppeteer/node/BrowserLauncher.js:298:27)
    at ChromeLauncher.computeLaunchArguments (file:///home/runner/work/open-scans/open-scans/node_modules/puppeteer-core/lib/esm/puppeteer/node/ChromeLauncher.js:86:24)
    at async ChromeLauncher.launch (file:///home/runner/work/open-scans/open-scans/node_modules/puppeteer-core/lib/esm/puppeteer/node/BrowserLauncher.js:49:28)
    at async Scraper.of (file:///home/runner/work/open-scans/open-scans/node_modules/@siteimprove/alfa-scraper/dist/scraper.js:29:28)
    at async Module.run (file:///home/runner/work/open-scans/open-scans/node_modules/@siteimprove/alfa-cli/bin/alfa/command/scrape/run.js:94:21)
    at async run (file:///home/runner/work/open-scans/open-scans/node_modules/@siteimprove/alfa-cli/bin/alfa/command/audit/run.js:31:24)",true,884,2,4,41,image-alt;label-title-only,,false,0,0,0,0,0,0,,Skipped (not requested),false,0,0,0,0,0,0,,Skipped (not requested),false,0,0,0,0,,Skipped (not requested),0,,| WA.gov
63,WA.gov Washington State,chromium,both,desktop,1280,800,https://wa.gov/accessibility-in-washington/accessibility-basics/learn-about-disabilities,https://wa.gov/accessibility-in-washington/accessibility-basics/learn-about-disabilities,200,true,false,5663,false,0,0,0,0,,"Error: Could not find Chrome (ver. 145.0.7632.77). This can occur if either
 1. you did not perform an installation before running the script (e.g. `npx puppeteer browsers install chrome`) or
 2. your cache path is incorrectly configured (which is: /home/runner/.cache/puppeteer).
For (2), check out our guide on configuring puppeteer at https://pptr.dev/guides/configuration.
    at ChromeLauncher.resolveExecutablePath (file:///home/runner/work/open-scans/open-scans/node_modules/puppeteer-core/lib/esm/puppeteer/node/BrowserLauncher.js:298:27)
    at ChromeLauncher.computeLaunchArguments (file:///home/runner/work/open-scans/open-scans/node_modules/puppeteer-core/lib/esm/puppeteer/node/ChromeLauncher.js:86:24)
    at async ChromeLauncher.launch (file:///home/runner/work/open-scans/open-scans/node_modules/puppeteer-core/lib/esm/puppeteer/node/BrowserLauncher.js:49:28)
    at async Scraper.of (file:///home/runner/work/open-scans/open-scans/node_modules/@siteimprove/alfa-scraper/dist/scraper.js:29:28)
    at async Module.run (file:///home/runner/work/open-scans/open-scans/node_modules/@siteimprove/alfa-cli/bin/alfa/command/scrape/run.js:94:21)
    at async run (file:///home/runner/work/open-scans/open-scans/node_modules/@siteimprove/alfa-cli/bin/alfa/command/audit/run.js:31:24)",true,329,1,4,47,image-alt,,false,0,0,0,0,0,0,,Skipped (not requested),false,0,0,0,0,0,0,,Skipped (not requested),false,0,0,0,0,,Skipped (not requested),0,,Learn About Disabilities | WA.gov
63,WA.gov Washington State,chromium,both,desktop,1280,800,https://wa.gov/accessibility-in-washington/education-recreation-people-with-disabilities/education-for-children-through-high-school,https://wa.gov/accessibility-in-washington/education-recreation-people-with-disabilities/education-for-children-through-high-school,200,true,false,5779,false,0,0,0,0,,"Error: Could not find Chrome (ver. 145.0.7632.77). This can occur if either
 1. you did not perform an installation before running the script (e.g. `npx puppeteer browsers install chrome`) or
 2. your cache path is incorrectly configured (which is: /home/runner/.cache/puppeteer).
For (2), check out our guide on configuring puppeteer at https://pptr.dev/guides/configuration.
    at ChromeLauncher.resolveExecutablePath (file:///home/runner/work/open-scans/open-scans/node_modules/puppeteer-core/lib/esm/puppeteer/node/BrowserLauncher.js:298:27)
    at ChromeLauncher.computeLaunchArguments (file:///home/runner/work/open-scans/open-scans/node_modules/puppeteer-core/lib/esm/puppeteer/node/ChromeLauncher.js:86:24)
    at async ChromeLauncher.launch (file:///home/runner/work/open-scans/open-scans/node_modules/puppeteer-core/lib/esm/puppeteer/node/BrowserLauncher.js:49:28)
    at async Scraper.of (file:///home/runner/work/open-scans/open-scans/node_modules/@siteimprove/alfa-scraper/dist/scraper.js:29:28)
    at async Module.run (file:///home/runner/work/open-scans/open-scans/node_modules/@siteimprove/alfa-cli/bin/alfa/command/scrape/run.js:94:21)
    at async run (file:///home/runner/work/open-scans/open-scans/node_modules/@siteimprove/alfa-cli/bin/alfa/command/audit/run.js:31:24)",true,438,1,6,47,image-alt,,false,0,0,0,0,0,0,,Skipped (not requested),false,0,0,0,0,0,0,,Skipped (not requested),false,0,0,0,0,,Skipped (not requested),0,,Education for Children Through High School
63,WA.gov Washington State,chromium,both,desktop,1280,800,https://wa.gov/people-with-disabilities,https://wa.gov/people-with-disabilities,200,true,false,6264,false,0,0,0,0,,"Error: Could not find Chrome (ver. 145.0.7632.77). This can occur if either
 1. you did not perform an installation before running the script (e.g. `npx puppeteer browsers install chrome`) or
 2. your cache path is incorrectly configured (which is: /home/runner/.cache/puppeteer).
For (2), check out our guide on configuring puppeteer at https://pptr.dev/guides/configuration.
    at ChromeLauncher.resolveExecutablePath (file:///home/runner/work/open-scans/open-scans/node_modules/puppeteer-core/lib/esm/puppeteer/node/BrowserLauncher.js:298:27)
    at ChromeLauncher.computeLaunchArguments (file:///home/runner/work/open-scans/open-scans/node_modules/puppeteer-core/lib/esm/puppeteer/node/ChromeLauncher.js:86:24)
    at async ChromeLauncher.launch (file:///home/runner/work/open-scans/open-scans/node_modules/puppeteer-core/lib/esm/puppeteer/node/BrowserLauncher.js:49:28)
    at async Scraper.of (file:///home/runner/work/open-scans/open-scans/node_modules/@siteimprove/alfa-scraper/dist/scraper.js:29:28)
    at async Module.run (file:///home/runner/work/open-scans/open-scans/node_modules/@siteimprove/alfa-cli/bin/alfa/command/scrape/run.js:94:21)
    at async run (file:///home/runner/work/open-scans/open-scans/node_modules/@siteimprove/alfa-cli/bin/alfa/command/audit/run.js:31:24)",true,762,23,9,40,color-contrast;image-alt;link-name;region,,false,0,0,0,0,0,0,,Skipped (not requested),false,0,0,0,0,0,0,,Skipped (not requested),false,0,0,0,0,,Skipped (not requested),0,,People with Disabilities | WA.gov
63,WA.gov Washington State,chromium,both,desktop,1280,800,https://wa.gov/accessibility-in-washington,https://wa.gov/accessibility-in-washington,200,true,false,6493,false,0,0,0,0,,"Error: Could not find Chrome (ver. 145.0.7632.77). This can occur if either
 1. you did not perform an installation before running the script (e.g. `npx puppeteer browsers install chrome`) or
 2. your cache path is incorrectly configured (which is: /home/runner/.cache/puppeteer).
For (2), check out our guide on configuring puppeteer at https://pptr.dev/guides/configuration.
    at ChromeLauncher.resolveExecutablePath (file:///home/runner/work/open-scans/open-scans/node_modules/puppeteer-core/lib/esm/puppeteer/node/BrowserLauncher.js:298:27)
    at ChromeLauncher.computeLaunchArguments (file:///home/runner/work/open-scans/open-scans/node_modules/puppeteer-core/lib/esm/puppeteer/node/ChromeLauncher.js:86:24)
    at async ChromeLauncher.launch (file:///home/runner/work/open-scans/open-scans/node_modules/puppeteer-core/lib/esm/puppeteer/node/BrowserLauncher.js:49:28)
    at async Scraper.of (file:///home/runner/work/open-scans/open-scans/node_modules/@siteimprove/alfa-scraper/dist/scraper.js:29:28)
    at async Module.run (file:///home/runner/work/open-scans/open-scans/node_modules/@siteimprove/alfa-cli/bin/alfa/command/scrape/run.js:94:21)
    at async run (file:///home/runner/work/open-scans/open-scans/node_modules/@siteimprove/alfa-cli/bin/alfa/command/audit/run.js:31:24)",true,335,2,7,49,image-alt;region,,false,0,0,0,0,0,0,,Skipped (not requested),false,0,0,0,0,0,0,,Skipped (not requested),false,0,0,0,0,,Skipped (not requested),0,,Accessibility in Washington | WA.gov
63,WA.gov Washington State,chromium,both,desktop,1280,800,https://wa.gov/people-with-disabilities/schools-and-universities,https://wa.gov/people-with-disabilities/schools-and-universities,200,true,false,6379,false,0,0,0,0,,"Error: Could not find Chrome (ver. 145.0.7632.77). This can occur if either
 1. you did not perform an installation before running the script (e.g. `npx puppeteer browsers install chrome`) or
 2. your cache path is incorrectly configured (which is: /home/runner/.cache/puppeteer).
For (2), check out our guide on configuring puppeteer at https://pptr.dev/guides/configuration.
    at ChromeLauncher.resolveExecutablePath (file:///home/runner/work/open-scans/open-scans/node_modules/puppeteer-core/lib/esm/puppeteer/node/BrowserLauncher.js:298:27)
    at ChromeLauncher.computeLaunchArguments (file:///home/runner/work/open-scans/open-scans/node_modules/puppeteer-core/lib/esm/puppeteer/node/ChromeLauncher.js:86:24)
    at async ChromeLauncher.launch (file:///home/runner/work/open-scans/open-scans/node_modules/puppeteer-core/lib/esm/puppeteer/node/BrowserLauncher.js:49:28)
    at async Scraper.of (file:///home/runner/work/open-scans/open-scans/node_modules/@siteimprove/alfa-scraper/dist/scraper.js:29:28)
    at async Module.run (file:///home/runner/work/open-scans/open-scans/node_modules/@siteimprove/alfa-cli/bin/alfa/command/scrape/run.js:94:21)
    at async run (file:///home/runner/work/open-scans/open-scans/node_modules/@siteimprove/alfa-cli/bin/alfa/command/audit/run.js:31:24)",true,669,26,4,40,color-contrast;image-alt,,false,0,0,0,0,0,0,,Skipped (not requested),false,0,0,0,0,0,0,,Skipped (not requested),false,0,0,0,0,,Skipped (not requested),0,,Schools and Universities | WA.gov
63,WA.gov Washington State,chromium,both,desktop,1280,800,https://wa.gov/zh-hant/node,https://wa.gov/zh-hant,200,true,true,7822,false,0,0,0,0,,"Error: Could not find Chrome (ver. 145.0.7632.77). This can occur if either
 1. you did not perform an installation before running the script (e.g. `npx puppeteer browsers install chrome`) or
 2. your cache path is incorrectly configured (which is: /home/runner/.cache/puppeteer).
For (2), check out our guide on configuring puppeteer at https://pptr.dev/guides/configuration.
    at ChromeLauncher.resolveExecutablePath (file:///home/runner/work/open-scans/open-scans/node_modules/puppeteer-core/lib/esm/puppeteer/node/BrowserLauncher.js:298:27)
    at ChromeLauncher.computeLaunchArguments (file:///home/runner/work/open-scans/open-scans/node_modules/puppeteer-core/lib/esm/puppeteer/node/ChromeLauncher.js:86:24)
    at async ChromeLauncher.launch (file:///home/runner/work/open-scans/open-scans/node_modules/puppeteer-core/lib/esm/puppeteer/node/BrowserLauncher.js:49:28)
    at async Scraper.of (file:///home/runner/work/open-scans/open-scans/node_modules/@siteimprove/alfa-scraper/dist/scraper.js:29:28)
    at async Module.run (file:///home/runner/work/open-scans/open-scans/node_modules/@siteimprove/alfa-cli/bin/alfa/command/scrape/run.js:94:21)
    at async run (file:///home/runner/work/open-scans/open-scans/node_modules/@siteimprove/alfa-cli/bin/alfa/command/audit/run.js:31:24)",true,884,2,4,41,image-alt;label-title-only,,false,0,0,0,0,0,0,,Skipped (not requested),false,0,0,0,0,0,0,,Skipped (not requested),false,0,0,0,0,,Skipped (not requested),0,,| WA.gov
63,WA.gov Washington State,chromium,both,desktop,1280,800,https://wa.gov/zh-hans/node,https://wa.gov/zh-hans,200,true,true,7638,false,0,0,0,0,,"Error: Could not find Chrome (ver. 145.0.7632.77). This can occur if either
 1. you did not perform an installation before running the script (e.g. `npx puppeteer browsers install chrome`) or
 2. your cache path is incorrectly configured (which is: /home/runner/.cache/puppeteer).
For (2), check out our guide on configuring puppeteer at https://pptr.dev/guides/configuration.
    at ChromeLauncher.resolveExecutablePath (file:///home/runner/work/open-scans/open-scans/node_modules/puppeteer-core/lib/esm/puppeteer/node/BrowserLauncher.js:298:27)
    at ChromeLauncher.computeLaunchArguments (file:///home/runner/work/open-scans/open-scans/node_modules/puppeteer-core/lib/esm/puppeteer/node/ChromeLauncher.js:86:24)
    at async ChromeLauncher.launch (file:///home/runner/work/open-scans/open-scans/node_modules/puppeteer-core/lib/esm/puppeteer/node/BrowserLauncher.js:49:28)
    at async Scraper.of (file:///home/runner/work/open-scans/open-scans/node_modules/@siteimprove/alfa-scraper/dist/scraper.js:29:28)
    at async Module.run (file:///home/runner/work/open-scans/open-scans/node_modules/@siteimprove/alfa-cli/bin/alfa/command/scrape/run.js:94:21)
    at async run (file:///home/runner/work/open-scans/open-scans/node_modules/@siteimprove/alfa-cli/bin/alfa/command/audit/run.js:31:24)",true,884,2,4,41,image-alt;label-title-only,,false,0,0,0,0,0,0,,Skipped (not requested),false,0,0,0,0,0,0,,Skipped (not requested),false,0,0,0,0,,Skipped (not requested),0,,| WA.gov
63,WA.gov Washington State,chromium,both,desktop,1280,800,https://wa.gov/accessibility-in-washington/education-recreation-people-with-disabilities/extracurriculars-for-children-with-disabilities,https://wa.gov/accessibility-in-washington/education-recreation-people-with-disabilities/extracurriculars-for-children-with-disabilities,200,true,false,6192,false,0,0,0,0,,"Error: Could not find Chrome (ver. 145.0.7632.77). This can occur if either
 1. you did not perform an installation before running the script (e.g. `npx puppeteer browsers install chrome`) or
 2. your cache path is incorrectly configured (which is: /home/runner/.cache/puppeteer).
For (2), check out our guide on configuring puppeteer at https://pptr.dev/guides/configuration.
    at ChromeLauncher.resolveExecutablePath (file:///home/runner/work/open-scans/open-scans/node_modules/puppeteer-core/lib/esm/puppeteer/node/BrowserLauncher.js:298:27)
    at ChromeLauncher.computeLaunchArguments (file:///home/runner/work/open-scans/open-scans/node_modules/puppeteer-core/lib/esm/puppeteer/node/ChromeLauncher.js:86:24)
    at async ChromeLauncher.launch (file:///home/runner/work/open-scans/open-scans/node_modules/puppeteer-core/lib/esm/puppeteer/node/BrowserLauncher.js:49:28)
    at async Scraper.of (file:///home/runner/work/open-scans/open-scans/node_modules/@siteimprove/alfa-scraper/dist/scraper.js:29:28)
    at async Module.run (file:///home/runner/work/open-scans/open-scans/node_modules/@siteimprove/alfa-cli/bin/alfa/command/scrape/run.js:94:21)
    at async run (file:///home/runner/work/open-scans/open-scans/node_modules/@siteimprove/alfa-cli/bin/alfa/command/audit/run.js:31:24)",true,393,1,6,46,image-alt,,false,0,0,0,0,0,0,,Skipped (not requested),false,0,0,0,0,0,0,,Skipped (not requested),false,0,0,0,0,,Skipped (not requested),0,,Extracurriculars for Children with Disabilities | WA.gov
63,WA.gov Washington State,chromium,both,desktop,1280,800,https://wa.gov/accessibility-in-washington/education-recreation-people-with-disabilities/accessibility-in-higher-education,https://wa.gov/accessibility-in-washington/education-recreation-people-with-disabilities/accessibility-in-higher-education,200,true,false,5709,false,0,0,0,0,,"Error: Could not find Chrome (ver. 145.0.7632.77). This can occur if either
 1. you did not perform an installation before running the script (e.g. `npx puppeteer browsers install chrome`) or
 2. your cache path is incorrectly configured (which is: /home/runner/.cache/puppeteer).
For (2), check out our guide on configuring puppeteer at https://pptr.dev/guides/configuration.
    at ChromeLauncher.resolveExecutablePath (file:///home/runner/work/open-scans/open-scans/node_modules/puppeteer-core/lib/esm/puppeteer/node/BrowserLauncher.js:298:27)
    at ChromeLauncher.computeLaunchArguments (file:///home/runner/work/open-scans/open-scans/node_modules/puppeteer-core/lib/esm/puppeteer/node/ChromeLauncher.js:86:24)
    at async ChromeLauncher.launch (file:///home/runner/work/open-scans/open-scans/node_modules/puppeteer-core/lib/esm/puppeteer/node/BrowserLauncher.js:49:28)
    at async Scraper.of (file:///home/runner/work/open-scans/open-scans/node_modules/@siteimprove/alfa-scraper/dist/scraper.js:29:28)
    at async Module.run (file:///home/runner/work/open-scans/open-scans/node_modules/@siteimprove/alfa-cli/bin/alfa/command/scrape/run.js:94:21)
    at async run (file:///home/runner/work/open-scans/open-scans/node_modules/@siteimprove/alfa-cli/bin/alfa/command/audit/run.js:31:24)",true,362,1,6,47,image-alt,,false,0,0,0,0,0,0,,Skipped (not requested),false,0,0,0,0,0,0,,Skipped (not requested),false,0,0,0,0,,Skipped (not requested),0,,Accessibility in Higher Education | WA.gov
63,WA.gov Washington State,chromium,both,desktop,1280,800,https://wa.gov/accessibility-in-washington/education-recreation/education-children-through-high-school,https://wa.gov/accessibility-in-washington/education-recreation/education-children-through-high-school,200,true,false,5791,false,0,0,0,0,,"Error: Could not find Chrome (ver. 145.0.7632.77). This can occur if either
 1. you did not perform an installation before running the script (e.g. `npx puppeteer browsers install chrome`) or
 2. your cache path is incorrectly configured (which is: /home/runner/.cache/puppeteer).
For (2), check out our guide on configuring puppeteer at https://pptr.dev/guides/configuration.
    at ChromeLauncher.resolveExecutablePath (file:///home/runner/work/open-scans/open-scans/node_modules/puppeteer-core/lib/esm/puppeteer/node/BrowserLauncher.js:298:27)
    at ChromeLauncher.computeLaunchArguments (file:///home/runner/work/open-scans/open-scans/node_modules/puppeteer-core/lib/esm/puppeteer/node/ChromeLauncher.js:86:24)
    at async ChromeLauncher.launch (file:///home/runner/work/open-scans/open-scans/node_modules/puppeteer-core/lib/esm/puppeteer/node/BrowserLauncher.js:49:28)
    at async Scraper.of (file:///home/runner/work/open-scans/open-scans/node_modules/@siteimprove/alfa-scraper/dist/scraper.js:29:28)
    at async Module.run (file:///home/runner/work/open-scans/open-scans/node_modules/@siteimprove/alfa-cli/bin/alfa/command/scrape/run.js:94:21)
    at async run (file:///home/runner/work/open-scans/open-scans/node_modules/@siteimprove/alfa-cli/bin/alfa/command/audit/run.js:31:24)",true,362,1,4,48,image-alt,,false,0,0,0,0,0,0,,Skipped (not requested),false,0,0,0,0,0,0,,Skipped (not requested),false,0,0,0,0,,Skipped (not requested),0,,Education for Children Through High School | WA.gov
63,WA.gov Washington State,chromium,both,desktop,1280,800,https://wa.gov/accessibility-in-washington/workplace-accessibility/employment-and-workers-rights-for-people-with-disabilities,https://wa.gov/accessibility-in-washington/workplace-accessibility/employment-and-workers-rights-for-people-with-disabilities,200,true,false,5739,false,0,0,0,0,,"Error: Could not find Chrome (ver. 145.0.7632.77). This can occur if either
 1. you did not perform an installation before running the script (e.g. `npx puppeteer browsers install chrome`) or
 2. your cache path is incorrectly configured (which is: /home/runner/.cache/puppeteer).
For (2), check out our guide on configuring puppeteer at https://pptr.dev/guides/configuration.
    at ChromeLauncher.resolveExecutablePath (file:///home/runner/work/open-scans/open-scans/node_modules/puppeteer-core/lib/esm/puppeteer/node/BrowserLauncher.js:298:27)
    at ChromeLauncher.computeLaunchArguments (file:///home/runner/work/open-scans/open-scans/node_modules/puppeteer-core/lib/esm/puppeteer/node/ChromeLauncher.js:86:24)
    at async ChromeLauncher.launch (file:///home/runner/work/open-scans/open-scans/node_modules/puppeteer-core/lib/esm/puppeteer/node/BrowserLauncher.js:49:28)
    at async Scraper.of (file:///home/runner/work/open-scans/open-scans/node_modules/@siteimprove/alfa-scraper/dist/scraper.js:29:28)
    at async Module.run (file:///home/runner/work/open-scans/open-scans/node_modules/@siteimprove/alfa-cli/bin/alfa/command/scrape/run.js:94:21)
    at async run (file:///home/runner/work/open-scans/open-scans/node_modules/@siteimprove/alfa-cli/bin/alfa/command/audit/run.js:31:24)",true,388,1,4,46,image-alt,,false,0,0,0,0,0,0,,Skipped (not requested),false,0,0,0,0,0,0,,Skipped (not requested),false,0,0,0,0,,Skipped (not requested),0,,Employment and Workers Rights for People with Disabilities | WA.gov
