issue_number,scan_title,submitted_url,final_url,http_status,fetch_ok,redirected,elapsed_ms,alfa_executed,alfa_passed,alfa_failed,alfa_cant_tell,alfa_inapplicable,alfa_failed_rules,alfa_error,axe_executed,axe_passed,axe_failed,axe_cant_tell,axe_inapplicable,axe_failed_rules,axe_error,equal_access_executed,equal_access_passed,equal_access_failed,equal_access_failed_unique,equal_access_failed_duplicates,equal_access_cant_tell,equal_access_inapplicable,equal_access_failed_rules,equal_access_error,accesslint_executed,accesslint_passed,accesslint_failed,accesslint_failed_unique,accesslint_failed_duplicates,accesslint_cant_tell,accesslint_inapplicable,accesslint_failed_rules,accesslint_error,qualweb_executed,qualweb_passed,qualweb_failed,qualweb_cant_tell,qualweb_inapplicable,qualweb_failed_rules,qualweb_error,duplicate_findings,fetch_error,page_title
41,UK Councils 2/2 (182),https://www.ne-derbyshire.gov.uk/,https://www.ne-derbyshire.gov.uk/,403,false,false,34453,true,7,4,0,80,https://alfa.siteimprove.com/rules/sia-r59;https://alfa.siteimprove.com/rules/sia-r87;https://alfa.siteimprove.com/rules/sia-r9;https://alfa.siteimprove.com/rules/sia-r96,,true,124,2,0,122,meta-refresh,,true,179,6,6,0,3,0,element_attribute_deprecated;meta_refresh_delay;style_color_misuse;style_highcontrast_visible,,true,90,2,2,0,0,0,enough-time/meta-refresh;enough-time/meta-refresh-no-exception,,true,34,2,2,1,QW-ACT-R4;QW-ACT-R71,,0,,Just a moment...
41,UK Councils 2/2 (182),https://www.nelincs.gov.uk/,https://www.nelincs.gov.uk/,200,true,false,21558,true,1262,86,3,49,https://alfa.siteimprove.com/rules/sia-r111;https://alfa.siteimprove.com/rules/sia-r61;https://alfa.siteimprove.com/rules/sia-r66;https://alfa.siteimprove.com/rules/sia-r68;https://alfa.siteimprove.com/rules/sia-r73,,true,1010,0,10,43,,,true,2559,31,30,1,30,0,aria_child_valid;element_attribute_deprecated;element_tabbable_unobscured;input_label_visible;style_color_misuse;style_focus_visible;style_highcontrast_visible,,true,75,17,17,0,0,0,aria/aria-required-attr;labels-and-names/label-content-mismatch;landmarks/region,,true,738,22,90,2,QW-ACT-R30;QW-ACT-R76,,94,,Welcome to North East Lincolnshire Council
41,UK Councils 2/2 (182),https://www.north-herts.gov.uk/,https://www.north-herts.gov.uk/,403,false,false,25791,true,1134,13,4,47,https://alfa.siteimprove.com/rules/sia-r11;https://alfa.siteimprove.com/rules/sia-r111;https://alfa.siteimprove.com/rules/sia-r2;https://alfa.siteimprove.com/rules/sia-r57;https://alfa.siteimprove.com/rules/sia-r61;https://alfa.siteimprove.com/rules/sia-r66;https://alfa.siteimprove.com/rules/sia-r87,,true,1001,3,2,39,aria-dialog-name;image-alt;link-name,,true,2705,51,40,11,48,0,a_text_purpose;aria_complementary_labelled;element_tabbable_role_valid;element_tabbable_unobscured;figure_label_exists;img_alt_valid;input_label_visible;style_background_decorative;style_color_misuse;style_focus_visible;style_highcontrast_visible;target_spacing_sufficient;text_block_heading,,true,87,5,5,0,0,0,labels-and-names/label-content-mismatch;landmarks/region;navigable/link-name;text-alternatives/img-alt,,true,446,9,89,7,QW-ACT-R12;QW-ACT-R17;QW-ACT-R30;QW-ACT-R76,,20,,403 Forbidden
41,UK Councils 2/2 (182),https://www.n-kesteven.gov.uk/,https://www.n-kesteven.gov.uk/,200,true,false,20982,true,1117,35,15,45,https://alfa.siteimprove.com/rules/sia-r111;https://alfa.siteimprove.com/rules/sia-r14;https://alfa.siteimprove.com/rules/sia-r18;https://alfa.siteimprove.com/rules/sia-r57;https://alfa.siteimprove.com/rules/sia-r66;https://alfa.siteimprove.com/rules/sia-r73;https://alfa.siteimprove.com/rules/sia-r74;https://alfa.siteimprove.com/rules/sia-r78;https://alfa.siteimprove.com/rules/sia-r87,,true,1168,0,19,40,,,true,3825,83,34,49,83,0,aria_attribute_valid;aria_content_in_landmark;element_attribute_deprecated;element_tabbable_unobscured;element_tabbable_visible;input_label_visible;label_name_visible;style_color_misuse;style_focus_visible;style_highcontrast_visible;style_viewport_resizable;text_block_heading;text_sensory_misuse,,true,91,1,1,0,0,0,labels-and-names/label-content-mismatch,,true,524,15,167,2,QW-ACT-R25;QW-ACT-R30;QW-ACT-R76,,86,,Welcome to North Kesteven District Council
41,UK Councils 2/2 (182),https://www.northlanarkshire.gov.uk/,https://www.northlanarkshire.gov.uk/,200,true,false,18642,true,1006,99,72,47,https://alfa.siteimprove.com/rules/sia-r111;https://alfa.siteimprove.com/rules/sia-r14;https://alfa.siteimprove.com/rules/sia-r57;https://alfa.siteimprove.com/rules/sia-r66;https://alfa.siteimprove.com/rules/sia-r74;https://alfa.siteimprove.com/rules/sia-r78;https://alfa.siteimprove.com/rules/sia-r80,,true,743,0,47,42,,,true,2393,50,28,22,68,0,aria_complementary_label_visible;aria_content_in_landmark;aria_form_label_unique;element_attribute_deprecated;element_tabbable_unobscured;input_label_visible;label_name_visible;style_color_misuse;style_focus_visible;style_highcontrast_visible;text_block_heading;text_contrast_sufficient,,true,88,4,4,0,0,0,distinguishable/color-contrast;labels-and-names/label-content-mismatch,,true,344,43,199,1,QW-ACT-R30;QW-ACT-R76,,151,,Welcome to North Lanarkshire Council | North Lanarkshire Council
41,UK Councils 2/2 (182),https://www.northlincs.gov.uk/,https://www.northlincs.gov.uk/,200,true,false,21771,true,502,33,4,51,https://alfa.siteimprove.com/rules/sia-r111;https://alfa.siteimprove.com/rules/sia-r53;https://alfa.siteimprove.com/rules/sia-r61;https://alfa.siteimprove.com/rules/sia-r66;https://alfa.siteimprove.com/rules/sia-r73;https://alfa.siteimprove.com/rules/sia-r78,,true,422,1,2,48,heading-order,,true,1183,5,5,0,6,0,input_label_visible;style_color_misuse;style_highcontrast_visible;style_viewport_resizable,,true,90,2,2,0,0,0,keyboard-accessible/focus-order;navigable/heading-order,,true,211,3,44,6,QW-ACT-R76,,12,,Home - North Lincolnshire Council
41,UK Councils 2/2 (182),https://www.north-norfolk.gov.uk/,https://www.north-norfolk.gov.uk/,200,true,false,59679,false,0,0,0,0,,"RangeError: Invalid string length
    at stringify (<anonymous>)
    at JSON (file:///home/runner/work/open-scans/open-scans/node_modules/@siteimprove/alfa-formatter-json/dist/json.js:8:16)
    at run (file:///home/runner/work/open-scans/open-scans/node_modules/@siteimprove/alfa-cli/bin/alfa/command/audit/run.js:79:41)",true,974,14,29,31,aria-dialog-name;aria-required-children;aria-required-parent;landmark-banner-is-top-level;landmark-no-duplicate-banner;list;nested-interactive,,true,2293,72,45,27,48,0,aria_child_tabbable;aria_child_valid;aria_complementary_label_visible;aria_keyboard_handler_exists;aria_role_valid;element_attribute_deprecated;element_tabbable_unobscured;element_tabbable_visible;input_checkboxes_grouped;input_label_exists;input_label_visible;label_name_visible;style_background_decorative;style_color_misuse;style_highcontrast_visible;table_headers_exists;text_block_heading;text_contrast_sufficient;text_sensory_misuse;widget_tabbable_single,,true,79,13,13,0,0,0,aria/presentational-children-focusable;distinguishable/color-contrast;keyboard-accessible/nested-interactive;labels-and-names/label-content-mismatch;landmarks/banner-is-top-level;landmarks/no-duplicate-banner;navigable/page-has-heading-one,,true,503,40,179,7,QW-ACT-R30;QW-ACT-R33;QW-ACT-R37;QW-ACT-R38;QW-ACT-R65;QW-ACT-R76,,61,,Home
41,UK Councils 2/2 (182),https://www.northnorthants.gov.uk/,https://www.northnorthants.gov.uk/,200,true,false,17728,true,2045,68,0,49,https://alfa.siteimprove.com/rules/sia-r111;https://alfa.siteimprove.com/rules/sia-r73,,true,1411,2,6,47,region,,true,4466,68,23,45,37,0,aria_keyboard_handler_exists;element_attribute_deprecated;input_label_visible;label_name_visible;style_color_misuse;style_focus_visible;style_highcontrast_visible;svg_graphics_labelled;text_block_heading;widget_tabbable_exists,,true,92,0,0,0,0,0,,,true,550,1,263,1,QW-ACT-R28,,106,,North Northamptonshire Council
41,UK Councils 2/2 (182),https://www.n-somerset.gov.uk/,https://n-somerset.gov.uk/,403,false,true,26599,true,754,73,108,49,https://alfa.siteimprove.com/rules/sia-r111;https://alfa.siteimprove.com/rules/sia-r56;https://alfa.siteimprove.com/rules/sia-r61;https://alfa.siteimprove.com/rules/sia-r66;https://alfa.siteimprove.com/rules/sia-r69;https://alfa.siteimprove.com/rules/sia-r73;https://alfa.siteimprove.com/rules/sia-r74,,true,612,5,53,46,color-contrast;landmark-no-duplicate-banner;landmark-unique;page-has-heading-one,,true,1995,45,33,12,57,0,aria_banner_single;element_tabbable_unobscured;label_ref_valid;style_color_misuse;style_focus_visible;style_highcontrast_visible;text_block_heading;text_contrast_sufficient,,true,89,3,3,0,0,0,distinguishable/color-contrast;landmarks/no-duplicate-banner;text-alternatives/image-alt-words,,true,244,4,201,1,QW-ACT-R37;QW-ACT-R76,,73,,403 Forbidden
41,UK Councils 2/2 (182),https://my.northtyneside.gov.uk/,https://my.northtyneside.gov.uk/?originalUrl=https://my.northtyneside.gov.uk/,200,true,true,18215,true,776,36,0,49,https://alfa.siteimprove.com/rules/sia-r111;https://alfa.siteimprove.com/rules/sia-r113;https://alfa.siteimprove.com/rules/sia-r57;https://alfa.siteimprove.com/rules/sia-r61;https://alfa.siteimprove.com/rules/sia-r66;https://alfa.siteimprove.com/rules/sia-r69;https://alfa.siteimprove.com/rules/sia-r73;https://alfa.siteimprove.com/rules/sia-r74,,true,641,3,28,43,aria-dialog-name;landmark-no-duplicate-contentinfo;region,,true,1898,18,13,5,28,0,aria_content_in_landmark;element_attribute_deprecated;element_tabbable_unobscured;input_label_visible;style_color_misuse;style_focus_visible;style_highcontrast_visible;text_block_heading,,true,89,3,3,0,0,0,landmarks/no-duplicate-contentinfo;text-alternatives/image-alt-words,,true,243,4,102,1,QW-ACT-R76,,33,,
41,UK Councils 2/2 (182),https://www.northwarks.gov.uk/,https://www.northwarks.gov.uk/,200,true,false,11937,true,7,4,0,80,https://alfa.siteimprove.com/rules/sia-r4;https://alfa.siteimprove.com/rules/sia-r70;https://alfa.siteimprove.com/rules/sia-r78;https://alfa.siteimprove.com/rules/sia-r87,,true,7,3,0,80,html-has-lang;landmark-one-main;region,,true,19,4,4,0,0,0,aria_content_in_landmark;element_attribute_deprecated;html_lang_exists;skip_main_exists,,true,89,3,3,0,0,0,landmarks/landmark-main;landmarks/region;readable/html-has-lang,,true,9,1,0,0,QW-ACT-R2,,0,,Home – North Warwickshire Borough Council
41,UK Councils 2/2 (182),https://www.nwleics.gov.uk/,https://www.nwleics.gov.uk/,200,true,false,14020,true,4,3,0,84,https://alfa.siteimprove.com/rules/sia-r4;https://alfa.siteimprove.com/rules/sia-r59;https://alfa.siteimprove.com/rules/sia-r87,,true,787,0,26,39,,,true,11,3,3,0,1,0,html_lang_exists;html_skipnav_exists;skip_main_exists,,true,88,4,4,0,0,0,landmarks/landmark-main;navigable/bypass;navigable/page-has-heading-one;readable/html-has-lang,,true,6,1,0,1,QW-ACT-R2,,0,,North West Leicestershire District Council
41,UK Councils 2/2 (182),https://www.northyorks.gov.uk/,https://www.northyorks.gov.uk/,200,true,false,19405,true,536,38,32,53,https://alfa.siteimprove.com/rules/sia-r111;https://alfa.siteimprove.com/rules/sia-r57;https://alfa.siteimprove.com/rules/sia-r74,,true,614,3,17,44,label-title-only;region,,true,2085,45,44,1,40,0,aria_content_in_landmark;element_attribute_deprecated;element_tabbable_unobscured;element_tabbable_visible;input_label_visible;style_color_misuse;style_focus_visible;style_highcontrast_visible;text_contrast_sufficient;text_sensory_misuse,,true,89,3,3,0,0,0,landmarks/landmark-main;landmarks/main-is-top-level;landmarks/no-duplicate-main,,true,279,1,76,2,QW-ACT-R76,,35,,Home | North Yorkshire Council
41,UK Councils 2/2 (182),https://www.northumberland.gov.uk/,https://www.northumberland.gov.uk/,200,true,false,23560,true,1326,54,7,48,https://alfa.siteimprove.com/rules/sia-r111;https://alfa.siteimprove.com/rules/sia-r3;https://alfa.siteimprove.com/rules/sia-r57;https://alfa.siteimprove.com/rules/sia-r66;https://alfa.siteimprove.com/rules/sia-r69;https://alfa.siteimprove.com/rules/sia-r73;https://alfa.siteimprove.com/rules/sia-r87,,true,782,10,7,47,color-contrast;region,,true,2118,55,49,6,43,0,aria_content_in_landmark;aria_role_redundant;element_id_unique;element_tabbable_unobscured;style_color_misuse;style_focus_visible;style_highcontrast_visible;style_viewport_resizable;text_block_heading;text_contrast_sufficient,,true,83,9,9,0,0,0,distinguishable/color-contrast;labels-and-names/duplicate-id-aria;landmarks/landmark-unique,,false,0,0,0,0,,QualWeb evaluation returned no report,51,,Northumberland County Council | Northumberland County Council
41,UK Councils 2/2 (182),https://www.norwich.gov.uk/,https://www.norwich.gov.uk/,200,true,false,22694,true,756,48,22,48,https://alfa.siteimprove.com/rules/sia-r111;https://alfa.siteimprove.com/rules/sia-r3;https://alfa.siteimprove.com/rules/sia-r57;https://alfa.siteimprove.com/rules/sia-r66;https://alfa.siteimprove.com/rules/sia-r69;https://alfa.siteimprove.com/rules/sia-r73;https://alfa.siteimprove.com/rules/sia-r87,,true,727,2,8,41,color-contrast;region,,true,2482,41,39,2,33,0,aria_attribute_redundant;aria_content_in_landmark;element_attribute_deprecated;element_id_unique;element_tabbable_unobscured;form_label_unique;input_label_before;input_label_visible;style_color_misuse;style_focus_visible;style_highcontrast_visible;svg_graphics_labelled;text_block_heading;text_contrast_sufficient,,true,89,3,2,1,0,0,labels-and-names/duplicate-id-aria;labels-and-names/multiple-labels,,true,345,12,80,3,QW-ACT-R37;QW-ACT-R76,,49,,Norwich CC Homepage | Norwich City Council
41,UK Councils 2/2 (182),https://www.nottinghamcity.gov.uk/,https://www.nottinghamcity.gov.uk/,200,true,false,23631,true,849,63,7,55,https://alfa.siteimprove.com/rules/sia-r111;https://alfa.siteimprove.com/rules/sia-r18;https://alfa.siteimprove.com/rules/sia-r3,,true,683,0,6,46,,,true,2148,17,17,0,16,0,aria_attribute_valid;aria_complementary_labelled;element_id_unique;element_tabbable_visible;input_label_visible;style_color_misuse;style_focus_visible;style_highcontrast_visible;style_viewport_resizable;text_block_heading;text_sensory_misuse,,true,88,4,4,0,0,0,adaptable/aria-required-children,,true,407,2,104,1,QW-ACT-R25;QW-ACT-R37,,56,,Homepage  - Nottingham City Council
41,UK Councils 2/2 (182),https://www.nottinghamshire.gov.uk/,https://www.nottinghamshire.gov.uk/,200,true,false,22781,true,554,28,4,52,https://alfa.siteimprove.com/rules/sia-r11;https://alfa.siteimprove.com/rules/sia-r111;https://alfa.siteimprove.com/rules/sia-r113;https://alfa.siteimprove.com/rules/sia-r2;https://alfa.siteimprove.com/rules/sia-r57;https://alfa.siteimprove.com/rules/sia-r66;https://alfa.siteimprove.com/rules/sia-r73;https://alfa.siteimprove.com/rules/sia-r74;https://alfa.siteimprove.com/rules/sia-r80,,true,425,9,0,44,image-alt;image-redundant-alt;link-name;region,,true,1242,43,40,3,22,0,a_text_purpose;aria_content_in_landmark;element_attribute_deprecated;element_tabbable_unobscured;element_tabbable_visible;img_alt_redundant;img_alt_valid;style_color_misuse;style_focus_visible;style_highcontrast_visible;style_viewport_resizable;text_contrast_sufficient,,true,82,10,10,0,0,0,distinguishable/color-contrast;landmarks/region;navigable/link-name;text-alternatives/image-redundant-alt;text-alternatives/img-alt,,false,0,0,0,0,,QualWeb evaluation returned no report,22,,Home | Nottinghamshire County Council
41,UK Councils 2/2 (182),https://www.nuneatonandbedworth.gov.uk/,https://www.nuneatonandbedworth.gov.uk/,200,true,false,13078,true,7,4,0,80,https://alfa.siteimprove.com/rules/sia-r4;https://alfa.siteimprove.com/rules/sia-r70;https://alfa.siteimprove.com/rules/sia-r78;https://alfa.siteimprove.com/rules/sia-r87,,true,7,3,0,80,html-has-lang;landmark-one-main;region,,true,19,4,4,0,0,0,aria_content_in_landmark;element_attribute_deprecated;html_lang_exists;skip_main_exists,,true,89,3,3,0,0,0,landmarks/landmark-main;landmarks/region;readable/html-has-lang,,true,9,1,0,0,QW-ACT-R2,,0,,Homepage – Nuneaton and Bedworth Borough Council
41,UK Councils 2/2 (182),https://www.oadby-wigston.gov.uk/,https://www.oadby-wigston.gov.uk/,200,true,false,12538,true,4,3,0,84,https://alfa.siteimprove.com/rules/sia-r4;https://alfa.siteimprove.com/rules/sia-r59;https://alfa.siteimprove.com/rules/sia-r87,,true,775,2,15,38,aria-dialog-name;color-contrast,,true,11,3,3,0,1,0,html_lang_exists;html_skipnav_exists;skip_main_exists,,true,88,4,4,0,0,0,landmarks/landmark-main;navigable/bypass;navigable/page-has-heading-one;readable/html-has-lang,,true,6,1,0,1,QW-ACT-R2,,0,,Oadby and Wigston Borough Council
41,UK Councils 2/2 (182),https://www.oldham.gov.uk/,https://www.oldham.gov.uk/,200,true,false,11528,true,7,4,0,80,https://alfa.siteimprove.com/rules/sia-r4;https://alfa.siteimprove.com/rules/sia-r70;https://alfa.siteimprove.com/rules/sia-r78;https://alfa.siteimprove.com/rules/sia-r87,,true,7,3,0,80,html-has-lang;landmark-one-main;region,,true,19,4,4,0,0,0,aria_content_in_landmark;element_attribute_deprecated;html_lang_exists;skip_main_exists,,true,89,3,3,0,0,0,landmarks/landmark-main;landmarks/region;readable/html-has-lang,,true,9,1,0,0,QW-ACT-R2,,0,,Main Homepage
41,UK Councils 2/2 (182),https://www.orkney.gov.uk/,https://www.orkney.gov.uk/,200,true,false,23338,true,910,54,22,45,https://alfa.siteimprove.com/rules/sia-r111;https://alfa.siteimprove.com/rules/sia-r57;https://alfa.siteimprove.com/rules/sia-r66;https://alfa.siteimprove.com/rules/sia-r68;https://alfa.siteimprove.com/rules/sia-r73;https://alfa.siteimprove.com/rules/sia-r87,,true,1282,2,3,38,region,,true,3079,46,46,0,38,0,aria_child_valid;aria_content_in_landmark;aria_role_redundant;element_attribute_deprecated;element_tabbable_role_valid;element_tabbable_unobscured;element_tabbable_visible;input_label_visible;style_background_decorative;style_color_misuse;style_focus_visible;style_highcontrast_visible,,true,92,0,0,0,0,0,,,true,842,5,155,8,QW-ACT-R76,,50,,Home
41,UK Councils 2/2 (182),https://www.oxford.gov.uk/,https://www.oxford.gov.uk/,200,true,false,11309,true,7,4,0,80,https://alfa.siteimprove.com/rules/sia-r4;https://alfa.siteimprove.com/rules/sia-r70;https://alfa.siteimprove.com/rules/sia-r78;https://alfa.siteimprove.com/rules/sia-r87,,true,7,3,0,80,html-has-lang;landmark-one-main;region,,true,19,4,4,0,0,0,aria_content_in_landmark;element_attribute_deprecated;html_lang_exists;skip_main_exists,,true,89,3,3,0,0,0,landmarks/landmark-main;landmarks/region;readable/html-has-lang,,true,9,1,0,0,QW-ACT-R2,,0,,Oxford City Council Homepage – Oxford City Council
41,UK Councils 2/2 (182),https://www.oxfordshire.gov.uk/,https://www.oxfordshire.gov.uk/,200,true,false,33647,true,714,29,8,48,https://alfa.siteimprove.com/rules/sia-r3;https://alfa.siteimprove.com/rules/sia-r57;https://alfa.siteimprove.com/rules/sia-r61;https://alfa.siteimprove.com/rules/sia-r68;https://alfa.siteimprove.com/rules/sia-r87,,true,606,3,21,41,aria-allowed-role;region;skip-link,,true,2054,52,49,3,32,0,aria_child_valid;aria_content_in_landmark;aria_keyboard_handler_exists;aria_role_redundant;element_attribute_deprecated;element_id_unique;element_tabbable_role_valid;element_tabbable_unobscured;input_label_visible;label_name_visible;style_color_misuse;style_focus_visible;style_highcontrast_visible;text_contrast_sufficient;text_sensory_misuse,,true,79,13,11,2,0,0,aria/aria-allowed-role;distinguishable/color-contrast;keyboard-accessible/focus-order;landmarks/region;navigable/skip-link;text-alternatives/image-alt-words,,true,332,2,141,6,QW-ACT-R30;QW-ACT-R76,,27,,Home | Oxfordshire County Council
41,UK Councils 2/2 (182),https://www.pembrokeshire.gov.uk/,https://www.pembrokeshire.gov.uk/,200,true,false,20784,true,74,1,21,75,https://alfa.siteimprove.com/rules/sia-r59,,true,57,12,9,73,landmark-one-main;page-has-heading-one;region,,true,289,19,19,0,8,0,aria_content_in_landmark;element_attribute_deprecated;element_tabbable_visible;html_skipnav_exists;skip_main_exists;style_color_misuse;style_highcontrast_visible;svg_graphics_labelled;text_block_heading,,true,88,4,4,0,0,0,landmarks/landmark-main;landmarks/region;navigable/bypass;navigable/page-has-heading-one,,true,42,0,10,1,,,0,,Pembrokeshire County Council
41,UK Councils 2/2 (182),https://www.pendle.gov.uk/,https://www.pendle.gov.uk/,200,true,false,18644,true,472,66,6,55,https://alfa.siteimprove.com/rules/sia-r111;https://alfa.siteimprove.com/rules/sia-r53;https://alfa.siteimprove.com/rules/sia-r66;https://alfa.siteimprove.com/rules/sia-r73,,true,398,22,8,45,color-contrast;heading-order;region,,true,1401,30,24,6,20,0,aria_content_in_landmark;element_attribute_deprecated;element_tabbable_unobscured;element_tabbable_visible;input_label_visible;style_color_misuse;style_focus_visible;style_highcontrast_visible;svg_graphics_labelled;text_block_heading;text_contrast_sufficient,,true,86,6,6,0,0,0,distinguishable/color-contrast;landmarks/region;navigable/heading-order,,true,188,26,102,2,QW-ACT-R76,,91,,Pendle Borough Council Homepage
41,UK Councils 2/2 (182),https://www.pkc.gov.uk/,https://www.pkc.gov.uk/,200,true,false,21486,true,657,17,1,48,https://alfa.siteimprove.com/rules/sia-r111;https://alfa.siteimprove.com/rules/sia-r17;https://alfa.siteimprove.com/rules/sia-r61;https://alfa.siteimprove.com/rules/sia-r68;https://alfa.siteimprove.com/rules/sia-r73;https://alfa.siteimprove.com/rules/sia-r8,,true,571,1,4,43,page-has-heading-one,,true,1593,48,48,0,44,0,aria_keyboard_handler_exists;aria_role_redundant;element_tabbable_unobscured;element_tabbable_visible;html_skipnav_exists;style_color_misuse;style_focus_visible;style_highcontrast_visible,,true,90,2,2,0,0,0,landmarks/region;navigable/page-has-heading-one,,true,283,0,66,1,,,5,,Perth and Kinross Council - Perth &amp; Kinross Council
41,UK Councils 2/2 (182),https://www.peterborough.gov.uk/,https://www.peterborough.gov.uk/,200,true,false,24455,true,500,36,0,52,https://alfa.siteimprove.com/rules/sia-r111;https://alfa.siteimprove.com/rules/sia-r57;https://alfa.siteimprove.com/rules/sia-r66,,true,852,12,0,41,button-name;heading-order;landmark-banner-is-top-level;region,,true,2026,77,76,1,66,0,aria_complementary_labelled;aria_content_in_landmark;aria_keyboard_handler_exists;element_attribute_deprecated;element_tabbable_unobscured;element_tabbable_visible;input_label_exists;input_label_visible;label_name_visible;style_color_misuse;style_focus_visible;style_highcontrast_visible;text_sensory_misuse;widget_tabbable_single,,true,86,6,6,0,0,0,labels-and-names/button-name;landmarks/region;navigable/heading-order,,true,474,25,130,3,QW-ACT-R11;QW-ACT-R30;QW-ACT-R76,,53,,Peterborough City Council | Peterborough City Council
41,UK Councils 2/2 (182),https://www.plymouth.gov.uk/,https://www.plymouth.gov.uk/,403,false,false,31820,true,66,2,1,61,https://alfa.siteimprove.com/rules/sia-r9;https://alfa.siteimprove.com/rules/sia-r96,,true,124,2,0,122,meta-refresh,,true,179,6,6,0,3,0,element_attribute_deprecated;meta_refresh_delay;style_color_misuse;style_highcontrast_visible,,true,90,2,2,0,0,0,enough-time/meta-refresh;enough-time/meta-refresh-no-exception,,true,34,2,2,1,QW-ACT-R4;QW-ACT-R71,,0,,Just a moment...
41,UK Councils 2/2 (182),https://www.portsmouth.gov.uk/,https://www.portsmouth.gov.uk/,200,true,false,32953,true,770,59,1,48,https://alfa.siteimprove.com/rules/sia-r111;https://alfa.siteimprove.com/rules/sia-r57;https://alfa.siteimprove.com/rules/sia-r66;https://alfa.siteimprove.com/rules/sia-r73,,true,701,1,2,42,region,,true,2490,35,32,3,25,0,aria_content_in_landmark;aria_role_redundant;element_attribute_deprecated;element_id_unique;element_tabbable_unobscured;element_tabbable_visible;figure_label_exists;form_submit_button_exists;input_label_visible;style_color_misuse;style_focus_visible;style_highcontrast_visible;svg_graphics_labelled;target_spacing_sufficient;text_sensory_misuse;widget_tabbable_exists,,true,88,4,4,0,0,0,landmarks/landmark-unique;landmarks/region;navigable/heading-order,,true,255,37,121,1,QW-ACT-R12;QW-ACT-R37;QW-ACT-R76,,85,,Home - Portsmouth City Council
41,UK Councils 2/2 (182),https://www.powys.gov.uk/,https://www.powys.gov.uk/,200,true,false,16200,true,39,2,9,65,https://alfa.siteimprove.com/rules/sia-r73,,true,39,0,0,67,,,true,97,3,3,0,4,0,style_background_decorative;style_color_misuse;style_highcontrast_visible,,true,92,0,0,0,0,0,,,true,19,2,2,1,QW-ACT-R76,,2,,Cyngor Sir Powys County Council
41,UK Councils 2/2 (182),https://www.preston.gov.uk/,https://www.preston.gov.uk/,200,true,false,21288,true,904,33,21,47,https://alfa.siteimprove.com/rules/sia-r111;https://alfa.siteimprove.com/rules/sia-r53;https://alfa.siteimprove.com/rules/sia-r56;https://alfa.siteimprove.com/rules/sia-r61;https://alfa.siteimprove.com/rules/sia-r68;https://alfa.siteimprove.com/rules/sia-r73;https://alfa.siteimprove.com/rules/sia-r8,,true,639,1,4,42,heading-order,,true,1495,53,52,1,56,0,aria_keyboard_handler_exists;element_tabbable_unobscured;element_tabbable_visible;figure_label_exists;style_color_misuse;style_focus_visible;style_highcontrast_visible;text_block_heading;text_sensory_misuse,,true,89,3,3,0,0,0,landmarks/landmark-unique;navigable/heading-order;text-alternatives/image-alt-words,,true,348,8,84,1,QW-ACT-R76,,27,,Home Page - Preston City Council
41,UK Councils 2/2 (182),https://www.reading.gov.uk/,https://www.reading.gov.uk/,200,true,false,36958,false,0,0,0,0,,"RangeError: Invalid string length
    at stringify (<anonymous>)
    at JSON (file:///home/runner/work/open-scans/open-scans/node_modules/@siteimprove/alfa-formatter-json/dist/json.js:8:16)
    at run (file:///home/runner/work/open-scans/open-scans/node_modules/@siteimprove/alfa-cli/bin/alfa/command/audit/run.js:79:41)",true,1423,22,5,47,image-redundant-alt;landmark-one-main;landmark-unique;region,,true,4366,70,60,10,30,0,aria_content_in_landmark;aria_contentinfo_misuse;aria_id_unique;aria_landmark_name_unique;aria_region_label_unique;aria_role_redundant;caption_track_exists;element_attribute_deprecated;element_tabbable_role_valid;element_tabbable_unobscured;element_tabbable_visible;img_alt_redundant;input_label_visible;media_keyboard_controllable;style_background_decorative;style_color_misuse;style_focus_visible;style_highcontrast_visible;svg_graphics_labelled;target_spacing_sufficient;text_block_heading;text_quoted_correctly;widget_tabbable_single,,true,62,30,27,3,0,0,aria/presentational-children-focusable;keyboard-accessible/focus-order;keyboard-accessible/nested-interactive;landmarks/landmark-main;landmarks/landmark-unique;text-alternatives/image-alt-words;text-alternatives/image-redundant-alt,,true,454,2,112,6,QW-ACT-R76,,14,,Reading Borough Council
41,UK Councils 2/2 (182),https://www.redcar-cleveland.gov.uk/,https://www.redcar-cleveland.gov.uk/,200,true,false,23740,true,639,39,12,50,https://alfa.siteimprove.com/rules/sia-r111;https://alfa.siteimprove.com/rules/sia-r12;https://alfa.siteimprove.com/rules/sia-r14;https://alfa.siteimprove.com/rules/sia-r18;https://alfa.siteimprove.com/rules/sia-r3;https://alfa.siteimprove.com/rules/sia-r53;https://alfa.siteimprove.com/rules/sia-r57;https://alfa.siteimprove.com/rules/sia-r61;https://alfa.siteimprove.com/rules/sia-r66;https://alfa.siteimprove.com/rules/sia-r73;https://alfa.siteimprove.com/rules/sia-r74;https://alfa.siteimprove.com/rules/sia-r87,,true,733,4,6,43,button-name;heading-order;region,,true,2412,53,49,4,44,0,aria_attribute_redundant;aria_attribute_valid;aria_content_in_landmark;element_attribute_deprecated;element_id_unique;element_tabbable_role_valid;element_tabbable_unobscured;element_tabbable_visible;input_label_exists;input_label_visible;label_name_visible;style_background_decorative;style_color_misuse;style_focus_visible;style_highcontrast_visible;svg_graphics_labelled;target_spacing_sufficient;text_block_heading;text_contrast_sufficient,,true,86,6,6,0,0,0,labels-and-names/label-content-mismatch;landmarks/region;navigable/heading-order;text-alternatives/image-alt-words,,true,267,30,85,2,QW-ACT-R11;QW-ACT-R25;QW-ACT-R30;QW-ACT-R37;QW-ACT-R76,,54,,Redcar and Cleveland Homepage | Redcar and Cleveland
41,UK Councils 2/2 (182),https://www.redditchbc.gov.uk/,https://www.redditchbc.gov.uk/,200,true,false,49623,true,2527,106,24,41,https://alfa.siteimprove.com/rules/sia-r111;https://alfa.siteimprove.com/rules/sia-r12;https://alfa.siteimprove.com/rules/sia-r3;https://alfa.siteimprove.com/rules/sia-r42;https://alfa.siteimprove.com/rules/sia-r53;https://alfa.siteimprove.com/rules/sia-r56;https://alfa.siteimprove.com/rules/sia-r57;https://alfa.siteimprove.com/rules/sia-r61;https://alfa.siteimprove.com/rules/sia-r66;https://alfa.siteimprove.com/rules/sia-r68;https://alfa.siteimprove.com/rules/sia-r69;https://alfa.siteimprove.com/rules/sia-r73;https://alfa.siteimprove.com/rules/sia-r74;https://alfa.siteimprove.com/rules/sia-r78;https://alfa.siteimprove.com/rules/sia-r8;https://alfa.siteimprove.com/rules/sia-r87,,true,2553,36,6,38,aria-allowed-role;aria-required-children;aria-required-parent;button-name;color-contrast;heading-order;landmark-unique;list;meta-viewport-large;region,,true,4335,210,159,51,146,0,aria_child_tabbable;aria_child_valid;aria_content_in_landmark;aria_descendant_valid;aria_eventhandler_role_valid;aria_keyboard_handler_exists;aria_landmark_name_unique;aria_navigation_label_unique;aria_parent_required;aria_region_label_unique;aria_role_valid;aria_widget_labelled;element_attribute_deprecated;element_id_unique;element_tabbable_role_valid;element_tabbable_unobscured;element_tabbable_visible;input_label_exists;input_label_visible;label_ref_valid;style_color_misuse;style_focus_visible;style_highcontrast_visible;svg_graphics_labelled;target_spacing_sufficient;text_block_heading;text_contrast_sufficient;text_sensory_misuse;widget_tabbable_single,,true,35,57,52,5,0,0,adaptable/list-children;aria/aria-allowed-role;distinguishable/color-contrast;keyboard-accessible/focus-order;labels-and-names/aria-toggle-field-name;labels-and-names/button-name;labels-and-names/duplicate-id-aria;labels-and-names/form-label;labels-and-names/label-content-mismatch;labels-and-names/multiple-labels;landmarks/landmark-unique;landmarks/region;navigable/heading-order;navigable/page-has-heading-one,,true,970,51,381,0,QW-ACT-R11;QW-ACT-R16;QW-ACT-R30;QW-ACT-R33;QW-ACT-R37;QW-ACT-R38;QW-ACT-R76,,167,,Redditch Borough Council
41,UK Councils 2/2 (182),https://www.reigate-banstead.gov.uk/,https://www.reigate-banstead.gov.uk/,200,true,false,11643,true,7,4,0,80,https://alfa.siteimprove.com/rules/sia-r4;https://alfa.siteimprove.com/rules/sia-r70;https://alfa.siteimprove.com/rules/sia-r78;https://alfa.siteimprove.com/rules/sia-r87,,true,7,3,0,80,html-has-lang;landmark-one-main;region,,true,19,4,4,0,0,0,aria_content_in_landmark;element_attribute_deprecated;html_lang_exists;skip_main_exists,,true,89,3,3,0,0,0,landmarks/landmark-main;landmarks/region;readable/html-has-lang,,true,9,1,0,0,QW-ACT-R2,,0,,Reigate and Banstead Homepage
41,UK Councils 2/2 (182),https://www.renfrewshire.gov.uk/,https://www.renfrewshire.gov.uk/,200,true,false,17927,true,1075,150,1,48,https://alfa.siteimprove.com/rules/sia-r111;https://alfa.siteimprove.com/rules/sia-r14;https://alfa.siteimprove.com/rules/sia-r66;https://alfa.siteimprove.com/rules/sia-r69;https://alfa.siteimprove.com/rules/sia-r73,,true,1172,0,1,44,,,true,3568,87,34,53,47,0,aria_form_label_unique;aria_landmark_name_unique;element_attribute_deprecated;element_tabbable_unobscured;input_label_visible;label_name_visible;style_color_misuse;style_focus_visible;style_highcontrast_visible;svg_graphics_labelled;text_block_heading,,true,89,3,3,0,0,0,distinguishable/color-contrast;labels-and-names/label-content-mismatch;navigable/heading-order,,true,417,78,123,1,QW-ACT-R30;QW-ACT-R76,,272,,Welcome to Renfrewshire Council
41,UK Councils 2/2 (182),https://www.rctcbc.gov.uk/,https://www.rctcbc.gov.uk/Index.aspx,200,true,true,16790,true,56,4,1,63,https://alfa.siteimprove.com/rules/sia-r57;https://alfa.siteimprove.com/rules/sia-r66;https://alfa.siteimprove.com/rules/sia-r78,,true,58,1,0,63,region,,true,180,4,4,0,3,0,aria_content_in_landmark;form_submit_button_exists;style_color_misuse;style_highcontrast_visible,,true,91,1,1,0,0,0,landmarks/region,,true,22,2,8,1,QW-ACT-R76,,2,,Welcome to Rhondda Cynon Taf County Borough Council
41,UK Councils 2/2 (182),https://www.ribblevalley.gov.uk/,https://www.ribblevalley.gov.uk/,200,true,false,30417,true,883,70,7,46,https://alfa.siteimprove.com/rules/sia-r111;https://alfa.siteimprove.com/rules/sia-r18;https://alfa.siteimprove.com/rules/sia-r66;https://alfa.siteimprove.com/rules/sia-r73;https://alfa.siteimprove.com/rules/sia-r78,,true,783,0,26,43,,,true,2578,43,22,21,41,0,aria_attribute_valid;element_attribute_deprecated;element_tabbable_unobscured;element_tabbable_visible;style_color_misuse;style_focus_visible;style_highcontrast_visible;text_contrast_sufficient;text_sensory_misuse,,true,92,0,0,0,0,0,,,true,342,46,146,1,QW-ACT-R25;QW-ACT-R37;QW-ACT-R76,,125,,Home Page – Ribble Valley Borough Council
41,UK Councils 2/2 (182),https://www.rochdale.gov.uk/,https://www.rochdale.gov.uk/,200,true,false,11774,true,7,4,0,80,https://alfa.siteimprove.com/rules/sia-r4;https://alfa.siteimprove.com/rules/sia-r70;https://alfa.siteimprove.com/rules/sia-r78;https://alfa.siteimprove.com/rules/sia-r87,,true,7,3,0,80,html-has-lang;landmark-one-main;region,,true,19,4,4,0,0,0,aria_content_in_landmark;element_attribute_deprecated;html_lang_exists;skip_main_exists,,true,89,3,3,0,0,0,landmarks/landmark-main;landmarks/region;readable/html-has-lang,,true,9,1,0,0,QW-ACT-R2,,0,,Homepage – Rochdale Borough Council
41,UK Councils 2/2 (182),https://www.rochford.gov.uk/,https://www.rochford.gov.uk/,403,false,false,50310,true,901,32,20,44,https://alfa.siteimprove.com/rules/sia-r111;https://alfa.siteimprove.com/rules/sia-r13;https://alfa.siteimprove.com/rules/sia-r53;https://alfa.siteimprove.com/rules/sia-r56;https://alfa.siteimprove.com/rules/sia-r57;https://alfa.siteimprove.com/rules/sia-r61;https://alfa.siteimprove.com/rules/sia-r66;https://alfa.siteimprove.com/rules/sia-r69;https://alfa.siteimprove.com/rules/sia-r87,,true,1151,10,14,34,aria-dialog-name;aria-prohibited-attr;button-name;frame-title;heading-order;landmark-banner-is-top-level;landmark-no-duplicate-banner;landmark-unique,,true,2638,63,62,1,52,0,aria_banner_label_unique;aria_complementary_label_visible;aria_complementary_labelled;aria_form_label_unique;element_attribute_deprecated;element_tabbable_role_valid;element_tabbable_unobscured;element_tabbable_visible;figure_label_exists;frame_src_valid;frame_title_exists;input_label_visible;style_background_decorative;style_color_misuse;style_focus_visible;style_highcontrast_visible;text_block_heading;text_quoted_correctly;text_sensory_misuse,,true,86,6,6,0,0,0,labels-and-names/frame-title;labels-and-names/label-content-mismatch;landmarks/no-duplicate-banner;landmarks/region;navigable/heading-order,,true,364,25,84,8,QW-ACT-R19;QW-ACT-R30;QW-ACT-R37;QW-ACT-R76,,45,,403 Forbidden
41,UK Councils 2/2 (182),https://www.rossendale.gov.uk/,https://www.rossendale.gov.uk/,200,true,false,11511,true,7,4,0,80,https://alfa.siteimprove.com/rules/sia-r4;https://alfa.siteimprove.com/rules/sia-r70;https://alfa.siteimprove.com/rules/sia-r78;https://alfa.siteimprove.com/rules/sia-r87,,true,7,3,0,80,html-has-lang;landmark-one-main;region,,true,19,4,4,0,0,0,aria_content_in_landmark;element_attribute_deprecated;html_lang_exists;skip_main_exists,,true,89,3,3,0,0,0,landmarks/landmark-main;landmarks/region;readable/html-has-lang,,true,9,1,0,0,QW-ACT-R2,,0,,Rossendale Borough Council Main Homepage – Rossendale Borough Council
41,UK Councils 2/2 (182),https://www.rother.gov.uk/,https://www.rother.gov.uk/,200,true,false,28801,true,671,12,9,43,https://alfa.siteimprove.com/rules/sia-r111;https://alfa.siteimprove.com/rules/sia-r57;https://alfa.siteimprove.com/rules/sia-r73;https://alfa.siteimprove.com/rules/sia-r87,,true,1236,2,18,82,region,,true,1554,57,51,6,56,0,aria_content_in_landmark;aria_descendant_valid;element_attribute_deprecated;element_tabbable_unobscured;element_tabbable_visible;input_label_visible;style_color_misuse;style_focus_visible;style_highcontrast_visible;style_viewport_resizable;text_block_heading,,true,78,14,14,0,0,0,aria/aria-allowed-role;distinguishable/color-contrast;keyboard-accessible/focus-order;landmarks/landmark-unique;landmarks/region,,true,376,0,97,5,,,12,,Rother District Council
41,UK Councils 2/2 (182),https://www.rotherham.gov.uk/,https://www.rotherham.gov.uk/,200,true,false,11384,true,7,4,0,80,https://alfa.siteimprove.com/rules/sia-r4;https://alfa.siteimprove.com/rules/sia-r70;https://alfa.siteimprove.com/rules/sia-r78;https://alfa.siteimprove.com/rules/sia-r87,,true,7,3,0,80,html-has-lang;landmark-one-main;region,,true,19,4,4,0,0,0,aria_content_in_landmark;element_attribute_deprecated;html_lang_exists;skip_main_exists,,true,89,3,3,0,0,0,landmarks/landmark-main;landmarks/region;readable/html-has-lang,,true,9,1,0,0,QW-ACT-R2,,0,,Homepage – Rotherham Metropolitan Borough Council
41,UK Councils 2/2 (182),https://www.royalgreenwich.gov.uk/,https://www.royalgreenwich.gov.uk/,200,true,false,20428,true,635,45,1,50,https://alfa.siteimprove.com/rules/sia-r111;https://alfa.siteimprove.com/rules/sia-r14;https://alfa.siteimprove.com/rules/sia-r19;https://alfa.siteimprove.com/rules/sia-r3;https://alfa.siteimprove.com/rules/sia-r53;https://alfa.siteimprove.com/rules/sia-r57;https://alfa.siteimprove.com/rules/sia-r61;https://alfa.siteimprove.com/rules/sia-r66,,true,600,4,5,42,aria-valid-attr-value;landmark-no-duplicate-contentinfo;region,,true,1580,29,27,2,20,0,aria_attribute_value_valid;aria_content_in_landmark;aria_form_label_unique;aria_role_redundant;element_id_unique;element_tabbable_visible;fieldset_label_valid;fieldset_legend_valid;form_submit_button_exists;input_label_visible;style_color_misuse;style_focus_visible;style_highcontrast_visible;text_block_heading,,true,87,5,5,0,0,0,aria/aria-valid-attr-value;labels-and-names/label-content-mismatch;landmarks/no-duplicate-contentinfo,,true,289,15,67,4,QW-ACT-R30;QW-ACT-R34;QW-ACT-R37;QW-ACT-R76,,45,,Royal Greenwich | Royal Borough of Greenwich
41,UK Councils 2/2 (182),https://www.rbkc.gov.uk/,https://www.rbkc.gov.uk/,200,true,false,16822,true,760,61,4,48,https://alfa.siteimprove.com/rules/sia-r111;https://alfa.siteimprove.com/rules/sia-r56;https://alfa.siteimprove.com/rules/sia-r61;https://alfa.siteimprove.com/rules/sia-r66;https://alfa.siteimprove.com/rules/sia-r69;https://alfa.siteimprove.com/rules/sia-r73,,true,646,8,20,42,color-contrast;landmark-no-duplicate-banner;landmark-unique,,true,2008,73,54,19,53,0,aria_banner_label_unique;aria_banner_single;aria_form_label_unique;aria_landmark_name_unique;aria_role_redundant;element_attribute_deprecated;element_tabbable_unobscured;frame_src_valid;frame_title_exists;html_lang_exists;html_skipnav_exists;input_label_visible;label_name_visible;style_color_misuse;style_focus_visible;style_highcontrast_visible;svg_graphics_labelled;text_block_heading;text_contrast_sufficient;widget_tabbable_exists,,true,80,12,12,0,0,0,distinguishable/color-contrast;labels-and-names/label-content-mismatch;landmarks/no-duplicate-banner,,true,337,28,63,1,QW-ACT-R30;QW-ACT-R37;QW-ACT-R76,,92,,Homepage | Royal Borough of Kensington and Chelsea
41,UK Councils 2/2 (182),https://www.kingston.gov.uk/,https://www.kingston.gov.uk/,200,true,false,23735,true,1654,67,22,45,https://alfa.siteimprove.com/rules/sia-r111;https://alfa.siteimprove.com/rules/sia-r14;https://alfa.siteimprove.com/rules/sia-r18;https://alfa.siteimprove.com/rules/sia-r3;https://alfa.siteimprove.com/rules/sia-r56;https://alfa.siteimprove.com/rules/sia-r61;https://alfa.siteimprove.com/rules/sia-r66;https://alfa.siteimprove.com/rules/sia-r73;https://alfa.siteimprove.com/rules/sia-r74;https://alfa.siteimprove.com/rules/sia-r80;https://alfa.siteimprove.com/rules/sia-r83;https://alfa.siteimprove.com/rules/sia-r87,,true,1480,2,25,33,landmark-no-duplicate-contentinfo;landmark-unique,,true,4504,265,138,127,256,0,aria_attribute_redundant;aria_attribute_valid;aria_form_label_unique;aria_id_unique;element_attribute_deprecated;element_tabbable_role_valid;element_tabbable_unobscured;element_tabbable_visible;form_interaction_review;frame_src_valid;input_checkboxes_grouped;input_label_visible;label_name_visible;style_color_misuse;style_focus_visible;style_highcontrast_visible;svg_graphics_labelled;text_block_heading;text_contrast_sufficient;text_sensory_misuse;widget_tabbable_exists,,true,81,11,11,0,0,0,keyboard-accessible/focus-order;labels-and-names/duplicate-id-aria;labels-and-names/frame-title;labels-and-names/label-content-mismatch;landmarks/landmark-unique;landmarks/no-duplicate-contentinfo;landmarks/region;readable/valid-lang,,true,859,156,365,1,QW-ACT-R25;QW-ACT-R30;QW-ACT-R37;QW-ACT-R76,,327,,Homepage | Royal Borough of Kingston upon Thames
41,UK Councils 2/2 (182),https://www.rugby.gov.uk/,https://www.rugby.gov.uk/,,false,false,60001,false,0,0,0,0,,URL scan timeout exceeded,false,0,0,0,0,,URL scan timeout exceeded,false,0,0,0,0,0,0,,URL scan timeout exceeded,false,0,0,0,0,0,0,,URL scan timeout exceeded,false,0,0,0,0,,URL scan timeout exceeded,0,URL scan exceeded 60s timeout,
41,UK Councils 2/2 (182),https://www.runnymede.gov.uk/,https://www.runnymede.gov.uk/,200,true,false,11395,true,7,4,0,80,https://alfa.siteimprove.com/rules/sia-r4;https://alfa.siteimprove.com/rules/sia-r70;https://alfa.siteimprove.com/rules/sia-r78;https://alfa.siteimprove.com/rules/sia-r87,,true,7,3,0,80,html-has-lang;landmark-one-main;region,,true,19,4,4,0,0,0,aria_content_in_landmark;element_attribute_deprecated;html_lang_exists;skip_main_exists,,true,89,3,3,0,0,0,landmarks/landmark-main;landmarks/region;readable/html-has-lang,,true,9,1,0,0,QW-ACT-R2,,0,,The homepage – Runnymede Borough Council
41,UK Councils 2/2 (182),https://www.rushcliffe.gov.uk/,https://www.rushcliffe.gov.uk/,200,true,false,25415,true,917,12,1,48,https://alfa.siteimprove.com/rules/sia-r111;https://alfa.siteimprove.com/rules/sia-r18;https://alfa.siteimprove.com/rules/sia-r57;https://alfa.siteimprove.com/rules/sia-r66;https://alfa.siteimprove.com/rules/sia-r78,,true,720,0,0,45,,,true,1931,39,25,14,35,0,aria_attribute_valid;aria_content_in_landmark;aria_form_label_unique;element_tabbable_unobscured;element_tabbable_visible;input_label_visible;style_color_misuse;style_focus_visible;style_highcontrast_visible;style_viewport_resizable;text_block_heading;text_sensory_misuse,,true,90,2,2,0,0,0,landmarks/region,,true,538,2,54,8,QW-ACT-R30;QW-ACT-R76,,17,,Home - Rushcliffe Borough Council
41,UK Councils 2/2 (182),https://www.rushmoor.gov.uk/,https://www.rushmoor.gov.uk/,200,true,false,35375,true,1903,201,47,47,https://alfa.siteimprove.com/rules/sia-r111;https://alfa.siteimprove.com/rules/sia-r53;https://alfa.siteimprove.com/rules/sia-r56;https://alfa.siteimprove.com/rules/sia-r57;https://alfa.siteimprove.com/rules/sia-r66;https://alfa.siteimprove.com/rules/sia-r73;https://alfa.siteimprove.com/rules/sia-r74;https://alfa.siteimprove.com/rules/sia-r80,,true,1323,7,19,44,heading-order;landmark-unique;region,,true,4431,81,53,28,81,0,aria_content_in_landmark;aria_region_label_unique;element_tabbable_unobscured;element_tabbable_visible;form_submit_button_exists;input_label_visible;label_name_visible;style_background_decorative;style_color_misuse;style_focus_visible;style_highcontrast_visible;style_viewport_resizable;target_spacing_sufficient;text_block_heading;text_contrast_sufficient,,true,86,6,6,0,0,0,distinguishable/link-in-text-block;labels-and-names/label-content-mismatch;landmarks/landmark-unique;navigable/heading-order;text-alternatives/image-alt-words;text-alternatives/img-alt,,true,701,71,307,2,QW-ACT-R30;QW-ACT-R37;QW-ACT-R76,,275,,Home - Rushmoor Borough Council
41,UK Councils 2/2 (182),https://www.rutland.gov.uk/,https://www.rutland.gov.uk/,200,true,false,22333,true,1509,154,1,45,https://alfa.siteimprove.com/rules/sia-r111;https://alfa.siteimprove.com/rules/sia-r18;https://alfa.siteimprove.com/rules/sia-r3;https://alfa.siteimprove.com/rules/sia-r57;https://alfa.siteimprove.com/rules/sia-r66;https://alfa.siteimprove.com/rules/sia-r73;https://alfa.siteimprove.com/rules/sia-r74;https://alfa.siteimprove.com/rules/sia-r78;https://alfa.siteimprove.com/rules/sia-r80;https://alfa.siteimprove.com/rules/sia-r83;https://alfa.siteimprove.com/rules/sia-r87,,true,1192,6,15,40,aria-allowed-role;image-redundant-alt;region,,true,3472,64,37,27,56,0,aria_attribute_valid;aria_content_in_landmark;aria_role_valid;element_attribute_deprecated;element_id_unique;element_tabbable_unobscured;img_alt_redundant;input_label_visible;style_color_misuse;style_focus_visible;style_highcontrast_visible;style_viewport_resizable;target_spacing_sufficient;text_block_heading;text_contrast_sufficient,,true,85,7,6,1,0,0,aria/aria-allowed-role;labels-and-names/duplicate-id-aria;labels-and-names/label-content-mismatch;labels-and-names/multiple-labels;text-alternatives/image-redundant-alt,,true,525,9,132,7,QW-ACT-R25;QW-ACT-R76,,169,,Homepage | Rutland County Council
41,UK Councils 2/2 (182),https://www.salford.gov.uk/,https://www.salford.gov.uk/,200,true,false,23203,true,899,146,25,51,https://alfa.siteimprove.com/rules/sia-r111;https://alfa.siteimprove.com/rules/sia-r56;https://alfa.siteimprove.com/rules/sia-r57;https://alfa.siteimprove.com/rules/sia-r61;https://alfa.siteimprove.com/rules/sia-r66;https://alfa.siteimprove.com/rules/sia-r87,,true,812,7,13,46,aria-allowed-role;image-redundant-alt;landmark-one-main;landmark-unique;page-has-heading-one;region,,true,2058,51,51,0,25,0,aria_attribute_required;aria_content_in_landmark;aria_contentinfo_misuse;aria_form_label_unique;aria_landmark_name_unique;aria_navigation_label_unique;aria_role_valid;element_attribute_deprecated;element_tabbable_visible;img_alt_redundant;input_label_visible;script_onclick_misuse;style_color_misuse;style_focus_visible;style_highcontrast_visible;style_viewport_resizable;widget_tabbable_exists,,true,85,7,7,0,0,0,aria/aria-allowed-role;landmarks/landmark-main;landmarks/region;text-alternatives/image-redundant-alt,,true,329,70,188,3,QW-ACT-R37;QW-ACT-R76,,207,,Salford City Council
41,UK Councils 2/2 (182),https://www.sandwell.gov.uk/,https://www.sandwell.gov.uk/,200,true,false,11375,true,7,4,0,80,https://alfa.siteimprove.com/rules/sia-r4;https://alfa.siteimprove.com/rules/sia-r70;https://alfa.siteimprove.com/rules/sia-r78;https://alfa.siteimprove.com/rules/sia-r87,,true,7,3,0,80,html-has-lang;landmark-one-main;region,,true,19,4,4,0,0,0,aria_content_in_landmark;element_attribute_deprecated;html_lang_exists;skip_main_exists,,true,89,3,3,0,0,0,landmarks/landmark-main;landmarks/region;readable/html-has-lang,,true,9,1,0,0,QW-ACT-R2,,0,,Main Homepage – Sandwell Council
41,UK Councils 2/2 (182),https://www.scotborders.gov.uk/,https://www.scotborders.gov.uk/,200,true,false,11419,true,7,4,0,80,https://alfa.siteimprove.com/rules/sia-r4;https://alfa.siteimprove.com/rules/sia-r70;https://alfa.siteimprove.com/rules/sia-r78;https://alfa.siteimprove.com/rules/sia-r87,,true,7,3,0,80,html-has-lang;landmark-one-main;region,,true,19,4,4,0,0,0,aria_content_in_landmark;element_attribute_deprecated;html_lang_exists;skip_main_exists,,true,89,3,3,0,0,0,landmarks/landmark-main;landmarks/region;readable/html-has-lang,,true,9,1,0,0,QW-ACT-R2,,0,,Scottish Borders Council – Scottish Borders Council
41,UK Councils 2/2 (182),https://www.sefton.gov.uk/,https://www.sefton.gov.uk/,200,true,false,31453,true,1944,92,11,44,https://alfa.siteimprove.com/rules/sia-r111;https://alfa.siteimprove.com/rules/sia-r3;https://alfa.siteimprove.com/rules/sia-r42;https://alfa.siteimprove.com/rules/sia-r56;https://alfa.siteimprove.com/rules/sia-r57;https://alfa.siteimprove.com/rules/sia-r66;https://alfa.siteimprove.com/rules/sia-r68;https://alfa.siteimprove.com/rules/sia-r69;https://alfa.siteimprove.com/rules/sia-r73;https://alfa.siteimprove.com/rules/sia-r74;https://alfa.siteimprove.com/rules/sia-r8;https://alfa.siteimprove.com/rules/sia-r87;https://alfa.siteimprove.com/rules/sia-r94,,true,2017,25,8,39,aria-allowed-role;aria-command-name;aria-required-children;aria-required-parent;aria-valid-attr-value;button-name;color-contrast;landmark-unique;list;region,,true,4756,266,226,40,220,0,aria_child_valid;aria_content_in_landmark;aria_id_unique;aria_keyboard_handler_exists;aria_landmark_name_unique;aria_navigation_label_unique;aria_parent_required;aria_role_redundant;aria_role_valid;aria_widget_labelled;element_attribute_deprecated;element_id_unique;element_tabbable_role_valid;element_tabbable_unobscured;element_tabbable_visible;input_label_exists;input_label_visible;style_color_misuse;style_focus_visible;style_highcontrast_visible;svg_graphics_labelled;target_spacing_sufficient;text_contrast_sufficient;text_sensory_misuse;widget_tabbable_single,,true,46,46,44,2,0,0,adaptable/list-children;aria/aria-allowed-role;keyboard-accessible/focus-order;keyboard-accessible/nested-interactive;labels-and-names/aria-command-name;labels-and-names/aria-toggle-field-name;labels-and-names/button-name;labels-and-names/duplicate-id-aria;labels-and-names/form-label;labels-and-names/label-content-mismatch;landmarks/landmark-unique;landmarks/no-duplicate-banner;landmarks/region;text-alternatives/image-redundant-alt,,true,1051,36,245,2,QW-ACT-R16;QW-ACT-R30;QW-ACT-R33;QW-ACT-R37;QW-ACT-R38;QW-ACT-R76,,127,,Sefton Home
41,UK Councils 2/2 (182),https://www.sevenoaks.gov.uk/,https://www.sevenoaks.gov.uk/,200,true,false,12487,true,7,4,0,80,https://alfa.siteimprove.com/rules/sia-r4;https://alfa.siteimprove.com/rules/sia-r70;https://alfa.siteimprove.com/rules/sia-r78;https://alfa.siteimprove.com/rules/sia-r87,,true,7,3,0,80,html-has-lang;landmark-one-main;region,,true,19,4,4,0,0,0,aria_content_in_landmark;element_attribute_deprecated;html_lang_exists;skip_main_exists,,true,89,3,3,0,0,0,landmarks/landmark-main;landmarks/region;readable/html-has-lang,,true,9,1,0,0,QW-ACT-R2,,0,,Sevenoaks District Council homepage
41,UK Councils 2/2 (182),https://www.sheffield.gov.uk/,https://www.sheffield.gov.uk/,200,true,false,15746,true,715,21,52,50,https://alfa.siteimprove.com/rules/sia-r111;https://alfa.siteimprove.com/rules/sia-r14;https://alfa.siteimprove.com/rules/sia-r57;https://alfa.siteimprove.com/rules/sia-r61;https://alfa.siteimprove.com/rules/sia-r66,,true,735,3,29,41,region,,true,23,4,4,0,2,0,html_skipnav_exists;page_title_exists;skip_main_exists;style_highcontrast_visible,,true,91,1,1,0,0,0,labels-and-names/label-content-mismatch,,true,317,5,173,4,QW-ACT-R30;QW-ACT-R37;QW-ACT-R76,,13,,Homepage | Sheffield City Council
41,UK Councils 2/2 (182),https://www.shetland.gov.uk/,https://www.shetland.gov.uk/,200,true,false,13640,true,28,5,2,75,https://alfa.siteimprove.com/rules/sia-r4;https://alfa.siteimprove.com/rules/sia-r61;https://alfa.siteimprove.com/rules/sia-r73;https://alfa.siteimprove.com/rules/sia-r87,,true,19,5,0,80,html-has-lang;landmark-one-main;page-has-heading-one;region,,true,62,10,10,0,5,0,aria_content_in_landmark;element_attribute_deprecated;html_lang_exists;html_skipnav_exists;skip_main_exists;style_background_decorative;style_color_misuse;style_highcontrast_visible,,true,87,5,5,0,0,0,landmarks/landmark-main;landmarks/region;navigable/page-has-heading-one;readable/html-has-lang,,true,15,1,1,0,QW-ACT-R2,,1,,Shetland Islands Council – Shetland Islands Council
41,UK Councils 2/2 (182),https://www.shropshire.gov.uk/,https://next.shropshire.gov.uk/,200,true,true,25514,true,1231,153,2,46,https://alfa.siteimprove.com/rules/sia-r111;https://alfa.siteimprove.com/rules/sia-r113;https://alfa.siteimprove.com/rules/sia-r56;https://alfa.siteimprove.com/rules/sia-r61;https://alfa.siteimprove.com/rules/sia-r66;https://alfa.siteimprove.com/rules/sia-r73,,true,1356,4,40,88,landmark-complementary-is-top-level;landmark-unique,,true,3187,59,55,4,44,0,aria_complementary_labelled;aria_content_in_landmark;aria_landmark_name_unique;element_tabbable_unobscured;element_tabbable_visible;fieldset_label_valid;form_submit_button_exists;input_label_exists;style_color_misuse;style_focus_visible;style_highcontrast_visible;target_spacing_sufficient,,false,0,0,0,0,0,0,,"page.addScriptTag: Executing inline script violates the following Content Security Policy directive 'script-src 'self' 'nonce-/qDFaH+k9pXpGLQ+CPfSL3XP' https://*.googletagmanager.com https://www.youtube.com https://siteimproveanalytics.com'. Either the 'unsafe-inline' keyword, a hash ('sha256-iLB/qGn2fKTfTYFKNKTMDW4mWOq+TwpFIWKi5guSmvk='), or a nonce ('nonce-...') is required to enable inline execution. The action has been blocked.",true,463,75,210,1,QW-ACT-R76,,224,,Shropshire Council
41,UK Councils 2/2 (182),https://www.slough.gov.uk/,https://www.slough.gov.uk/,200,true,false,11702,true,7,4,0,80,https://alfa.siteimprove.com/rules/sia-r4;https://alfa.siteimprove.com/rules/sia-r70;https://alfa.siteimprove.com/rules/sia-r78;https://alfa.siteimprove.com/rules/sia-r87,,true,7,3,0,80,html-has-lang;landmark-one-main;region,,true,19,4,4,0,0,0,aria_content_in_landmark;element_attribute_deprecated;html_lang_exists;skip_main_exists,,true,89,3,3,0,0,0,landmarks/landmark-main;landmarks/region;readable/html-has-lang,,true,9,1,0,0,QW-ACT-R2,,0,,Homepage – Slough Borough Council
41,UK Councils 2/2 (182),https://www.solihull.gov.uk/,https://www.solihull.gov.uk/,200,true,false,17731,true,1178,47,6,47,https://alfa.siteimprove.com/rules/sia-r111;https://alfa.siteimprove.com/rules/sia-r56;https://alfa.siteimprove.com/rules/sia-r57;https://alfa.siteimprove.com/rules/sia-r61;https://alfa.siteimprove.com/rules/sia-r73;https://alfa.siteimprove.com/rules/sia-r87,,true,923,5,1,42,region,,true,2692,61,48,13,50,0,aria_attribute_redundant;aria_content_in_landmark;aria_role_redundant;element_tabbable_unobscured;input_label_after;input_label_visible;style_color_misuse;style_focus_visible;style_highcontrast_visible;text_block_heading;text_sensory_misuse,,true,70,22,22,0,0,0,adaptable/list-children;aria/aria-required-attr;labels-and-names/label-content-mismatch;landmarks/landmark-unique;landmarks/region,,true,483,3,77,5,QW-ACT-R28,,51,,Homepage | Solihull Metropolitan Borough Council
41,UK Councils 2/2 (182),https://www.somerset.gov.uk/,https://www.somerset.gov.uk/,200,true,false,22824,true,1268,10,1,48,https://alfa.siteimprove.com/rules/sia-r111;https://alfa.siteimprove.com/rules/sia-r18;https://alfa.siteimprove.com/rules/sia-r3;https://alfa.siteimprove.com/rules/sia-r56;https://alfa.siteimprove.com/rules/sia-r61;https://alfa.siteimprove.com/rules/sia-r66,,true,649,1,20,44,landmark-unique,,true,2225,84,73,11,73,0,aria_attribute_valid;aria_content_in_landmark;aria_landmark_name_unique;aria_navigation_label_unique;aria_role_redundant;element_attribute_deprecated;element_id_unique;element_tabbable_unobscured;input_label_visible;label_ref_valid;style_color_misuse;style_focus_visible;style_highcontrast_visible;text_block_heading,,true,89,3,2,1,0,0,labels-and-names/duplicate-id-aria;labels-and-names/multiple-labels,,true,334,5,160,3,QW-ACT-R25;QW-ACT-R76,,19,,Somerset Council
41,UK Councils 2/2 (182),https://www.south-ayrshire.gov.uk/,https://www.south-ayrshire.gov.uk/,403,false,false,1417,true,3,5,0,83,https://alfa.siteimprove.com/rules/sia-r1;https://alfa.siteimprove.com/rules/sia-r4;https://alfa.siteimprove.com/rules/sia-r59;https://alfa.siteimprove.com/rules/sia-r79;https://alfa.siteimprove.com/rules/sia-r87,,false,0,0,0,0,,Skipped (non-HTML content type: text/plain),false,0,0,0,0,0,0,,Skipped (non-HTML content type: text/plain),false,0,0,0,0,0,0,,Skipped (non-HTML content type: text/plain),false,0,0,0,0,,Skipped (non-HTML content type: text/plain),0,,
41,UK Councils 2/2 (182),https://www.scambs.gov.uk/,https://www.scambs.gov.uk/,200,true,false,30445,true,1809,62,2,46,https://alfa.siteimprove.com/rules/sia-r111;https://alfa.siteimprove.com/rules/sia-r14;https://alfa.siteimprove.com/rules/sia-r56;https://alfa.siteimprove.com/rules/sia-r66;https://alfa.siteimprove.com/rules/sia-r73;https://alfa.siteimprove.com/rules/sia-r78,,true,2608,8,24,80,aria-allowed-role;color-contrast;region;tabindex,,true,4576,66,58,8,59,0,aria_complementary_label_visible;aria_content_in_landmark;aria_role_valid;element_attribute_deprecated;element_id_unique;element_tabbable_unobscured;element_tabbable_visible;input_checkboxes_grouped;input_label_visible;label_name_visible;style_color_misuse;style_focus_visible;style_highcontrast_visible;style_viewport_resizable;text_block_heading,,true,85,7,7,0,0,0,aria/aria-allowed-role;keyboard-accessible/tabindex;labels-and-names/duplicate-id-aria;labels-and-names/label-content-mismatch,,true,1045,8,110,5,QW-ACT-R30;QW-ACT-R37;QW-ACT-R76,,65,,Home - South Cambs District Council
41,UK Councils 2/2 (182),https://www.southderbyshire.gov.uk/,https://www.southderbyshire.gov.uk/,200,true,false,34041,true,1099,142,104,47,https://alfa.siteimprove.com/rules/sia-r11;https://alfa.siteimprove.com/rules/sia-r111;https://alfa.siteimprove.com/rules/sia-r18;https://alfa.siteimprove.com/rules/sia-r3;https://alfa.siteimprove.com/rules/sia-r42;https://alfa.siteimprove.com/rules/sia-r53;https://alfa.siteimprove.com/rules/sia-r56;https://alfa.siteimprove.com/rules/sia-r57;https://alfa.siteimprove.com/rules/sia-r66;https://alfa.siteimprove.com/rules/sia-r68;https://alfa.siteimprove.com/rules/sia-r73,,true,1008,62,17,42,aria-required-children;aria-required-parent;heading-order;landmark-unique;link-name;listitem;region;tabindex,,true,2903,85,78,7,63,0,a_text_purpose;aria_attribute_valid;aria_content_in_landmark;aria_contentinfo_misuse;aria_form_label_unique;aria_id_unique;aria_keyboard_handler_exists;aria_landmark_name_unique;aria_navigation_label_unique;aria_role_redundant;element_id_unique;element_tabbable_unobscured;element_tabbable_visible;form_submit_button_exists;style_color_misuse;style_highcontrast_visible;text_block_heading;text_contrast_sufficient;text_sensory_misuse;widget_tabbable_single,,true,83,9,9,0,0,0,keyboard-accessible/focus-order;keyboard-accessible/tabindex;labels-and-names/duplicate-id-aria;landmarks/landmark-main;landmarks/region;navigable/heading-order;navigable/link-name,,true,476,36,266,1,QW-ACT-R12;QW-ACT-R25;QW-ACT-R33;QW-ACT-R38;QW-ACT-R76,,156,,Home | South Derbyshire District Council
41,UK Councils 2/2 (182),https://www.southglos.gov.uk/,https://www.southglos.gov.uk/,200,true,false,58377,true,1230,93,8,48,https://alfa.siteimprove.com/rules/sia-r111;https://alfa.siteimprove.com/rules/sia-r3;https://alfa.siteimprove.com/rules/sia-r42;https://alfa.siteimprove.com/rules/sia-r66;https://alfa.siteimprove.com/rules/sia-r68;https://alfa.siteimprove.com/rules/sia-r69;https://alfa.siteimprove.com/rules/sia-r73;https://alfa.siteimprove.com/rules/sia-r74;https://alfa.siteimprove.com/rules/sia-r8;https://alfa.siteimprove.com/rules/sia-r87,,true,1205,40,3,43,aria-allowed-role;aria-required-children;aria-required-parent;button-name;color-contrast;list;region,,true,3856,212,164,48,95,0,aria_child_valid;aria_content_in_landmark;aria_form_label_unique;aria_landmark_name_unique;aria_parent_required;aria_role_valid;element_attribute_deprecated;element_id_unique;element_tabbable_role_valid;element_tabbable_unobscured;element_tabbable_visible;form_interaction_review;input_label_exists;input_label_visible;style_background_decorative;style_color_misuse;style_focus_visible;style_highcontrast_visible;svg_graphics_labelled;target_spacing_sufficient;text_contrast_sufficient;text_sensory_misuse,,true,42,50,50,0,0,0,adaptable/list-children;aria/aria-allowed-role;keyboard-accessible/focus-order;labels-and-names/aria-toggle-field-name;labels-and-names/button-name;labels-and-names/duplicate-id-aria;labels-and-names/form-label;labels-and-names/label-content-mismatch;landmarks/landmark-main;landmarks/region,,true,625,35,172,2,QW-ACT-R16;QW-ACT-R30;QW-ACT-R33;QW-ACT-R37;QW-ACT-R38;QW-ACT-R76,,138,,South Gloucestershire Council
41,UK Councils 2/2 (182),https://www.southhams.gov.uk/,https://www.southhams.gov.uk/,405,false,false,12951,true,160,4,0,63,https://alfa.siteimprove.com/rules/sia-r111;https://alfa.siteimprove.com/rules/sia-r66;https://alfa.siteimprove.com/rules/sia-r73;https://alfa.siteimprove.com/rules/sia-r87,,true,154,5,18,64,image-redundant-alt;landmark-one-main;region,,true,322,27,27,0,4,0,aria_content_in_landmark;aria_id_unique;skip_main_exists;style_color_misuse;style_focus_visible;style_highcontrast_visible,,true,89,3,3,0,0,0,landmarks/landmark-main;landmarks/region;text-alternatives/image-redundant-alt,,true,60,19,3,1,QW-ACT-R25;QW-ACT-R76,,17,,Human Verification
41,UK Councils 2/2 (182),https://www.sholland.gov.uk/,https://www.sholland.gov.uk/,403,false,false,1927,true,3,5,0,83,https://alfa.siteimprove.com/rules/sia-r1;https://alfa.siteimprove.com/rules/sia-r4;https://alfa.siteimprove.com/rules/sia-r59;https://alfa.siteimprove.com/rules/sia-r79;https://alfa.siteimprove.com/rules/sia-r87,,false,0,0,0,0,,Skipped (non-HTML content type: text/plain),false,0,0,0,0,0,0,,Skipped (non-HTML content type: text/plain),false,0,0,0,0,0,0,,Skipped (non-HTML content type: text/plain),false,0,0,0,0,,Skipped (non-HTML content type: text/plain),0,,
41,UK Councils 2/2 (182),https://www.southkesteven.gov.uk/,https://www.southkesteven.gov.uk/,200,true,false,22438,true,1770,291,9,48,https://alfa.siteimprove.com/rules/sia-r11;https://alfa.siteimprove.com/rules/sia-r111;https://alfa.siteimprove.com/rules/sia-r18;https://alfa.siteimprove.com/rules/sia-r53;https://alfa.siteimprove.com/rules/sia-r61;https://alfa.siteimprove.com/rules/sia-r66;https://alfa.siteimprove.com/rules/sia-r73;https://alfa.siteimprove.com/rules/sia-r74;https://alfa.siteimprove.com/rules/sia-r80,,true,1446,7,17,43,heading-order;link-name;page-has-heading-one,,true,4338,36,27,9,32,0,a_text_purpose;aria_attribute_redundant;aria_attribute_valid;aria_content_in_landmark;element_attribute_deprecated;element_tabbable_unobscured;input_label_visible;style_color_misuse;style_focus_visible;style_highcontrast_visible;text_block_heading;text_sensory_misuse,,true,83,9,9,0,0,0,landmarks/region;navigable/heading-order;navigable/link-name;navigable/page-has-heading-one;navigable/skip-link,,true,662,127,432,1,QW-ACT-R25;QW-ACT-R76,,402,,Welcome to South Kesteven District Council - Homepage | South Kesteven District Council
41,UK Councils 2/2 (182),https://www.southlanarkshire.gov.uk/,https://www.southlanarkshire.gov.uk/,200,true,false,13095,true,7,4,0,80,https://alfa.siteimprove.com/rules/sia-r4;https://alfa.siteimprove.com/rules/sia-r70;https://alfa.siteimprove.com/rules/sia-r78;https://alfa.siteimprove.com/rules/sia-r87,,true,7,3,0,80,html-has-lang;landmark-one-main;region,,true,19,4,4,0,0,0,aria_content_in_landmark;element_attribute_deprecated;html_lang_exists;skip_main_exists,,true,89,3,3,0,0,0,landmarks/landmark-main;landmarks/region;readable/html-has-lang,,true,9,1,0,0,QW-ACT-R2,,0,,South Lanarkshire Council
41,UK Councils 2/2 (182),https://www.southnorfolkandbroadland.gov.uk/,https://www.southnorfolkandbroadland.gov.uk/,200,true,false,26306,true,1309,29,2,43,https://alfa.siteimprove.com/rules/sia-r111;https://alfa.siteimprove.com/rules/sia-r3;https://alfa.siteimprove.com/rules/sia-r56;https://alfa.siteimprove.com/rules/sia-r57;https://alfa.siteimprove.com/rules/sia-r61;https://alfa.siteimprove.com/rules/sia-r66,,true,1016,2,20,41,region;scrollable-region-focusable,,true,3624,123,118,5,109,0,a_text_purpose;aria_child_tabbable;aria_content_in_landmark;aria_id_unique;aria_keyboard_handler_exists;element_attribute_deprecated;element_tabbable_unobscured;input_label_after;input_label_exists;input_label_visible;label_name_visible;style_color_misuse;style_focus_visible;style_highcontrast_visible;text_block_heading;text_sensory_misuse;widget_tabbable_exists,,true,62,30,30,0,0,0,aria/aria-required-attr;distinguishable/link-in-text-block;keyboard-accessible/scrollable-region;labels-and-names/label-content-mismatch;landmarks/region,,true,848,9,221,2,QW-ACT-R28;QW-ACT-R43;QW-ACT-R76,,30,,Welcome to South Norfolk &amp; Broadland District Councils&#x27; website | Broadland and South Norfolk
41,UK Councils 2/2 (182),https://www.southoxon.gov.uk/,https://www.southoxon.gov.uk/,200,true,false,38837,true,1064,174,23,43,https://alfa.siteimprove.com/rules/sia-r111;https://alfa.siteimprove.com/rules/sia-r113;https://alfa.siteimprove.com/rules/sia-r56;https://alfa.siteimprove.com/rules/sia-r57;https://alfa.siteimprove.com/rules/sia-r66;https://alfa.siteimprove.com/rules/sia-r73;https://alfa.siteimprove.com/rules/sia-r74;https://alfa.siteimprove.com/rules/sia-r80;https://alfa.siteimprove.com/rules/sia-r87,,true,1718,14,4,44,landmark-no-duplicate-contentinfo;landmark-unique;region,,true,3812,89,66,23,25,0,aria_content_in_landmark;aria_contentinfo_label_unique;aria_contentinfo_misuse;aria_contentinfo_single;aria_landmark_name_unique;element_attribute_deprecated;element_tabbable_unobscured;element_tabbable_visible;fieldset_legend_valid;input_label_visible;style_background_decorative;style_color_misuse;style_focus_visible;style_highcontrast_visible;text_block_heading,,true,86,6,6,0,0,0,labels-and-names/frame-title;landmarks/landmark-main;landmarks/no-duplicate-contentinfo;landmarks/region,,true,533,7,129,5,QW-ACT-R30;QW-ACT-R76,,182,,Homepage - South Oxfordshire District Council
41,UK Councils 2/2 (182),https://www.southribble.gov.uk/,https://southribble.gov.uk/,200,true,true,14273,true,7,4,0,80,https://alfa.siteimprove.com/rules/sia-r4;https://alfa.siteimprove.com/rules/sia-r70;https://alfa.siteimprove.com/rules/sia-r78;https://alfa.siteimprove.com/rules/sia-r87,,true,7,3,0,80,html-has-lang;landmark-one-main;region,,true,19,4,4,0,0,0,aria_content_in_landmark;element_attribute_deprecated;html_lang_exists;skip_main_exists,,true,89,3,3,0,0,0,landmarks/landmark-main;landmarks/region;readable/html-has-lang,,true,9,1,0,0,QW-ACT-R2,,0,,South Ribble Borough Council – South Ribble
41,UK Councils 2/2 (182),https://www.sstaffs.gov.uk/,https://www.sstaffs.gov.uk/,200,true,false,24335,true,1453,60,15,45,https://alfa.siteimprove.com/rules/sia-r18;https://alfa.siteimprove.com/rules/sia-r3;https://alfa.siteimprove.com/rules/sia-r57;https://alfa.siteimprove.com/rules/sia-r66;https://alfa.siteimprove.com/rules/sia-r69;https://alfa.siteimprove.com/rules/sia-r78,,true,1319,9,50,42,aria-dialog-name;color-contrast;meta-viewport-large;region,,true,3973,99,77,22,86,0,aria_attribute_redundant;aria_attribute_valid;aria_content_in_landmark;aria_form_label_unique;element_attribute_deprecated;element_id_unique;element_tabbable_role_valid;element_tabbable_unobscured;input_label_visible;label_ref_valid;style_background_decorative;style_color_misuse;style_focus_visible;style_highcontrast_visible;text_block_heading;text_contrast_sufficient;text_sensory_misuse;widget_tabbable_single,,true,65,27,26,1,0,0,aria/presentational-children-focusable;keyboard-accessible/focus-order;keyboard-accessible/nested-interactive;labels-and-names/duplicate-id-aria;labels-and-names/label-content-mismatch;labels-and-names/multiple-labels;landmarks/region,,true,713,8,314,1,QW-ACT-R14;QW-ACT-R25;QW-ACT-R30;QW-ACT-R76,,80,,Welcome to South Staffordshire Council - Homepage | South Staffordshire District Council
41,UK Councils 2/2 (182),https://www.southtyneside.gov.uk/,https://www.southtyneside.gov.uk/,403,false,false,1825,true,3,5,0,83,https://alfa.siteimprove.com/rules/sia-r1;https://alfa.siteimprove.com/rules/sia-r4;https://alfa.siteimprove.com/rules/sia-r59;https://alfa.siteimprove.com/rules/sia-r79;https://alfa.siteimprove.com/rules/sia-r87,,false,0,0,0,0,,Skipped (non-HTML content type: text/plain),false,0,0,0,0,0,0,,Skipped (non-HTML content type: text/plain),false,0,0,0,0,0,0,,Skipped (non-HTML content type: text/plain),false,0,0,0,0,,Skipped (non-HTML content type: text/plain),0,,
41,UK Councils 2/2 (182),https://www.southampton.gov.uk/,https://www.southampton.gov.uk/,200,true,false,21082,true,861,57,58,50,https://alfa.siteimprove.com/rules/sia-r111;https://alfa.siteimprove.com/rules/sia-r56;https://alfa.siteimprove.com/rules/sia-r57;https://alfa.siteimprove.com/rules/sia-r66;https://alfa.siteimprove.com/rules/sia-r73,,true,719,4,15,46,landmark-unique;region,,true,2329,34,34,0,19,0,aria_content_in_landmark;aria_landmark_name_unique;aria_navigation_label_unique;element_attribute_deprecated;element_tabbable_unobscured;element_tabbable_visible;input_checkboxes_grouped;input_label_visible;style_background_decorative;style_color_misuse;style_focus_visible;style_highcontrast_visible;text_sensory_misuse,,true,88,4,4,0,0,0,distinguishable/color-contrast;landmarks/region,,true,455,4,108,3,QW-ACT-R76,,52,,Southampton City Council
41,UK Councils 2/2 (182),https://www.southend.gov.uk/,https://www.southend.gov.uk/,200,true,false,11629,true,7,4,0,80,https://alfa.siteimprove.com/rules/sia-r4;https://alfa.siteimprove.com/rules/sia-r70;https://alfa.siteimprove.com/rules/sia-r78;https://alfa.siteimprove.com/rules/sia-r87,,true,7,3,0,80,html-has-lang;landmark-one-main;region,,true,19,4,4,0,0,0,aria_content_in_landmark;element_attribute_deprecated;html_lang_exists;skip_main_exists,,true,89,3,3,0,0,0,landmarks/landmark-main;landmarks/region;readable/html-has-lang,,true,9,1,0,0,QW-ACT-R2,,0,,The Homepage – Southend-on-Sea City Council
41,UK Councils 2/2 (182),https://www.spelthorne.gov.uk/,https://www.spelthorne.gov.uk/,,false,false,60001,false,0,0,0,0,,URL scan timeout exceeded,false,0,0,0,0,,URL scan timeout exceeded,false,0,0,0,0,0,0,,URL scan timeout exceeded,false,0,0,0,0,0,0,,URL scan timeout exceeded,false,0,0,0,0,,URL scan timeout exceeded,0,URL scan exceeded 60s timeout,
41,UK Councils 2/2 (182),https://www.stalbans.gov.uk/,https://www.stalbans.gov.uk/,200,true,false,20889,true,1102,71,50,45,https://alfa.siteimprove.com/rules/sia-r111;https://alfa.siteimprove.com/rules/sia-r14;https://alfa.siteimprove.com/rules/sia-r53;https://alfa.siteimprove.com/rules/sia-r57;https://alfa.siteimprove.com/rules/sia-r66;https://alfa.siteimprove.com/rules/sia-r73;https://alfa.siteimprove.com/rules/sia-r74;https://alfa.siteimprove.com/rules/sia-r78;https://alfa.siteimprove.com/rules/sia-r87,,true,1128,8,26,43,aria-dialog-name;heading-order;image-redundant-alt;region,,true,3235,95,92,3,87,0,aria_attribute_valid;aria_content_in_landmark;aria_descendant_valid;element_tabbable_role_valid;element_tabbable_unobscured;element_tabbable_visible;fieldset_label_valid;fieldset_legend_valid;form_interaction_review;img_alt_redundant;input_label_visible;label_name_visible;style_background_decorative;style_color_misuse;style_focus_visible;style_highcontrast_visible;svg_graphics_labelled;target_spacing_sufficient;text_block_heading;text_sensory_misuse;widget_tabbable_exists,,true,87,5,5,0,0,0,labels-and-names/label-content-mismatch;landmarks/region;navigable/heading-order;text-alternatives/image-redundant-alt,,true,573,17,219,3,QW-ACT-R25;QW-ACT-R30;QW-ACT-R76,,73,,St Albans City and District Council
41,UK Councils 2/2 (182),https://www.sthelens.gov.uk/,https://www.sthelens.gov.uk/,200,true,false,26181,true,871,50,23,48,https://alfa.siteimprove.com/rules/sia-r111;https://alfa.siteimprove.com/rules/sia-r57;https://alfa.siteimprove.com/rules/sia-r61;https://alfa.siteimprove.com/rules/sia-r68;https://alfa.siteimprove.com/rules/sia-r73;https://alfa.siteimprove.com/rules/sia-r8,,true,818,1,8,49,heading-order,,true,2304,61,61,0,61,0,aria_content_in_landmark;element_tabbable_unobscured;element_tabbable_visible;style_color_misuse;style_focus_visible;style_highcontrast_visible;text_sensory_misuse,,true,91,1,1,0,0,0,landmarks/region,,true,351,4,134,1,QW-ACT-R37;QW-ACT-R76,,41,,St Helens Borough Council - St Helens Borough Council
41,UK Councils 2/2 (182),https://www.staffordbc.gov.uk/,https://www.staffordbc.gov.uk/,200,true,false,22514,true,1064,39,18,46,https://alfa.siteimprove.com/rules/sia-r111;https://alfa.siteimprove.com/rules/sia-r56;https://alfa.siteimprove.com/rules/sia-r74,,true,934,2,13,40,landmark-no-duplicate-banner;landmark-unique,,true,2807,47,47,0,38,0,aria_banner_label_unique;aria_landmark_name_unique;aria_navigation_label_unique;aria_role_redundant;element_tabbable_unobscured;element_tabbable_visible;label_name_visible;style_color_misuse;style_focus_visible;style_highcontrast_visible;table_headers_exists;text_block_heading,,true,90,2,2,0,0,0,landmarks/no-duplicate-banner;landmarks/region,,true,456,4,121,6,QW-ACT-R37,,37,,People | Stafford Borough Council
41,UK Councils 2/2 (182),https://www.staffordshire.gov.uk/,https://www.staffordshire.gov.uk/,200,true,false,17833,true,1161,81,2,48,https://alfa.siteimprove.com/rules/sia-r111;https://alfa.siteimprove.com/rules/sia-r18;https://alfa.siteimprove.com/rules/sia-r3;https://alfa.siteimprove.com/rules/sia-r57;https://alfa.siteimprove.com/rules/sia-r61;https://alfa.siteimprove.com/rules/sia-r73,,true,1077,3,8,43,region,,true,3356,22,21,1,16,0,aria_attribute_redundant;aria_attribute_valid;aria_content_in_landmark;aria_form_label_unique;element_id_unique;element_tabbable_unobscured;input_label_visible;style_color_misuse;style_focus_visible;style_highcontrast_visible;text_block_heading,,true,90,2,2,0,0,0,distinguishable/color-contrast;landmarks/region,,true,490,3,140,9,QW-ACT-R25;QW-ACT-R37;QW-ACT-R76,,68,,Home | Staffordshire County Council
41,UK Councils 2/2 (182),https://www.staffsmoorlands.gov.uk/,https://www.staffsmoorlands.gov.uk/,,false,false,445,false,0,0,0,0,,Skipped because initial URL fetch failed,false,0,0,0,0,,Skipped because initial URL fetch failed,false,0,0,0,0,0,0,,Skipped because initial URL fetch failed,false,0,0,0,0,0,0,,Skipped because initial URL fetch failed,false,0,0,0,0,,Skipped because initial URL fetch failed,0,fetch failed,
41,UK Councils 2/2 (182),https://www.stevenage.gov.uk/,https://www.stevenage.gov.uk/,200,true,false,25770,true,855,58,91,48,https://alfa.siteimprove.com/rules/sia-r111;https://alfa.siteimprove.com/rules/sia-r17;https://alfa.siteimprove.com/rules/sia-r18;https://alfa.siteimprove.com/rules/sia-r56;https://alfa.siteimprove.com/rules/sia-r66;https://alfa.siteimprove.com/rules/sia-r68,,true,640,4,21,44,aria-valid-attr-value;landmark-no-duplicate-banner;landmark-unique,,true,3093,61,60,1,31,0,aria_attribute_valid;aria_banner_label_unique;aria_banner_single;aria_child_valid;aria_hidden_nontabbable;aria_id_unique;aria_keyboard_handler_exists;aria_landmark_name_unique;aria_navigation_label_unique;element_attribute_deprecated;element_tabbable_unobscured;element_tabbable_visible;input_checkboxes_grouped;input_label_visible;label_name_visible;style_color_misuse;style_focus_visible;style_highcontrast_visible;svg_graphics_labelled;widget_tabbable_single,,true,72,20,20,0,0,0,aria/aria-hidden-focus;labels-and-names/label-content-mismatch;landmarks/landmark-unique;landmarks/no-duplicate-banner;text-alternatives/image-redundant-alt,,true,357,44,82,4,QW-ACT-R13;QW-ACT-R25;QW-ACT-R30;QW-ACT-R76,,83,,Home
41,UK Councils 2/2 (182),https://www.stirling.gov.uk/,https://www.stirling.gov.uk/,403,false,false,27220,true,1165,22,30,50,https://alfa.siteimprove.com/rules/sia-r111;https://alfa.siteimprove.com/rules/sia-r18;https://alfa.siteimprove.com/rules/sia-r57,,true,806,2,5,43,aria-dialog-name;region,,true,2445,112,100,12,87,0,aria_attribute_valid;aria_content_in_landmark;element_attribute_deprecated;element_tabbable_unobscured;input_checkboxes_grouped;input_label_visible;label_name_visible;style_color_misuse;style_focus_visible;style_highcontrast_visible;svg_graphics_labelled;text_block_heading,,true,90,2,2,0,0,0,landmarks/region,,true,414,15,80,3,QW-ACT-R25;QW-ACT-R30;QW-ACT-R37;QW-ACT-R76,,38,,Service unavailable
41,UK Councils 2/2 (182),https://www.stockport.gov.uk/,https://www.stockport.gov.uk/,,false,false,1748,false,0,0,0,0,,Skipped because initial URL fetch failed,false,0,0,0,0,,Skipped because initial URL fetch failed,false,0,0,0,0,0,0,,Skipped because initial URL fetch failed,false,0,0,0,0,0,0,,Skipped because initial URL fetch failed,false,0,0,0,0,,Skipped because initial URL fetch failed,0,fetch failed,
41,UK Councils 2/2 (182),https://www.stockton.gov.uk/,https://www.stockton.gov.uk/,403,false,false,1538,true,3,5,0,83,https://alfa.siteimprove.com/rules/sia-r1;https://alfa.siteimprove.com/rules/sia-r4;https://alfa.siteimprove.com/rules/sia-r59;https://alfa.siteimprove.com/rules/sia-r79;https://alfa.siteimprove.com/rules/sia-r87,,false,0,0,0,0,,Skipped (non-HTML content type: text/plain),false,0,0,0,0,0,0,,Skipped (non-HTML content type: text/plain),false,0,0,0,0,0,0,,Skipped (non-HTML content type: text/plain),false,0,0,0,0,,Skipped (non-HTML content type: text/plain),0,,
41,UK Councils 2/2 (182),https://www.stoke.gov.uk/,https://www.stoke.gov.uk/,200,true,false,11479,true,7,4,0,80,https://alfa.siteimprove.com/rules/sia-r4;https://alfa.siteimprove.com/rules/sia-r70;https://alfa.siteimprove.com/rules/sia-r78;https://alfa.siteimprove.com/rules/sia-r87,,true,7,3,0,80,html-has-lang;landmark-one-main;region,,true,19,4,4,0,0,0,aria_content_in_landmark;element_attribute_deprecated;html_lang_exists;skip_main_exists,,true,89,3,3,0,0,0,landmarks/landmark-main;landmarks/region;readable/html-has-lang,,true,9,1,0,0,QW-ACT-R2,,0,,SoTCC homepage
41,UK Councils 2/2 (182),https://www.stratford.gov.uk/,https://www.stratford.gov.uk/,200,true,false,26196,true,1032,87,4,55,https://alfa.siteimprove.com/rules/sia-r111;https://alfa.siteimprove.com/rules/sia-r57;https://alfa.siteimprove.com/rules/sia-r61;https://alfa.siteimprove.com/rules/sia-r66;https://alfa.siteimprove.com/rules/sia-r87,,true,754,4,0,48,region,,true,2910,38,38,0,33,0,aria_content_in_landmark;aria_descendant_valid;element_id_unique;element_tabbable_role_valid;style_color_misuse;style_focus_visible;style_highcontrast_visible;style_viewport_resizable;text_block_heading;text_contrast_sufficient;text_sensory_misuse,,true,89,3,3,0,0,0,keyboard-accessible/focus-order;landmarks/region,,true,387,57,156,8,QW-ACT-R37;QW-ACT-R76,,133,,Home | Stratford-on-Avon District Council
41,UK Councils 2/2 (182),https://www.stroud.gov.uk/,https://www.stroud.gov.uk/,200,true,false,29611,true,1396,29,33,44,https://alfa.siteimprove.com/rules/sia-r111;https://alfa.siteimprove.com/rules/sia-r18;https://alfa.siteimprove.com/rules/sia-r56,,true,1079,5,4,37,aria-prohibited-attr;landmark-unique;region;tabindex,,true,3405,69,62,7,52,0,aria_attribute_valid;aria_content_in_landmark;aria_keyboard_handler_exists;aria_landmark_name_unique;aria_navigation_label_unique;element_attribute_deprecated;element_id_unique;element_tabbable_unobscured;element_tabbable_visible;figure_label_exists;frame_src_valid;html_lang_exists;html_skipnav_exists;input_label_visible;label_name_visible;style_color_misuse;style_focus_visible;style_highcontrast_visible;style_viewport_resizable;text_contrast_sufficient,,true,87,5,3,2,0,0,keyboard-accessible/tabindex;labels-and-names/label-content-mismatch;landmarks/landmark-unique,,true,643,6,98,4,QW-ACT-R25;QW-ACT-R37;QW-ACT-R76,,31,,Home
41,UK Councils 2/2 (182),https://www.suffolk.gov.uk/,https://www.suffolk.gov.uk/,200,true,false,25281,true,367,1,1,61,https://alfa.siteimprove.com/rules/sia-r57,,true,616,2,3,43,color-contrast;region,,true,1744,105,69,36,88,0,aria_content_in_landmark;aria_keyboard_handler_exists;element_attribute_deprecated;element_tabbable_unobscured;element_tabbable_visible;input_label_visible;style_color_misuse;style_focus_visible;style_highcontrast_visible;text_block_heading;text_contrast_sufficient;widget_tabbable_single,,true,92,0,0,0,0,0,,,true,379,13,84,3,QW-ACT-R37;QW-ACT-R76,,47,,Home - Suffolk County Council
41,UK Councils 2/2 (182),https://www.sunderland.gov.uk/,https://www.sunderland.gov.uk/,403,false,false,1485,true,3,5,0,83,https://alfa.siteimprove.com/rules/sia-r1;https://alfa.siteimprove.com/rules/sia-r4;https://alfa.siteimprove.com/rules/sia-r59;https://alfa.siteimprove.com/rules/sia-r79;https://alfa.siteimprove.com/rules/sia-r87,,false,0,0,0,0,,Skipped (non-HTML content type: text/plain),false,0,0,0,0,0,0,,Skipped (non-HTML content type: text/plain),false,0,0,0,0,0,0,,Skipped (non-HTML content type: text/plain),false,0,0,0,0,,Skipped (non-HTML content type: text/plain),0,,
41,UK Councils 2/2 (182),https://www.surreycc.gov.uk/,https://www.surreycc.gov.uk/,200,true,false,22915,true,951,150,32,49,https://alfa.siteimprove.com/rules/sia-r111;https://alfa.siteimprove.com/rules/sia-r66,,true,877,0,16,42,,,true,2701,13,13,0,12,0,element_attribute_deprecated;element_tabbable_unobscured;element_tabbable_visible;input_label_visible;style_color_misuse;style_highcontrast_visible;text_contrast_sufficient,,true,91,1,1,0,0,0,landmarks/region,,true,21,3,6,2,QW-ACT-R1;QW-ACT-R19;QW-ACT-R2,,140,,Surrey County Council
41,UK Councils 2/2 (182),https://www.surreyheath.gov.uk/,https://www.surreyheath.gov.uk/,200,true,false,19867,true,675,25,4,48,https://alfa.siteimprove.com/rules/sia-r111;https://alfa.siteimprove.com/rules/sia-r18;https://alfa.siteimprove.com/rules/sia-r57;https://alfa.siteimprove.com/rules/sia-r61;https://alfa.siteimprove.com/rules/sia-r66;https://alfa.siteimprove.com/rules/sia-r73;https://alfa.siteimprove.com/rules/sia-r74;https://alfa.siteimprove.com/rules/sia-r87,,true,710,0,9,43,,,true,2792,22,16,6,17,0,aria_attribute_redundant;aria_attribute_valid;aria_content_in_landmark;element_attribute_deprecated;element_tabbable_unobscured;input_checkboxes_grouped;input_label_visible;style_color_misuse;style_focus_visible;style_highcontrast_visible;text_block_heading,,true,90,2,2,0,0,0,labels-and-names/label-content-mismatch;landmarks/region,,true,282,4,62,1,QW-ACT-R25;QW-ACT-R76,,24,,Welcome to surreyheath.gov.uk
41,UK Councils 2/2 (182),https://www.swale.gov.uk/,https://swale.gov.uk/,403,false,true,32050,true,64,2,1,63,https://alfa.siteimprove.com/rules/sia-r9;https://alfa.siteimprove.com/rules/sia-r96,,true,116,2,0,128,meta-refresh,,true,170,6,6,0,3,0,element_attribute_deprecated;meta_refresh_delay;style_color_misuse;style_highcontrast_visible,,true,90,2,2,0,0,0,enough-time/meta-refresh;enough-time/meta-refresh-no-exception,,true,32,2,2,1,QW-ACT-R4;QW-ACT-R71,,0,,Just a moment...
41,UK Councils 2/2 (182),https://www.swindon.gov.uk/,https://www.swindon.gov.uk/,200,true,false,11772,true,7,4,0,80,https://alfa.siteimprove.com/rules/sia-r4;https://alfa.siteimprove.com/rules/sia-r70;https://alfa.siteimprove.com/rules/sia-r78;https://alfa.siteimprove.com/rules/sia-r87,,true,7,3,0,80,html-has-lang;landmark-one-main;region,,true,19,4,4,0,0,0,aria_content_in_landmark;element_attribute_deprecated;html_lang_exists;skip_main_exists,,true,89,3,3,0,0,0,landmarks/landmark-main;landmarks/region;readable/html-has-lang,,true,9,1,0,0,QW-ACT-R2,,0,,Swindon Borough Council
41,UK Councils 2/2 (182),https://www.tameside.gov.uk/,https://www.tameside.gov.uk/,,false,false,10494,false,0,0,0,0,,Skipped because initial URL fetch failed,false,0,0,0,0,,Skipped because initial URL fetch failed,false,0,0,0,0,0,0,,Skipped because initial URL fetch failed,false,0,0,0,0,0,0,,Skipped because initial URL fetch failed,false,0,0,0,0,,Skipped because initial URL fetch failed,0,fetch failed,
41,UK Councils 2/2 (182),https://www.tamworth.gov.uk/,https://www.tamworth.gov.uk/,200,true,false,20482,true,541,33,2,48,https://alfa.siteimprove.com/rules/sia-r111;https://alfa.siteimprove.com/rules/sia-r14;https://alfa.siteimprove.com/rules/sia-r18;https://alfa.siteimprove.com/rules/sia-r3;https://alfa.siteimprove.com/rules/sia-r57;https://alfa.siteimprove.com/rules/sia-r61;https://alfa.siteimprove.com/rules/sia-r66,,true,462,3,3,41,page-has-heading-one;region,,true,1501,24,21,3,20,0,aria_attribute_redundant;aria_attribute_valid;aria_content_in_landmark;element_attribute_deprecated;element_tabbable_unobscured;element_tabbable_visible;frame_src_valid;html_lang_exists;html_skipnav_exists;input_label_visible;style_color_misuse;style_focus_visible;style_highcontrast_visible;text_block_heading,,true,90,2,2,0,0,0,landmarks/region;navigable/page-has-heading-one,,true,247,19,48,2,QW-ACT-R25;QW-ACT-R30;QW-ACT-R76,,43,,Home | Tamworth Borough Council
41,UK Councils 2/2 (182),https://www.tandridge.gov.uk/,https://www.tandridge.gov.uk/,200,true,false,34641,true,1348,82,45,43,https://alfa.siteimprove.com/rules/sia-r111;https://alfa.siteimprove.com/rules/sia-r14;https://alfa.siteimprove.com/rules/sia-r40;https://alfa.siteimprove.com/rules/sia-r42;https://alfa.siteimprove.com/rules/sia-r56;https://alfa.siteimprove.com/rules/sia-r57;https://alfa.siteimprove.com/rules/sia-r61;https://alfa.siteimprove.com/rules/sia-r66;https://alfa.siteimprove.com/rules/sia-r69;https://alfa.siteimprove.com/rules/sia-r78;https://alfa.siteimprove.com/rules/sia-r83;https://alfa.siteimprove.com/rules/sia-r87,,true,1158,42,1,50,aria-allowed-role;aria-required-children;aria-required-parent;color-contrast;label-title-only;landmark-one-main;landmark-unique;meta-viewport-large;page-has-heading-one;region;tabindex,,true,2119,71,65,6,21,0,aria_child_valid;aria_descendant_valid;aria_landmark_name_unique;aria_parent_required;aria_region_labelled;aria_role_valid;element_attribute_deprecated;element_tabbable_unobscured;element_tabbable_visible;input_label_visible;label_name_visible;style_color_misuse;style_focus_visible;style_highcontrast_visible;style_viewport_resizable;target_spacing_sufficient;text_block_heading;text_contrast_sufficient,,true,40,52,52,0,0,0,adaptable/aria-required-parent;aria/aria-allowed-role;distinguishable/color-contrast;keyboard-accessible/tabindex;labels-and-names/label-content-mismatch;labels-and-names/label-title-only;landmarks/landmark-main,,true,709,63,125,5,QW-ACT-R14;QW-ACT-R30;QW-ACT-R33;QW-ACT-R37;QW-ACT-R38;QW-ACT-R76,,119,,Home | Tandridge District Council
41,UK Councils 2/2 (182),https://www.teignbridge.gov.uk/,https://www.teignbridge.gov.uk/,,false,false,10494,false,0,0,0,0,,Skipped because initial URL fetch failed,false,0,0,0,0,,Skipped because initial URL fetch failed,false,0,0,0,0,0,0,,Skipped because initial URL fetch failed,false,0,0,0,0,0,0,,Skipped because initial URL fetch failed,false,0,0,0,0,,Skipped because initial URL fetch failed,0,fetch failed,
41,UK Councils 2/2 (182),https://www.telford.gov.uk/,https://www.telford.gov.uk/,200,true,false,28197,true,1032,99,23,50,https://alfa.siteimprove.com/rules/sia-r111;https://alfa.siteimprove.com/rules/sia-r14;https://alfa.siteimprove.com/rules/sia-r19;https://alfa.siteimprove.com/rules/sia-r61;https://alfa.siteimprove.com/rules/sia-r66;https://alfa.siteimprove.com/rules/sia-r74,,true,718,1,4,45,region,,true,2133,35,20,15,35,0,aria_content_in_landmark;element_tabbable_unobscured;element_tabbable_visible;input_label_visible;label_name_visible;style_background_decorative;style_color_misuse;style_focus_visible;style_highcontrast_visible;style_viewport_resizable;text_block_heading,,true,84,8,8,0,0,0,aria/aria-valid-attr-value;keyboard-accessible/focus-order;labels-and-names/label-content-mismatch;landmarks/landmark-main;landmarks/no-duplicate-banner;landmarks/no-duplicate-main,,true,477,8,128,10,QW-ACT-R30;QW-ACT-R34;QW-ACT-R76,,103,,Telford &amp; Wrekin Council | Home
41,UK Councils 2/2 (182),https://www.tendringdc.gov.uk/,https://www.tendringdc.gov.uk/,200,true,false,20369,true,1134,246,5,53,https://alfa.siteimprove.com/rules/sia-r11;https://alfa.siteimprove.com/rules/sia-r110;https://alfa.siteimprove.com/rules/sia-r111;https://alfa.siteimprove.com/rules/sia-r14;https://alfa.siteimprove.com/rules/sia-r21;https://alfa.siteimprove.com/rules/sia-r53;https://alfa.siteimprove.com/rules/sia-r57;https://alfa.siteimprove.com/rules/sia-r61;https://alfa.siteimprove.com/rules/sia-r78;https://alfa.siteimprove.com/rules/sia-r87,,true,887,21,9,51,aria-allowed-role;heading-order;landmark-one-main;link-name;region,,true,2204,79,73,6,65,0,a_text_purpose;aria_content_in_landmark;aria_contentinfo_misuse;aria_hidden_nontabbable;aria_role_allowed;element_attribute_deprecated;element_tabbable_unobscured;element_tabbable_visible;label_name_visible;style_background_decorative;style_color_misuse;style_focus_visible;style_highcontrast_visible;svg_graphics_labelled;text_block_heading;text_sensory_misuse,,true,84,8,8,0,0,0,aria/aria-allowed-role;aria/aria-hidden-focus;labels-and-names/label-content-mismatch;landmarks/landmark-main;landmarks/region;navigable/heading-order;navigable/link-name,,true,638,4,84,3,QW-ACT-R12;QW-ACT-R13;QW-ACT-R20;QW-ACT-R30,,233,,Tendring District Council | Welcome to the official website of Tendring District Council
41,UK Councils 2/2 (182),https://www.testvalley.gov.uk/,https://www.testvalley.gov.uk/,200,true,false,46058,true,987,64,132,46,https://alfa.siteimprove.com/rules/sia-r111;https://alfa.siteimprove.com/rules/sia-r14;https://alfa.siteimprove.com/rules/sia-r18;https://alfa.siteimprove.com/rules/sia-r47;https://alfa.siteimprove.com/rules/sia-r56;https://alfa.siteimprove.com/rules/sia-r57;https://alfa.siteimprove.com/rules/sia-r61;https://alfa.siteimprove.com/rules/sia-r73;https://alfa.siteimprove.com/rules/sia-r74,,true,1970,14,30,82,landmark-no-duplicate-banner;landmark-unique;meta-viewport;region;skip-link,,true,2617,165,135,30,116,0,aria_attribute_valid;aria_banner_label_unique;aria_content_in_landmark;aria_contentinfo_misuse;aria_landmark_name_unique;aria_navigation_label_unique;aria_role_redundant;element_attribute_deprecated;element_id_unique;element_tabbable_role_valid;element_tabbable_unobscured;element_tabbable_visible;input_label_visible;label_name_visible;style_background_decorative;style_color_misuse;style_focus_visible;style_highcontrast_visible;style_viewport_resizable;text_block_heading;text_contrast_sufficient,,true,82,10,9,1,0,0,distinguishable/color-contrast;distinguishable/meta-viewport;labels-and-names/label-content-mismatch;landmarks/landmark-main;landmarks/no-duplicate-banner;landmarks/region;navigable/page-has-heading-one;navigable/skip-link,,true,378,33,267,0,QW-ACT-R14;QW-ACT-R25;QW-ACT-R30;QW-ACT-R37;QW-ACT-R76,,103,,Home | Test Valley Borough Council
41,UK Councils 2/2 (182),https://www.tewkesbury.gov.uk/,https://tewkesbury.gov.uk/,200,true,true,30201,true,1749,85,5,47,https://alfa.siteimprove.com/rules/sia-r111;https://alfa.siteimprove.com/rules/sia-r14;https://alfa.siteimprove.com/rules/sia-r66;https://alfa.siteimprove.com/rules/sia-r73;https://alfa.siteimprove.com/rules/sia-r78;https://alfa.siteimprove.com/rules/sia-r80;https://alfa.siteimprove.com/rules/sia-r87,,true,1080,0,3,41,,,true,3114,115,106,9,102,0,aria_complementary_labelled;aria_role_redundant;element_attribute_deprecated;element_tabbable_role_valid;element_tabbable_unobscured;element_tabbable_visible;input_label_visible;label_name_visible;style_color_misuse;style_focus_visible;style_highcontrast_visible;style_viewport_resizable;text_block_heading;text_contrast_sufficient;text_sensory_misuse;widget_tabbable_exists,,true,80,12,12,0,0,0,keyboard-accessible/focus-order;labels-and-names/label-content-mismatch;text-alternatives/image-alt-words,,true,816,26,129,1,QW-ACT-R30;QW-ACT-R76,,107,,Tewkesbury Borough Council - Home - Information about living in the Tewkesbury Borough
41,UK Councils 2/2 (182),https://www.thanet.gov.uk/,https://www.thanet.gov.uk/,200,true,false,27068,true,804,49,18,49,https://alfa.siteimprove.com/rules/sia-r111;https://alfa.siteimprove.com/rules/sia-r61;https://alfa.siteimprove.com/rules/sia-r66;https://alfa.siteimprove.com/rules/sia-r73;https://alfa.siteimprove.com/rules/sia-r74;https://alfa.siteimprove.com/rules/sia-r80,,true,994,2,13,38,region;scrollable-region-focusable,,true,2391,61,52,9,55,0,element_attribute_deprecated;element_tabbable_unobscured;img_alt_redundant;input_label_after;style_background_decorative;style_color_misuse;style_focus_visible;style_highcontrast_visible;svg_graphics_labelled;text_block_heading,,true,56,36,36,0,0,0,adaptable/list-children;aria/aria-required-attr;distinguishable/link-in-text-block;keyboard-accessible/focus-order;labels-and-names/label-content-mismatch;landmarks/region,,true,651,19,137,3,QW-ACT-R28;QW-ACT-R37;QW-ACT-R76,,63,,Thanet District Council - Thanet
41,UK Councils 2/2 (182),https://www.cityoflondon.gov.uk/,https://www.cityoflondon.gov.uk/,200,true,false,22057,true,245,2,33,54,https://alfa.siteimprove.com/rules/sia-r57;https://alfa.siteimprove.com/rules/sia-r78,,true,745,1,13,40,region,,true,555,23,22,1,17,0,aria_content_in_landmark;element_attribute_deprecated;element_tabbable_unobscured;frame_src_valid;frame_title_exists;html_lang_exists;html_skipnav_exists;input_checkboxes_grouped;input_label_visible;skip_main_exists;style_color_misuse;style_focus_visible;style_highcontrast_visible,,true,85,7,7,0,0,0,distinguishable/color-contrast,,true,560,4,104,2,QW-ACT-R14;QW-ACT-R37;QW-ACT-R76,,2,,Things to do - City of London
41,UK Councils 2/2 (182),https://www.highland.gov.uk/,https://www.highland.gov.uk/,200,true,false,11251,true,7,4,0,80,https://alfa.siteimprove.com/rules/sia-r4;https://alfa.siteimprove.com/rules/sia-r70;https://alfa.siteimprove.com/rules/sia-r78;https://alfa.siteimprove.com/rules/sia-r87,,true,7,3,0,80,html-has-lang;landmark-one-main;region,,true,19,4,4,0,0,0,aria_content_in_landmark;element_attribute_deprecated;html_lang_exists;skip_main_exists,,true,89,3,3,0,0,0,landmarks/landmark-main;landmarks/region;readable/html-has-lang,,true,9,1,0,0,QW-ACT-R2,,0,,The Highland Council Homepage – Highland Council
41,UK Councils 2/2 (182),https://www.lbbd.gov.uk/,https://www.lbbd.gov.uk/,200,true,false,42372,true,1142,57,15,43,https://alfa.siteimprove.com/rules/sia-r111;https://alfa.siteimprove.com/rules/sia-r13;https://alfa.siteimprove.com/rules/sia-r18;https://alfa.siteimprove.com/rules/sia-r3;https://alfa.siteimprove.com/rules/sia-r57;https://alfa.siteimprove.com/rules/sia-r61;https://alfa.siteimprove.com/rules/sia-r66;https://alfa.siteimprove.com/rules/sia-r73;https://alfa.siteimprove.com/rules/sia-r74;https://alfa.siteimprove.com/rules/sia-r8;https://alfa.siteimprove.com/rules/sia-r87,,true,1562,18,12,37,aria-prohibited-attr;button-name;color-contrast;frame-title;landmark-unique;region;select-name,,true,3254,70,63,7,51,0,aria_attribute_redundant;aria_attribute_valid;aria_content_in_landmark;element_attribute_deprecated;element_id_unique;element_tabbable_role_valid;element_tabbable_unobscured;element_tabbable_visible;frame_src_valid;frame_title_exists;html_lang_exists;html_skipnav_exists;input_label_exists;input_label_visible;style_background_decorative;style_color_misuse;style_focus_visible;style_highcontrast_visible;svg_graphics_labelled;text_block_heading;text_contrast_sufficient,,true,84,8,7,1,0,0,labels-and-names/form-label;labels-and-names/frame-title;labels-and-names/frame-title-unique;labels-and-names/label-content-mismatch;landmarks/region,,true,361,10,101,2,QW-ACT-R12;QW-ACT-R16;QW-ACT-R19;QW-ACT-R25;QW-ACT-R43;QW-ACT-R76,,54,,Welcome to Barking and Dagenham | London Borough of Barking and Dagenham
41,UK Councils 2/2 (182),https://www.barnet.gov.uk/,https://www.barnet.gov.uk/,403,false,false,21458,true,4,3,0,84,https://alfa.siteimprove.com/rules/sia-r1;https://alfa.siteimprove.com/rules/sia-r59;https://alfa.siteimprove.com/rules/sia-r87,,true,888,1,25,38,page-has-heading-one,,true,2294,36,35,1,34,0,aria_attribute_valid;aria_complementary_label_visible;element_tabbable_unobscured;element_tabbable_visible;input_label_visible;label_name_visible;style_color_misuse;style_focus_visible;style_highcontrast_visible;text_contrast_sufficient;text_quoted_correctly;widget_tabbable_exists,,true,89,3,3,0,0,0,labels-and-names/label-content-mismatch;landmarks/region;navigable/page-has-heading-one,,false,0,0,0,0,,QualWeb evaluation returned no report,1,,403 Forbidden
41,UK Councils 2/2 (182),https://www.bexley.gov.uk/,https://www.bexley.gov.uk/,200,true,false,19331,true,690,43,21,49,https://alfa.siteimprove.com/rules/sia-r111;https://alfa.siteimprove.com/rules/sia-r3;https://alfa.siteimprove.com/rules/sia-r53;https://alfa.siteimprove.com/rules/sia-r56;https://alfa.siteimprove.com/rules/sia-r57;https://alfa.siteimprove.com/rules/sia-r66;https://alfa.siteimprove.com/rules/sia-r73;https://alfa.siteimprove.com/rules/sia-r78,,true,788,5,11,40,heading-order;landmark-unique;link-in-text-block;region,,true,2198,65,60,5,59,0,aria_complementary_labelled;aria_content_in_landmark;aria_landmark_name_unique;aria_navigation_label_unique;aria_role_redundant;element_attribute_deprecated;element_id_unique;element_tabbable_unobscured;element_tabbable_visible;input_checkboxes_grouped;input_label_visible;style_color_misuse;style_focus_visible;style_highcontrast_visible;text_block_heading;text_contrast_sufficient,,true,82,10,10,0,0,0,distinguishable/color-contrast;labels-and-names/label-title-only;labels-and-names/multiple-labels;landmarks/landmark-unique;navigable/heading-order;text-alternatives/image-alt-words,,true,440,10,150,4,QW-ACT-R37;QW-ACT-R76,,38,,Homepage | London Borough of Bexley
41,UK Councils 2/2 (182),https://www.brent.gov.uk/,https://www.brent.gov.uk/,200,true,false,13097,true,28,0,1,75,,,true,33,5,0,74,landmark-one-main;region,,true,144,8,8,0,4,0,aria_content_in_landmark;element_attribute_deprecated;skip_main_exists;style_background_decorative;style_color_misuse;style_highcontrast_visible,,true,87,5,5,0,0,0,landmarks/landmark-main;landmarks/region,,true,21,0,3,1,,,0,,Brent Council
41,UK Councils 2/2 (182),https://www.bromley.gov.uk/,https://www.bromley.gov.uk/,200,true,false,12074,true,7,4,0,80,https://alfa.siteimprove.com/rules/sia-r4;https://alfa.siteimprove.com/rules/sia-r70;https://alfa.siteimprove.com/rules/sia-r78;https://alfa.siteimprove.com/rules/sia-r87,,true,7,3,0,80,html-has-lang;landmark-one-main;region,,true,19,4,4,0,0,0,aria_content_in_landmark;element_attribute_deprecated;html_lang_exists;skip_main_exists,,true,89,3,3,0,0,0,landmarks/landmark-main;landmarks/region;readable/html-has-lang,,true,9,1,0,0,QW-ACT-R2,,0,,Bromley Council website homepage – London Borough of Bromley
41,UK Councils 2/2 (182),https://www.camden.gov.uk/,https://www.camden.gov.uk/,403,false,false,30981,true,64,2,1,63,https://alfa.siteimprove.com/rules/sia-r9;https://alfa.siteimprove.com/rules/sia-r96,,true,116,2,0,128,meta-refresh,,true,170,6,6,0,3,0,element_attribute_deprecated;meta_refresh_delay;style_color_misuse;style_highcontrast_visible,,true,90,2,2,0,0,0,enough-time/meta-refresh;enough-time/meta-refresh-no-exception,,true,32,2,2,1,QW-ACT-R4;QW-ACT-R71,,0,,Just a moment...
41,UK Councils 2/2 (182),https://www.croydon.gov.uk/,https://www.croydon.gov.uk/,200,true,false,20580,true,798,23,8,48,https://alfa.siteimprove.com/rules/sia-r111;https://alfa.siteimprove.com/rules/sia-r14;https://alfa.siteimprove.com/rules/sia-r56;https://alfa.siteimprove.com/rules/sia-r57;https://alfa.siteimprove.com/rules/sia-r61,,true,735,5,3,44,aria-dialog-name;landmark-no-duplicate-contentinfo;landmark-unique;region,,true,2044,29,24,5,18,0,aria_attribute_valid;aria_content_in_landmark;aria_descendant_valid;element_attribute_deprecated;element_tabbable_visible;input_label_exists;input_label_visible;label_name_visible;label_ref_valid;style_color_misuse;style_focus_visible;style_highcontrast_visible;text_block_heading;text_contrast_sufficient;widget_tabbable_single,,true,85,7,7,0,0,0,aria/presentational-children-focusable;keyboard-accessible/nested-interactive;labels-and-names/label-content-mismatch;landmarks/no-duplicate-contentinfo,,true,342,9,70,2,QW-ACT-R30;QW-ACT-R37;QW-ACT-R76,,26,,Welcome to croydon.gov.uk | Croydon Council
41,UK Councils 2/2 (182),https://www.ealing.gov.uk/,https://www.ealing.gov.uk/site/,200,true,true,34304,true,1940,125,250,48,https://alfa.siteimprove.com/rules/sia-r3;https://alfa.siteimprove.com/rules/sia-r57;https://alfa.siteimprove.com/rules/sia-r66;https://alfa.siteimprove.com/rules/sia-r69;https://alfa.siteimprove.com/rules/sia-r73;https://alfa.siteimprove.com/rules/sia-r87,,true,1511,19,42,38,aria-prohibited-attr;color-contrast;region,,true,3753,132,89,43,62,0,aria_content_in_landmark;aria_id_unique;aria_keyboard_handler_exists;aria_role_redundant;element_id_unique;element_tabbable_unobscured;element_tabbable_visible;input_checkboxes_grouped;input_label_visible;style_color_misuse;style_focus_visible;style_highcontrast_visible;text_contrast_sufficient;text_sensory_misuse;widget_tabbable_exists;widget_tabbable_single,,true,88,4,4,0,0,0,landmarks/region,,true,762,92,424,4,QW-ACT-R25;QW-ACT-R37;QW-ACT-R76,,247,,Homepage
41,UK Councils 2/2 (182),https://www.enfield.gov.uk/,https://www.enfield.gov.uk/,403,false,false,31647,true,64,2,1,63,https://alfa.siteimprove.com/rules/sia-r9;https://alfa.siteimprove.com/rules/sia-r96,,true,116,2,0,128,meta-refresh,,true,170,6,6,0,3,0,element_attribute_deprecated;meta_refresh_delay;style_color_misuse;style_highcontrast_visible,,true,90,2,2,0,0,0,enough-time/meta-refresh;enough-time/meta-refresh-no-exception,,true,32,2,2,1,QW-ACT-R4;QW-ACT-R71,,0,,Just a moment...
41,UK Councils 2/2 (182),https://www.hackney.gov.uk/,https://www.hackney.gov.uk/,200,true,false,18738,true,607,21,0,47,https://alfa.siteimprove.com/rules/sia-r111;https://alfa.siteimprove.com/rules/sia-r61;https://alfa.siteimprove.com/rules/sia-r73,,true,656,0,0,44,,,true,1949,19,18,1,11,0,aria_attribute_redundant;aria_content_in_landmark;aria_id_unique;element_attribute_deprecated;element_tabbable_unobscured;input_label_visible;style_color_misuse;style_focus_visible;style_highcontrast_visible;svg_graphics_labelled;text_block_heading,,true,92,0,0,0,0,0,,,true,276,8,53,3,QW-ACT-R76,,26,,Welcome to Hackney Council | Hackney Council
41,UK Councils 2/2 (182),https://www.lbhf.gov.uk/,https://www.lbhf.gov.uk/,403,false,false,11093,true,236,20,1,63,https://alfa.siteimprove.com/rules/sia-r111;https://alfa.siteimprove.com/rules/sia-r66;https://alfa.siteimprove.com/rules/sia-r73;https://alfa.siteimprove.com/rules/sia-r74,,true,166,0,0,65,,,true,489,7,7,0,3,0,element_attribute_deprecated;style_color_misuse;style_highcontrast_visible;style_viewport_resizable;svg_graphics_labelled,,true,92,0,0,0,0,0,,,true,94,1,12,1,QW-ACT-R76,,14,,Access denied - Location blocked | London Borough of Hammersmith &amp; Fulham
41,UK Councils 2/2 (182),https://www.haringey.gov.uk/,https://haringey.gov.uk/,200,true,true,26103,true,1863,50,165,43,https://alfa.siteimprove.com/rules/sia-r111;https://alfa.siteimprove.com/rules/sia-r56;https://alfa.siteimprove.com/rules/sia-r57;https://alfa.siteimprove.com/rules/sia-r61;https://alfa.siteimprove.com/rules/sia-r66;https://alfa.siteimprove.com/rules/sia-r84;https://alfa.siteimprove.com/rules/sia-r87,,true,1546,2,4,39,landmark-unique;region,,true,6096,202,133,69,206,0,aria_content_in_landmark;aria_form_label_unique;aria_keyboard_handler_exists;aria_role_redundant;element_attribute_deprecated;element_tabbable_unobscured;frame_src_valid;input_label_after;input_label_visible;input_onchange_review;script_select_review;style_background_decorative;style_color_misuse;style_focus_visible;style_highcontrast_visible;style_viewport_resizable;svg_graphics_labelled;text_block_heading;text_quoted_correctly;text_sensory_misuse,,true,65,27,27,0,0,0,adaptable/list-children;aria/aria-required-attr;labels-and-names/frame-title;labels-and-names/label-content-mismatch;landmarks/landmark-unique;landmarks/region,,true,768,16,121,2,QW-ACT-R28;QW-ACT-R30;QW-ACT-R76,,121,,Welcome to Haringey Council | Haringey Council
41,UK Councils 2/2 (182),https://www.harrow.gov.uk/,https://www.harrow.gov.uk/,200,true,false,11751,true,7,4,0,80,https://alfa.siteimprove.com/rules/sia-r4;https://alfa.siteimprove.com/rules/sia-r70;https://alfa.siteimprove.com/rules/sia-r78;https://alfa.siteimprove.com/rules/sia-r87,,true,7,3,0,80,html-has-lang;landmark-one-main;region,,true,19,4,4,0,0,0,aria_content_in_landmark;element_attribute_deprecated;html_lang_exists;skip_main_exists,,true,89,3,3,0,0,0,landmarks/landmark-main;landmarks/region;readable/html-has-lang,,true,9,1,0,0,QW-ACT-R2,,0,,Home – London Borough of Harrow
41,UK Councils 2/2 (182),https://www.havering.gov.uk/,https://www.havering.gov.uk/,200,true,false,11337,true,7,4,0,80,https://alfa.siteimprove.com/rules/sia-r4;https://alfa.siteimprove.com/rules/sia-r70;https://alfa.siteimprove.com/rules/sia-r78;https://alfa.siteimprove.com/rules/sia-r87,,true,7,3,0,80,html-has-lang;landmark-one-main;region,,true,19,4,4,0,0,0,aria_content_in_landmark;element_attribute_deprecated;html_lang_exists;skip_main_exists,,true,89,3,3,0,0,0,landmarks/landmark-main;landmarks/region;readable/html-has-lang,,true,9,1,0,0,QW-ACT-R2,,0,,The London Borough of Havering website homepage – London Borough of Havering
41,UK Councils 2/2 (182),https://www.hillingdon.gov.uk/,https://pre.hillingdon.gov.uk/,200,true,true,13680,true,7,4,0,80,https://alfa.siteimprove.com/rules/sia-r4;https://alfa.siteimprove.com/rules/sia-r70;https://alfa.siteimprove.com/rules/sia-r78;https://alfa.siteimprove.com/rules/sia-r87,,true,7,3,0,80,html-has-lang;landmark-one-main;region,,true,19,4,4,0,0,0,aria_content_in_landmark;element_attribute_deprecated;html_lang_exists;skip_main_exists,,true,89,3,3,0,0,0,landmarks/landmark-main;landmarks/region;readable/html-has-lang,,true,9,1,0,0,QW-ACT-R2,,0,,Main homepage – Hillingdon Council
41,UK Councils 2/2 (182),https://www.hounslow.gov.uk/,https://www.hounslow.gov.uk/,200,true,false,13611,true,45,6,0,68,https://alfa.siteimprove.com/rules/sia-r111;https://alfa.siteimprove.com/rules/sia-r47;https://alfa.siteimprove.com/rules/sia-r66;https://alfa.siteimprove.com/rules/sia-r87,,true,1,4,0,84,document-title;html-has-lang;landmark-one-main;page-has-heading-one,,true,7,4,4,0,1,0,html_lang_exists;html_skipnav_exists;page_title_exists;skip_main_exists,,true,87,5,5,0,0,0,landmarks/landmark-main;navigable/bypass;navigable/document-title;navigable/page-has-heading-one;readable/html-has-lang,,false,0,0,0,0,,QualWeb evaluation returned no report,2,,London Borough of Hounslow Website homepage | London Borough of Hounslow
