issue_number,scan_title,scan_browser,scan_color_scheme,scan_viewport_preset,scan_viewport_width,scan_viewport_height,submitted_url,final_url,http_status,fetch_ok,redirected,elapsed_ms,alfa_executed,alfa_passed,alfa_failed,alfa_cant_tell,alfa_inapplicable,alfa_failed_rules,alfa_error,axe_executed,axe_passed,axe_failed,axe_cant_tell,axe_inapplicable,axe_failed_rules,axe_error,equal_access_executed,equal_access_passed,equal_access_failed,equal_access_failed_unique,equal_access_failed_duplicates,equal_access_cant_tell,equal_access_inapplicable,equal_access_failed_rules,equal_access_error,accesslint_executed,accesslint_passed,accesslint_failed,accesslint_failed_unique,accesslint_failed_duplicates,accesslint_cant_tell,accesslint_inapplicable,accesslint_failed_rules,accesslint_error,qualweb_executed,qualweb_passed,qualweb_failed,qualweb_cant_tell,qualweb_inapplicable,qualweb_failed_rules,qualweb_error,duplicate_findings,fetch_error,page_title
58,GOV.UK,chromium,both,desktop,1280,800,https://gov.uk/service-manual/helping-people-to-use-your-service/getting-an-accessibility-audit,https://www.gov.uk/service-manual/helping-people-to-use-your-service/getting-an-accessibility-audit,200,true,true,12025,false,0,0,0,0,,Skipped (not requested),true,839,2,0,46,region,,false,0,0,0,0,0,0,,Skipped (not requested),false,0,0,0,0,0,0,,"page.addScriptTag: Executing inline script violates the following Content Security Policy directive 'script-src 'self' www.google-analytics.com ssl.google-analytics.com stats.g.doubleclick.net www.googletagmanager.com www.region1.google-analytics.com region1.google-analytics.com www.google.co.uk analytics.google.com *.analytics.google.com www.google.com www.gstatic.com *.ytimg.com www.youtube.com www.youtube-nocookie.com 'nonce-BSSx6ThPb9FwEXLmVbE3jA==''. Either the 'unsafe-inline' keyword, a hash ('sha256-KqJA1m/a7A+KctYBKJR75bChscDI9FIV+NeO58+zJmA='), or a nonce ('nonce-...') is required to enable inline execution. The action has been blocked.",false,0,0,0,0,,Skipped (not requested),0,,Getting an accessibility audit - Service Manual - GOV.UK
58,GOV.UK,chromium,both,desktop,1280,800,https://gov.uk/service-manual/helping-people-to-use-your-service/testing-for-accessibility,https://www.gov.uk/service-manual/helping-people-to-use-your-service/testing-for-accessibility,200,true,true,14049,false,0,0,0,0,,Skipped (not requested),true,836,2,0,46,region,,false,0,0,0,0,0,0,,Skipped (not requested),false,0,0,0,0,0,0,,"page.addScriptTag: Executing inline script violates the following Content Security Policy directive 'script-src 'self' www.google-analytics.com ssl.google-analytics.com stats.g.doubleclick.net www.googletagmanager.com www.region1.google-analytics.com region1.google-analytics.com www.google.co.uk analytics.google.com *.analytics.google.com www.google.com www.gstatic.com *.ytimg.com www.youtube.com www.youtube-nocookie.com 'nonce-TG44mKelGanxe8iwNEoiYA==''. Either the 'unsafe-inline' keyword, a hash ('sha256-KqJA1m/a7A+KctYBKJR75bChscDI9FIV+NeO58+zJmA='), or a nonce ('nonce-...') is required to enable inline execution. The action has been blocked.",false,0,0,0,0,,Skipped (not requested),0,,Testing for accessibility - Service Manual - GOV.UK
58,GOV.UK,chromium,both,desktop,1280,800,https://gov.uk/find-hmrc-contacts/online-debit-and-credit-card-payment-support,https://www.gov.uk/find-hmrc-contacts/online-debit-and-credit-card-payment-support,200,true,true,14967,false,0,0,0,0,,Skipped (not requested),true,569,2,0,46,region,,false,0,0,0,0,0,0,,Skipped (not requested),false,0,0,0,0,0,0,,"page.addScriptTag: Executing inline script violates the following Content Security Policy directive 'script-src 'self' www.google-analytics.com ssl.google-analytics.com stats.g.doubleclick.net www.googletagmanager.com www.region1.google-analytics.com region1.google-analytics.com www.google.co.uk analytics.google.com *.analytics.google.com www.google.com www.gstatic.com *.ytimg.com www.youtube.com www.youtube-nocookie.com 'nonce-rPEufZt11dGzU798afwygw==''. Either the 'unsafe-inline' keyword, a hash ('sha256-KqJA1m/a7A+KctYBKJR75bChscDI9FIV+NeO58+zJmA='), or a nonce ('nonce-...') is required to enable inline execution. The action has been blocked.",false,0,0,0,0,,Skipped (not requested),0,,Online debit and credit card payment support - GOV.UK
58,GOV.UK,chromium,both,desktop,1280,800,https://gov.uk/find-hmrc-contacts/technical-support-with-vat-online-services,https://www.gov.uk/find-hmrc-contacts/technical-support-with-vat-online-services,200,true,true,16290,false,0,0,0,0,,Skipped (not requested),true,643,2,0,46,region,,false,0,0,0,0,0,0,,Skipped (not requested),false,0,0,0,0,0,0,,"page.addScriptTag: Executing inline script violates the following Content Security Policy directive 'script-src 'self' www.google-analytics.com ssl.google-analytics.com stats.g.doubleclick.net www.googletagmanager.com www.region1.google-analytics.com region1.google-analytics.com www.google.co.uk analytics.google.com *.analytics.google.com www.google.com www.gstatic.com *.ytimg.com www.youtube.com www.youtube-nocookie.com 'nonce-c8816YZRc0QQddOeNOcIFw==''. Either the 'unsafe-inline' keyword, a hash ('sha256-KqJA1m/a7A+KctYBKJR75bChscDI9FIV+NeO58+zJmA='), or a nonce ('nonce-...') is required to enable inline execution. The action has been blocked.",false,0,0,0,0,,Skipped (not requested),0,,Technical support with VAT online services - GOV.UK
58,GOV.UK,chromium,both,desktop,1280,800,https://gov.uk/find-licences/domiciliary-support-service-registration-wales,https://www.gov.uk/find-licences/domiciliary-support-service-registration-wales,200,true,true,17362,false,0,0,0,0,,Skipped (not requested),true,500,2,0,48,region,,false,0,0,0,0,0,0,,Skipped (not requested),false,0,0,0,0,0,0,,"page.addScriptTag: Executing inline script violates the following Content Security Policy directive 'script-src 'self' www.google-analytics.com ssl.google-analytics.com stats.g.doubleclick.net www.googletagmanager.com www.region1.google-analytics.com region1.google-analytics.com www.google.co.uk analytics.google.com *.analytics.google.com www.google.com www.gstatic.com *.ytimg.com www.youtube.com www.youtube-nocookie.com 'nonce-rfBZeMV18CohjdtaND9Czg==''. Either the 'unsafe-inline' keyword, a hash ('sha256-KqJA1m/a7A+KctYBKJR75bChscDI9FIV+NeO58+zJmA='), or a nonce ('nonce-...') is required to enable inline execution. The action has been blocked.",false,0,0,0,0,,Skipped (not requested),0,,Domiciliary support service registration (Wales) - GOV.UK
58,GOV.UK,chromium,both,desktop,1280,800,https://gov.uk/find-licences/support-services-providing-day-care-to-adults-registration-scotland,https://www.gov.uk/find-licences/support-services-providing-day-care-to-adults-registration-scotland,200,true,true,18003,false,0,0,0,0,,Skipped (not requested),true,599,2,0,48,region,,false,0,0,0,0,0,0,,Skipped (not requested),false,0,0,0,0,0,0,,"page.addScriptTag: Executing inline script violates the following Content Security Policy directive 'script-src 'self' www.google-analytics.com ssl.google-analytics.com stats.g.doubleclick.net www.googletagmanager.com www.region1.google-analytics.com region1.google-analytics.com www.google.co.uk analytics.google.com *.analytics.google.com www.google.com www.gstatic.com *.ytimg.com www.youtube.com www.youtube-nocookie.com 'nonce-lBxs0xvL9yhubh2tEbEALw==''. Either the 'unsafe-inline' keyword, a hash ('sha256-KqJA1m/a7A+KctYBKJR75bChscDI9FIV+NeO58+zJmA='), or a nonce ('nonce-...') is required to enable inline execution. The action has been blocked.",false,0,0,0,0,,Skipped (not requested),0,,Support services providing day care to adults registration (Scotland) - GOV.UK
58,GOV.UK,chromium,both,desktop,1280,800,https://gov.uk/government/news/help-find-new-ways-to-ease-global-disruption-apply-for-funding,https://www.gov.uk/government/news/help-find-new-ways-to-ease-global-disruption-apply-for-funding,200,true,true,18628,false,0,0,0,0,,Skipped (not requested),true,647,2,0,44,region,,false,0,0,0,0,0,0,,Skipped (not requested),false,0,0,0,0,0,0,,"page.addScriptTag: Executing inline script violates the following Content Security Policy directive 'script-src 'self' www.google-analytics.com ssl.google-analytics.com stats.g.doubleclick.net www.googletagmanager.com www.region1.google-analytics.com region1.google-analytics.com www.google.co.uk analytics.google.com *.analytics.google.com www.google.com www.gstatic.com *.ytimg.com www.youtube.com www.youtube-nocookie.com 'nonce-NHS1ZZeQJYe6qVO0p7dlTA==''. Either the 'unsafe-inline' keyword, a hash ('sha256-KqJA1m/a7A+KctYBKJR75bChscDI9FIV+NeO58+zJmA='), or a nonce ('nonce-...') is required to enable inline execution. The action has been blocked.",false,0,0,0,0,,Skipped (not requested),0,,Help find new ways to ease global disruption: apply for funding - GOV.UK
58,GOV.UK,chromium,both,desktop,1280,800,https://gov.uk/government/news/new-find-a-job-service-to-support-thousands-of-jobseekers-into-work,https://www.gov.uk/government/news/new-find-a-job-service-to-support-thousands-of-jobseekers-into-work,200,true,true,19263,false,0,0,0,0,,Skipped (not requested),true,605,2,0,44,region,,false,0,0,0,0,0,0,,Skipped (not requested),false,0,0,0,0,0,0,,"page.addScriptTag: Executing inline script violates the following Content Security Policy directive 'script-src 'self' www.google-analytics.com ssl.google-analytics.com stats.g.doubleclick.net www.googletagmanager.com www.region1.google-analytics.com region1.google-analytics.com www.google.co.uk analytics.google.com *.analytics.google.com www.google.com www.gstatic.com *.ytimg.com www.youtube.com www.youtube-nocookie.com 'nonce-JFqGY+rzb3cbUnKSflz3Bw==''. Either the 'unsafe-inline' keyword, a hash ('sha256-KqJA1m/a7A+KctYBKJR75bChscDI9FIV+NeO58+zJmA='), or a nonce ('nonce-...') is required to enable inline execution. The action has been blocked.",false,0,0,0,0,,Skipped (not requested),0,,New ‘Find a Job’ service to support thousands of jobseekers into work - GOV.UK
58,GOV.UK,chromium,both,desktop,1280,800,https://gov.uk/government/news/publication-of-dwp-research-report-707-employment-and-support-allowance-findings-from-a-face-to-face-survey-of-customers,https://www.gov.uk/government/news/publication-of-dwp-research-report-707-employment-and-support-allowance-findings-from-a-face-to-face-survey-of-customers,200,true,true,19027,false,0,0,0,0,,Skipped (not requested),true,652,3,0,44,link-name;region,,false,0,0,0,0,0,0,,Skipped (not requested),false,0,0,0,0,0,0,,"page.addScriptTag: Executing inline script violates the following Content Security Policy directive 'script-src 'self' www.google-analytics.com ssl.google-analytics.com stats.g.doubleclick.net www.googletagmanager.com www.region1.google-analytics.com region1.google-analytics.com www.google.co.uk analytics.google.com *.analytics.google.com www.google.com www.gstatic.com *.ytimg.com www.youtube.com www.youtube-nocookie.com 'nonce-sCreJtFcNqwczoXCduFRzg==''. Either the 'unsafe-inline' keyword, a hash ('sha256-KqJA1m/a7A+KctYBKJR75bChscDI9FIV+NeO58+zJmA='), or a nonce ('nonce-...') is required to enable inline execution. The action has been blocked.",false,0,0,0,0,,Skipped (not requested),0,,Publication  of DWP research report 707: Employment and Support Allowance: findings from a  face-to-face survey of customers - GOV.UK
58,GOV.UK,chromium,both,desktop,1280,800,https://gov.uk/government/news/publication-of-dwp-research-report-745-employment-and-support-allowance-findings-from-a-follow-up-survey-of-customers,https://www.gov.uk/government/news/publication-of-dwp-research-report-745-employment-and-support-allowance-findings-from-a-follow-up-survey-of-customers,200,true,true,19637,false,0,0,0,0,,Skipped (not requested),true,633,2,0,44,region,,false,0,0,0,0,0,0,,Skipped (not requested),false,0,0,0,0,0,0,,"page.addScriptTag: Executing inline script violates the following Content Security Policy directive 'script-src 'self' www.google-analytics.com ssl.google-analytics.com stats.g.doubleclick.net www.googletagmanager.com www.region1.google-analytics.com region1.google-analytics.com www.google.co.uk analytics.google.com *.analytics.google.com www.google.com www.gstatic.com *.ytimg.com www.youtube.com www.youtube-nocookie.com 'nonce-ZCDX9126N9IQvL8iq4OJPQ==''. Either the 'unsafe-inline' keyword, a hash ('sha256-KqJA1m/a7A+KctYBKJR75bChscDI9FIV+NeO58+zJmA='), or a nonce ('nonce-...') is required to enable inline execution. The action has been blocked.",false,0,0,0,0,,Skipped (not requested),0,,Publication  of DWP research report 745: employment and support allowance: findings from a  follow-up survey of  customers - GOV.UK
58,GOV.UK,chromium,both,desktop,1280,800,https://gov.uk/government/publications/support-for-newly-unemployed-and-six-month-offer-evaluations-a-reporton-qualitative-research-findings-rr691,https://www.gov.uk/government/publications/support-for-newly-unemployed-and-six-month-offer-evaluations-a-reporton-qualitative-research-findings-rr691,200,true,true,19794,false,0,0,0,0,,Skipped (not requested),true,642,2,1,45,region,,false,0,0,0,0,0,0,,Skipped (not requested),false,0,0,0,0,0,0,,"page.addScriptTag: Executing inline script violates the following Content Security Policy directive 'script-src 'self' www.google-analytics.com ssl.google-analytics.com stats.g.doubleclick.net www.googletagmanager.com www.region1.google-analytics.com region1.google-analytics.com www.google.co.uk analytics.google.com *.analytics.google.com www.google.com www.gstatic.com *.ytimg.com www.youtube.com www.youtube-nocookie.com 'nonce-HFTjjb7m2POZDJAT0KVoUA==''. Either the 'unsafe-inline' keyword, a hash ('sha256-KqJA1m/a7A+KctYBKJR75bChscDI9FIV+NeO58+zJmA='), or a nonce ('nonce-...') is required to enable inline execution. The action has been blocked.",false,0,0,0,0,,Skipped (not requested),0,,Support for Newly Unemployed and Six Month Offer evaluations (RR691) - GOV.UK
58,GOV.UK,chromium,both,desktop,1280,800,https://gov.uk/,https://www.gov.uk/,200,true,true,21587,false,0,0,0,0,,Skipped (not requested),true,948,2,0,41,region,,false,0,0,0,0,0,0,,Skipped (not requested),false,0,0,0,0,0,0,,"page.addScriptTag: Executing inline script violates the following Content Security Policy directive 'script-src 'self' www.google-analytics.com ssl.google-analytics.com stats.g.doubleclick.net www.googletagmanager.com www.region1.google-analytics.com region1.google-analytics.com www.google.co.uk analytics.google.com *.analytics.google.com www.google.com www.gstatic.com *.ytimg.com www.youtube.com www.youtube-nocookie.com 'nonce-mrjwAD7TRlzkfMnms32hEg==''. Either the 'unsafe-inline' keyword, a hash ('sha256-KqJA1m/a7A+KctYBKJR75bChscDI9FIV+NeO58+zJmA='), or a nonce ('nonce-...') is required to enable inline execution. The action has been blocked.",false,0,0,0,0,,Skipped (not requested),0,,Welcome to GOV.UK
58,GOV.UK,chromium,both,desktop,1280,800,https://gov.uk/government/publications/helping-people-in-alcohol-and-drug-treatment-services-into-work/individual-placement-and-support-alcohol-and-drug-study-main-findings--2,https://www.gov.uk/government/publications/helping-people-in-alcohol-and-drug-treatment-services-into-work/individual-placement-and-support-alcohol-and-drug-study-main-findings--2,200,true,true,22316,false,0,0,0,0,,Skipped (not requested),true,1292,2,2,48,region,,false,0,0,0,0,0,0,,Skipped (not requested),false,0,0,0,0,0,0,,"page.addScriptTag: Executing inline script violates the following Content Security Policy directive 'script-src 'self' www.google-analytics.com ssl.google-analytics.com stats.g.doubleclick.net www.googletagmanager.com www.region1.google-analytics.com region1.google-analytics.com www.google.co.uk analytics.google.com *.analytics.google.com www.google.com www.gstatic.com *.ytimg.com www.youtube.com www.youtube-nocookie.com 'nonce-K9Zbv3KBfECHIZ+d8bY3Cg==''. Either the 'unsafe-inline' keyword, a hash ('sha256-KqJA1m/a7A+KctYBKJR75bChscDI9FIV+NeO58+zJmA='), or a nonce ('nonce-...') is required to enable inline execution. The action has been blocked.",false,0,0,0,0,,Skipped (not requested),0,,Individual Placement and Support - Alcohol and Drug study: main findings - GOV.UK
58,GOV.UK,chromium,both,desktop,1280,800,https://gov.uk/reporting-accessibility-problem-public-sector-website,https://www.gov.uk/reporting-accessibility-problem-public-sector-website,200,true,true,22500,false,0,0,0,0,,Skipped (not requested),true,581,2,0,48,region,,false,0,0,0,0,0,0,,Skipped (not requested),false,0,0,0,0,0,0,,"page.addScriptTag: Executing inline script violates the following Content Security Policy directive 'script-src 'self' www.google-analytics.com ssl.google-analytics.com stats.g.doubleclick.net www.googletagmanager.com www.region1.google-analytics.com region1.google-analytics.com www.google.co.uk analytics.google.com *.analytics.google.com www.google.com www.gstatic.com *.ytimg.com www.youtube.com www.youtube-nocookie.com 'nonce-n0XVvnsstFbbfhNXbDdLsA==''. Either the 'unsafe-inline' keyword, a hash ('sha256-KqJA1m/a7A+KctYBKJR75bChscDI9FIV+NeO58+zJmA='), or a nonce ('nonce-...') is required to enable inline execution. The action has been blocked.",false,0,0,0,0,,Skipped (not requested),0,,Reporting an accessibility problem on a public sector website - GOV.UK
58,GOV.UK,chromium,both,desktop,1280,800,https://gov.uk/guidance/accessibility-statement-for-new-adults-in-the-home-service,https://www.gov.uk/guidance/accessibility-statement-for-new-adults-in-the-home-service,200,true,true,22998,false,0,0,0,0,,Skipped (not requested),true,763,2,2,46,region,,false,0,0,0,0,0,0,,Skipped (not requested),false,0,0,0,0,0,0,,"page.addScriptTag: Executing inline script violates the following Content Security Policy directive 'script-src 'self' www.google-analytics.com ssl.google-analytics.com stats.g.doubleclick.net www.googletagmanager.com www.region1.google-analytics.com region1.google-analytics.com www.google.co.uk analytics.google.com *.analytics.google.com www.google.com www.gstatic.com *.ytimg.com www.youtube.com www.youtube-nocookie.com 'nonce-G538HRIboB79e52gEjlnxg==''. Either the 'unsafe-inline' keyword, a hash ('sha256-KqJA1m/a7A+KctYBKJR75bChscDI9FIV+NeO58+zJmA='), or a nonce ('nonce-...') is required to enable inline execution. The action has been blocked.",false,0,0,0,0,,Skipped (not requested),0,,Accessibility statement for new adults in the home service - GOV.UK
58,GOV.UK,chromium,both,desktop,1280,800,https://gov.uk/guidance/accessibility-statement-for-paying-your-childcare-or-social-care-invoice,https://www.gov.uk/guidance/accessibility-statement-for-paying-your-childcare-or-social-care-invoice,200,true,true,23840,false,0,0,0,0,,Skipped (not requested),true,733,2,2,46,region,,false,0,0,0,0,0,0,,Skipped (not requested),false,0,0,0,0,0,0,,"page.addScriptTag: Executing inline script violates the following Content Security Policy directive 'script-src 'self' www.google-analytics.com ssl.google-analytics.com stats.g.doubleclick.net www.googletagmanager.com www.region1.google-analytics.com region1.google-analytics.com www.google.co.uk analytics.google.com *.analytics.google.com www.google.com www.gstatic.com *.ytimg.com www.youtube.com www.youtube-nocookie.com 'nonce-Na5hUZLF0jECP6/IjsSnYg==''. Either the 'unsafe-inline' keyword, a hash ('sha256-KqJA1m/a7A+KctYBKJR75bChscDI9FIV+NeO58+zJmA='), or a nonce ('nonce-...') is required to enable inline execution. The action has been blocked.",false,0,0,0,0,,Skipped (not requested),0,,Accessibility statement for pay your childcare or social care invoice service - GOV.UK
58,GOV.UK,chromium,both,desktop,1280,800,https://gov.uk/guidance/accessibility-statement-for-public-home-office-services,https://www.gov.uk/guidance/accessibility-statement-for-public-home-office-services,200,true,true,24251,false,0,0,0,0,,Skipped (not requested),true,860,2,2,46,region,,false,0,0,0,0,0,0,,Skipped (not requested),false,0,0,0,0,0,0,,"page.addScriptTag: Executing inline script violates the following Content Security Policy directive 'script-src 'self' www.google-analytics.com ssl.google-analytics.com stats.g.doubleclick.net www.googletagmanager.com www.region1.google-analytics.com region1.google-analytics.com www.google.co.uk analytics.google.com *.analytics.google.com www.google.com www.gstatic.com *.ytimg.com www.youtube.com www.youtube-nocookie.com 'nonce-77Vf8gAtO6jMAbUq4fGM3g==''. Either the 'unsafe-inline' keyword, a hash ('sha256-KqJA1m/a7A+KctYBKJR75bChscDI9FIV+NeO58+zJmA='), or a nonce ('nonce-...') is required to enable inline execution. The action has been blocked.",false,0,0,0,0,,Skipped (not requested),0,,Accessibility statement for public Home Office services - GOV.UK
58,GOV.UK,chromium,both,desktop,1280,800,https://gov.uk/guidance/accessibility-statement-for-register-as-a-nanny-service,https://www.gov.uk/guidance/accessibility-statement-for-register-as-a-nanny-service,200,true,true,24979,false,0,0,0,0,,Skipped (not requested),true,776,2,2,46,region,,false,0,0,0,0,0,0,,Skipped (not requested),false,0,0,0,0,0,0,,"page.addScriptTag: Executing inline script violates the following Content Security Policy directive 'script-src 'self' www.google-analytics.com ssl.google-analytics.com stats.g.doubleclick.net www.googletagmanager.com www.region1.google-analytics.com region1.google-analytics.com www.google.co.uk analytics.google.com *.analytics.google.com www.google.com www.gstatic.com *.ytimg.com www.youtube.com www.youtube-nocookie.com 'nonce-7g+TZYCQ/efhMCWzrLqPXA==''. Either the 'unsafe-inline' keyword, a hash ('sha256-KqJA1m/a7A+KctYBKJR75bChscDI9FIV+NeO58+zJmA='), or a nonce ('nonce-...') is required to enable inline execution. The action has been blocked.",false,0,0,0,0,,Skipped (not requested),0,,Accessibility statement for register as a nanny service - GOV.UK
58,GOV.UK,chromium,both,desktop,1280,800,https://gov.uk/guidance/accessibility-statement-for-tell-ofsted-about-a-serious-childcare-incident-service,https://www.gov.uk/guidance/accessibility-statement-for-tell-ofsted-about-a-serious-childcare-incident-service,200,true,true,26060,false,0,0,0,0,,Skipped (not requested),true,773,2,2,46,region,,false,0,0,0,0,0,0,,Skipped (not requested),false,0,0,0,0,0,0,,"page.addScriptTag: Executing inline script violates the following Content Security Policy directive 'script-src 'self' www.google-analytics.com ssl.google-analytics.com stats.g.doubleclick.net www.googletagmanager.com www.region1.google-analytics.com region1.google-analytics.com www.google.co.uk analytics.google.com *.analytics.google.com www.google.com www.gstatic.com *.ytimg.com www.youtube.com www.youtube-nocookie.com 'nonce-mJZ1fyVKfXaWP0jnppHldw==''. Either the 'unsafe-inline' keyword, a hash ('sha256-KqJA1m/a7A+KctYBKJR75bChscDI9FIV+NeO58+zJmA='), or a nonce ('nonce-...') is required to enable inline execution. The action has been blocked.",false,0,0,0,0,,Skipped (not requested),0,,Accessibility statement for &#39;Tell Ofsted about a serious childcare incident&#39; service - GOV.UK
58,GOV.UK,chromium,both,desktop,1280,800,https://gov.uk/guidance/apply-for-an-exemption-from-psvar-accessibility-regulations-for-home-to-school-or-rail-replacement-services,https://www.gov.uk/guidance/apply-for-an-exemption-from-psvar-accessibility-regulations-for-home-to-school-coaches,200,true,true,26083,false,0,0,0,0,,Skipped (not requested),true,1145,2,2,41,region,,false,0,0,0,0,0,0,,Skipped (not requested),false,0,0,0,0,0,0,,"page.addScriptTag: Executing inline script violates the following Content Security Policy directive 'script-src 'self' www.google-analytics.com ssl.google-analytics.com stats.g.doubleclick.net www.googletagmanager.com www.region1.google-analytics.com region1.google-analytics.com www.google.co.uk analytics.google.com *.analytics.google.com www.google.com www.gstatic.com *.ytimg.com www.youtube.com www.youtube-nocookie.com 'nonce-/gCg0E/al6IcqYxLmmN10A==''. Either the 'unsafe-inline' keyword, a hash ('sha256-KqJA1m/a7A+KctYBKJR75bChscDI9FIV+NeO58+zJmA='), or a nonce ('nonce-...') is required to enable inline execution. The action has been blocked.",false,0,0,0,0,,Skipped (not requested),0,,[Withdrawn] Apply for an exemption from PSVAR accessibility regulations for home-to-school coaches - GOV.UK
58,GOV.UK,chromium,both,desktop,1280,800,https://gov.uk/research-for-development-outputs/does-service-accessibility-reduce-socio-economic-differentials-in-maternity-care-seeking-evidence-from-rural-bangladesh,https://www.gov.uk/research-for-development-outputs/does-service-accessibility-reduce-socio-economic-differentials-in-maternity-care-seeking-evidence-from-rural-bangladesh,200,true,true,26763,false,0,0,0,0,,Skipped (not requested),true,597,2,0,46,region,,false,0,0,0,0,0,0,,Skipped (not requested),false,0,0,0,0,0,0,,"page.addScriptTag: Executing inline script violates the following Content Security Policy directive 'script-src 'self' www.google-analytics.com ssl.google-analytics.com stats.g.doubleclick.net www.googletagmanager.com www.region1.google-analytics.com region1.google-analytics.com www.google.co.uk analytics.google.com *.analytics.google.com www.google.com www.gstatic.com *.ytimg.com www.youtube.com www.youtube-nocookie.com 'nonce-ndFuC8IHSoYzPeiaDia9uQ==''. Either the 'unsafe-inline' keyword, a hash ('sha256-KqJA1m/a7A+KctYBKJR75bChscDI9FIV+NeO58+zJmA='), or a nonce ('nonce-...') is required to enable inline execution. The action has been blocked.",false,0,0,0,0,,Skipped (not requested),0,,Does service accessibility reduce socio-economic differentials in maternity care seeking? Evidence from rural Bangladesh. - GOV.UK
58,GOV.UK,chromium,both,desktop,1280,800,https://gov.uk/research-for-development-outputs/enhanced-accessibility-for-disabled-people-in-urban-and-peri-urban-areas-country-report-mozambique,https://www.gov.uk/research-for-development-outputs/enhanced-accessibility-for-disabled-people-in-urban-and-peri-urban-areas-country-report-mozambique,200,true,true,26788,false,0,0,0,0,,Skipped (not requested),true,601,2,0,46,region,,false,0,0,0,0,0,0,,Skipped (not requested),false,0,0,0,0,0,0,,"page.addScriptTag: Executing inline script violates the following Content Security Policy directive 'script-src 'self' www.google-analytics.com ssl.google-analytics.com stats.g.doubleclick.net www.googletagmanager.com www.region1.google-analytics.com region1.google-analytics.com www.google.co.uk analytics.google.com *.analytics.google.com www.google.com www.gstatic.com *.ytimg.com www.youtube.com www.youtube-nocookie.com 'nonce-BrdPvMxsUmvpvUfiyINJ2Q==''. Either the 'unsafe-inline' keyword, a hash ('sha256-KqJA1m/a7A+KctYBKJR75bChscDI9FIV+NeO58+zJmA='), or a nonce ('nonce-...') is required to enable inline execution. The action has been blocked.",false,0,0,0,0,,Skipped (not requested),0,,Enhanced accessibility for disabled people in urban and peri-urban areas: country report - Mozambique. - GOV.UK
58,GOV.UK,chromium,both,desktop,1280,800,https://gov.uk/research-for-development-outputs/enhanced-accessibility-for-people-with-disabilities-in-urban-areas-inception-report,https://www.gov.uk/research-for-development-outputs/enhanced-accessibility-for-people-with-disabilities-in-urban-areas-inception-report,200,true,true,26778,false,0,0,0,0,,Skipped (not requested),true,615,3,0,45,color-contrast;region,,false,0,0,0,0,0,0,,Skipped (not requested),false,0,0,0,0,0,0,,"page.addScriptTag: Executing inline script violates the following Content Security Policy directive 'script-src 'self' www.google-analytics.com ssl.google-analytics.com stats.g.doubleclick.net www.googletagmanager.com www.region1.google-analytics.com region1.google-analytics.com www.google.co.uk analytics.google.com *.analytics.google.com www.google.com www.gstatic.com *.ytimg.com www.youtube.com www.youtube-nocookie.com 'nonce-uTCzCOasCCgPKzLgvLyGTg==''. Either the 'unsafe-inline' keyword, a hash ('sha256-KqJA1m/a7A+KctYBKJR75bChscDI9FIV+NeO58+zJmA='), or a nonce ('nonce-...') is required to enable inline execution. The action has been blocked.",false,0,0,0,0,,Skipped (not requested),0,,Enhanced accessibility for people with disabilities in urban areas: inception report. - GOV.UK
58,GOV.UK,chromium,both,desktop,1280,800,https://gov.uk/research-for-development-outputs/enhanced-accessibility-for-persons-with-disabilities-living-in-urban-areas-country-report-south-africa,https://www.gov.uk/research-for-development-outputs/enhanced-accessibility-for-persons-with-disabilities-living-in-urban-areas-country-report-south-africa,200,true,true,26678,false,0,0,0,0,,Skipped (not requested),true,597,2,0,46,region,,false,0,0,0,0,0,0,,Skipped (not requested),false,0,0,0,0,0,0,,"page.addScriptTag: Executing inline script violates the following Content Security Policy directive 'script-src 'self' www.google-analytics.com ssl.google-analytics.com stats.g.doubleclick.net www.googletagmanager.com www.region1.google-analytics.com region1.google-analytics.com www.google.co.uk analytics.google.com *.analytics.google.com www.google.com www.gstatic.com *.ytimg.com www.youtube.com www.youtube-nocookie.com 'nonce-orxAJB/tTdwcuj0Vb2eevg==''. Either the 'unsafe-inline' keyword, a hash ('sha256-KqJA1m/a7A+KctYBKJR75bChscDI9FIV+NeO58+zJmA='), or a nonce ('nonce-...') is required to enable inline execution. The action has been blocked.",false,0,0,0,0,,Skipped (not requested),0,,"Enhanced accessibility for persons with disabilities living in urban areas: country report, South Africa. - GOV.UK"
58,GOV.UK,chromium,both,desktop,1280,800,https://gov.uk/find-gender-pay-gap-data,https://www.gov.uk/find-gender-pay-gap-data,200,true,true,26002,false,0,0,0,0,,Skipped (not requested),true,518,2,0,48,region,,false,0,0,0,0,0,0,,Skipped (not requested),false,0,0,0,0,0,0,,"page.addScriptTag: Executing inline script violates the following Content Security Policy directive 'script-src 'self' www.google-analytics.com ssl.google-analytics.com stats.g.doubleclick.net www.googletagmanager.com www.region1.google-analytics.com region1.google-analytics.com www.google.co.uk analytics.google.com *.analytics.google.com www.google.com www.gstatic.com *.ytimg.com www.youtube.com www.youtube-nocookie.com 'nonce-ZixWSamWxQkPN1+O9Bs9NA==''. Either the 'unsafe-inline' keyword, a hash ('sha256-KqJA1m/a7A+KctYBKJR75bChscDI9FIV+NeO58+zJmA='), or a nonce ('nonce-...') is required to enable inline execution. The action has been blocked.",false,0,0,0,0,,Skipped (not requested),0,,Find and compare gender pay gap data - GOV.UK
58,GOV.UK,chromium,both,desktop,1280,800,https://gov.uk/find-registered-childminder,https://www.gov.uk/find-registered-childminder,200,true,true,26058,false,0,0,0,0,,Skipped (not requested),true,695,3,1,44,region,,false,0,0,0,0,0,0,,Skipped (not requested),false,0,0,0,0,0,0,,"page.addScriptTag: Executing inline script violates the following Content Security Policy directive 'script-src 'self' www.google-analytics.com ssl.google-analytics.com stats.g.doubleclick.net www.googletagmanager.com www.region1.google-analytics.com region1.google-analytics.com www.google.co.uk analytics.google.com *.analytics.google.com www.google.com www.gstatic.com *.ytimg.com www.youtube.com www.youtube-nocookie.com 'nonce-Hv7j4k1J6UzkAtFG2ys7dA==''. Either the 'unsafe-inline' keyword, a hash ('sha256-KqJA1m/a7A+KctYBKJR75bChscDI9FIV+NeO58+zJmA='), or a nonce ('nonce-...') is required to enable inline execution. The action has been blocked.",false,0,0,0,0,,Skipped (not requested),0,,Find a registered childminder - GOV.UK
58,GOV.UK,chromium,both,desktop,1280,800,https://gov.uk/government/consultations/accessible-travel-policy-guidance-accessibility-of-rail-replacement-services,https://www.gov.uk/government/consultations/accessible-travel-policy-guidance-accessibility-of-rail-replacement-services,200,true,true,26081,false,0,0,0,0,,Skipped (not requested),true,652,2,1,46,region,,false,0,0,0,0,0,0,,Skipped (not requested),false,0,0,0,0,0,0,,"page.addScriptTag: Executing inline script violates the following Content Security Policy directive 'script-src 'self' www.google-analytics.com ssl.google-analytics.com stats.g.doubleclick.net www.googletagmanager.com www.region1.google-analytics.com region1.google-analytics.com www.google.co.uk analytics.google.com *.analytics.google.com www.google.com www.gstatic.com *.ytimg.com www.youtube.com www.youtube-nocookie.com 'nonce-vNWEa16jaieq9PdOZ2EyiA==''. Either the 'unsafe-inline' keyword, a hash ('sha256-KqJA1m/a7A+KctYBKJR75bChscDI9FIV+NeO58+zJmA='), or a nonce ('nonce-...') is required to enable inline execution. The action has been blocked.",false,0,0,0,0,,Skipped (not requested),0,,Accessible Travel Policy guidance: accessibility of rail replacement services - GOV.UK
58,GOV.UK,chromium,both,desktop,1280,800,https://gov.uk/government/news/global-accessibility-awareness-day-minister-calls-on-the-public-sector-to-ensure-digital-services-are-accessible,https://www.gov.uk/government/news/global-accessibility-awareness-day-minister-calls-on-the-public-sector-to-ensure-digital-services-are-accessible,200,true,true,26012,false,0,0,0,0,,Skipped (not requested),true,598,2,0,44,region,,false,0,0,0,0,0,0,,Skipped (not requested),false,0,0,0,0,0,0,,"page.addScriptTag: Executing inline script violates the following Content Security Policy directive 'script-src 'self' www.google-analytics.com ssl.google-analytics.com stats.g.doubleclick.net www.googletagmanager.com www.region1.google-analytics.com region1.google-analytics.com www.google.co.uk analytics.google.com *.analytics.google.com www.google.com www.gstatic.com *.ytimg.com www.youtube.com www.youtube-nocookie.com 'nonce-TCs1cQORql/4V9aeTvwgAw==''. Either the 'unsafe-inline' keyword, a hash ('sha256-KqJA1m/a7A+KctYBKJR75bChscDI9FIV+NeO58+zJmA='), or a nonce ('nonce-...') is required to enable inline execution. The action has been blocked.",false,0,0,0,0,,Skipped (not requested),0,,Global Accessibility Awareness Day: Minister calls on the public sector to ensure digital services are accessible - GOV.UK
58,GOV.UK,chromium,both,desktop,1280,800,https://gov.uk/government/news/minister-announces-accessibility-improvements-to-voter-registration-service,https://www.gov.uk/government/news/minister-announces-accessibility-improvements-to-voter-registration-service,200,true,true,25993,false,0,0,0,0,,Skipped (not requested),true,592,2,0,44,region,,false,0,0,0,0,0,0,,Skipped (not requested),false,0,0,0,0,0,0,,"page.addScriptTag: Executing inline script violates the following Content Security Policy directive 'script-src 'self' www.google-analytics.com ssl.google-analytics.com stats.g.doubleclick.net www.googletagmanager.com www.region1.google-analytics.com region1.google-analytics.com www.google.co.uk analytics.google.com *.analytics.google.com www.google.com www.gstatic.com *.ytimg.com www.youtube.com www.youtube-nocookie.com 'nonce-NzV+idwFqTzLjDXTUydgfg==''. Either the 'unsafe-inline' keyword, a hash ('sha256-KqJA1m/a7A+KctYBKJR75bChscDI9FIV+NeO58+zJmA='), or a nonce ('nonce-...') is required to enable inline execution. The action has been blocked.",false,0,0,0,0,,Skipped (not requested),0,,Minister announces accessibility improvements to voter registration service - GOV.UK
58,GOV.UK,chromium,both,desktop,1280,800,https://gov.uk/government/news/new-funding-for-accessibility-as-government-reports-progress-for-disabled-people-across-transport-network,https://www.gov.uk/government/news/new-funding-for-accessibility-as-government-reports-progress-for-disabled-people-across-transport-network,200,true,true,27238,false,0,0,0,0,,Skipped (not requested),true,672,2,0,44,region,,false,0,0,0,0,0,0,,Skipped (not requested),false,0,0,0,0,0,0,,"page.addScriptTag: Executing inline script violates the following Content Security Policy directive 'script-src 'self' www.google-analytics.com ssl.google-analytics.com stats.g.doubleclick.net www.googletagmanager.com www.region1.google-analytics.com region1.google-analytics.com www.google.co.uk analytics.google.com *.analytics.google.com www.google.com www.gstatic.com *.ytimg.com www.youtube.com www.youtube-nocookie.com 'nonce-RVvXBPRs1T5EQc+u0BprCw==''. Either the 'unsafe-inline' keyword, a hash ('sha256-KqJA1m/a7A+KctYBKJR75bChscDI9FIV+NeO58+zJmA='), or a nonce ('nonce-...') is required to enable inline execution. The action has been blocked.",false,0,0,0,0,,Skipped (not requested),0,,New funding for accessibility as government reports progress for disabled people across transport network - GOV.UK
58,GOV.UK,chromium,both,desktop,1280,800,https://gov.uk/higher-education-courses-find-and-apply,https://www.gov.uk/higher-education-courses-find-and-apply,200,true,true,26060,false,0,0,0,0,,Skipped (not requested),true,692,2,0,48,region,,false,0,0,0,0,0,0,,Skipped (not requested),false,0,0,0,0,0,0,,"page.addScriptTag: Executing inline script violates the following Content Security Policy directive 'script-src 'self' www.google-analytics.com ssl.google-analytics.com stats.g.doubleclick.net www.googletagmanager.com www.region1.google-analytics.com region1.google-analytics.com www.google.co.uk analytics.google.com *.analytics.google.com www.google.com www.gstatic.com *.ytimg.com www.youtube.com www.youtube-nocookie.com 'nonce-lygsBZlAVe/mlUvv/aCBoA==''. Either the 'unsafe-inline' keyword, a hash ('sha256-KqJA1m/a7A+KctYBKJR75bChscDI9FIV+NeO58+zJmA='), or a nonce ('nonce-...') is required to enable inline execution. The action has been blocked.",false,0,0,0,0,,Skipped (not requested),0,,Higher education courses: find and apply - GOV.UK
58,GOV.UK,chromium,both,desktop,1280,800,https://gov.uk/service-manual/technology/accessibility-for-developers-an-introduction,https://www.gov.uk/service-manual/technology/accessibility-for-developers-an-introduction,200,true,true,26242,false,0,0,0,0,,Skipped (not requested),true,935,2,0,46,region,,false,0,0,0,0,0,0,,Skipped (not requested),false,0,0,0,0,0,0,,"page.addScriptTag: Executing inline script violates the following Content Security Policy directive 'script-src 'self' www.google-analytics.com ssl.google-analytics.com stats.g.doubleclick.net www.googletagmanager.com www.region1.google-analytics.com region1.google-analytics.com www.google.co.uk analytics.google.com *.analytics.google.com www.google.com www.gstatic.com *.ytimg.com www.youtube.com www.youtube-nocookie.com 'nonce-vvRuvdyzRKJSXJk2A7ySrg==''. Either the 'unsafe-inline' keyword, a hash ('sha256-KqJA1m/a7A+KctYBKJR75bChscDI9FIV+NeO58+zJmA='), or a nonce ('nonce-...') is required to enable inline execution. The action has been blocked.",false,0,0,0,0,,Skipped (not requested),0,,Making your frontend accessible - Service Manual - GOV.UK
58,GOV.UK,chromium,both,desktop,1280,800,https://gov.uk/aaib-reports/aaib-investigation-to-reims-cessna-f406-caravan-ii-g-find,https://www.gov.uk/aaib-reports/aaib-investigation-to-reims-cessna-f406-caravan-ii-g-find,200,true,true,26235,false,0,0,0,0,,Skipped (not requested),true,608,2,0,46,region,,false,0,0,0,0,0,0,,Skipped (not requested),false,0,0,0,0,0,0,,"page.addScriptTag: Executing inline script violates the following Content Security Policy directive 'script-src 'self' www.google-analytics.com ssl.google-analytics.com stats.g.doubleclick.net www.googletagmanager.com www.region1.google-analytics.com region1.google-analytics.com www.google.co.uk analytics.google.com *.analytics.google.com www.google.com www.gstatic.com *.ytimg.com www.youtube.com www.youtube-nocookie.com 'nonce-vNHzeyf5LQLmykEUf4WbPg==''. Either the 'unsafe-inline' keyword, a hash ('sha256-KqJA1m/a7A+KctYBKJR75bChscDI9FIV+NeO58+zJmA='), or a nonce ('nonce-...') is required to enable inline execution. The action has been blocked.",false,0,0,0,0,,Skipped (not requested),0,,"AAIB investigation to Reims Cessna F406 Caravan II, G-FIND	 - GOV.UK"
58,GOV.UK,chromium,both,desktop,1280,800,https://gov.uk/aaib-reports/aaib-investigation-to-reims-cessna-f406-g-find,https://www.gov.uk/aaib-reports/aaib-investigation-to-reims-cessna-f406-g-find,200,true,true,26750,false,0,0,0,0,,Skipped (not requested),true,612,2,0,46,region,,false,0,0,0,0,0,0,,Skipped (not requested),false,0,0,0,0,0,0,,"page.addScriptTag: Executing inline script violates the following Content Security Policy directive 'script-src 'self' www.google-analytics.com ssl.google-analytics.com stats.g.doubleclick.net www.googletagmanager.com www.region1.google-analytics.com region1.google-analytics.com www.google.co.uk analytics.google.com *.analytics.google.com www.google.com www.gstatic.com *.ytimg.com www.youtube.com www.youtube-nocookie.com 'nonce-ZvYAvwJCJuqaSaq/H48Bzg==''. Either the 'unsafe-inline' keyword, a hash ('sha256-KqJA1m/a7A+KctYBKJR75bChscDI9FIV+NeO58+zJmA='), or a nonce ('nonce-...') is required to enable inline execution. The action has been blocked.",false,0,0,0,0,,Skipped (not requested),0,,"AAIB investigation to Reims Cessna F406, G-FIND	 - GOV.UK"
58,GOV.UK,chromium,both,desktop,1280,800,https://gov.uk/aaib-reports/huntair-pathfinder-g-mjjt-4-june-1983,https://www.gov.uk/aaib-reports/huntair-pathfinder-g-mjjt-4-june-1983,200,true,true,27305,false,0,0,0,0,,Skipped (not requested),true,591,2,0,46,region,,false,0,0,0,0,0,0,,Skipped (not requested),false,0,0,0,0,0,0,,"page.addScriptTag: Executing inline script violates the following Content Security Policy directive 'script-src 'self' www.google-analytics.com ssl.google-analytics.com stats.g.doubleclick.net www.googletagmanager.com www.region1.google-analytics.com region1.google-analytics.com www.google.co.uk analytics.google.com *.analytics.google.com www.google.com www.gstatic.com *.ytimg.com www.youtube.com www.youtube-nocookie.com 'nonce-3FSn3tAV5IJAJQn9kFQ8iw==''. Either the 'unsafe-inline' keyword, a hash ('sha256-KqJA1m/a7A+KctYBKJR75bChscDI9FIV+NeO58+zJmA='), or a nonce ('nonce-...') is required to enable inline execution. The action has been blocked.",false,0,0,0,0,,Skipped (not requested),0,,"Huntair-Pathfinder, G-MJJT, 4 June 1983 - GOV.UK"
58,GOV.UK,chromium,both,desktop,1280,800,https://gov.uk/aaib-reports/pathfinder-mk-1-g-mjjr-21-april-1990,https://www.gov.uk/aaib-reports/pathfinder-mk-1-g-mjjr-21-april-1990,200,true,true,26604,false,0,0,0,0,,Skipped (not requested),true,591,2,0,46,region,,false,0,0,0,0,0,0,,Skipped (not requested),false,0,0,0,0,0,0,,"page.addScriptTag: Executing inline script violates the following Content Security Policy directive 'script-src 'self' www.google-analytics.com ssl.google-analytics.com stats.g.doubleclick.net www.googletagmanager.com www.region1.google-analytics.com region1.google-analytics.com www.google.co.uk analytics.google.com *.analytics.google.com www.google.com www.gstatic.com *.ytimg.com www.youtube.com www.youtube-nocookie.com 'nonce-ZvtO3/Hj9ZxdRpR+5X+Qwg==''. Either the 'unsafe-inline' keyword, a hash ('sha256-KqJA1m/a7A+KctYBKJR75bChscDI9FIV+NeO58+zJmA='), or a nonce ('nonce-...') is required to enable inline execution. The action has been blocked.",false,0,0,0,0,,Skipped (not requested),0,,"Pathfinder Mk 1, G-MJJR, 21 April 1990 - GOV.UK"
58,GOV.UK,chromium,both,desktop,1280,800,https://gov.uk/aaib-reports/piper-pa-28-235-cherokee-pathfinder-g-bamm-19-june-1994,https://www.gov.uk/aaib-reports/piper-pa-28-235-cherokee-pathfinder-g-bamm-19-june-1994,200,true,true,27139,false,0,0,0,0,,Skipped (not requested),true,591,2,0,46,region,,false,0,0,0,0,0,0,,Skipped (not requested),false,0,0,0,0,0,0,,"page.addScriptTag: Executing inline script violates the following Content Security Policy directive 'script-src 'self' www.google-analytics.com ssl.google-analytics.com stats.g.doubleclick.net www.googletagmanager.com www.region1.google-analytics.com region1.google-analytics.com www.google.co.uk analytics.google.com *.analytics.google.com www.google.com www.gstatic.com *.ytimg.com www.youtube.com www.youtube-nocookie.com 'nonce-kDcrcSk8K3NM3JOzrTILSQ==''. Either the 'unsafe-inline' keyword, a hash ('sha256-KqJA1m/a7A+KctYBKJR75bChscDI9FIV+NeO58+zJmA='), or a nonce ('nonce-...') is required to enable inline execution. The action has been blocked.",false,0,0,0,0,,Skipped (not requested),0,,"Piper PA-28-235 Cherokee Pathfinder, G-BAMM, 19 June 1994 - GOV.UK"
58,GOV.UK,chromium,both,desktop,1280,800,https://gov.uk/aaib-reports/reims-cessna-f406-caravan-ii-g-find-6-september-2007,https://www.gov.uk/aaib-reports/reims-cessna-f406-caravan-ii-g-find-6-september-2007,200,true,true,26423,false,0,0,0,0,,Skipped (not requested),true,603,2,0,46,region,,false,0,0,0,0,0,0,,Skipped (not requested),false,0,0,0,0,0,0,,"page.addScriptTag: Executing inline script violates the following Content Security Policy directive 'script-src 'self' www.google-analytics.com ssl.google-analytics.com stats.g.doubleclick.net www.googletagmanager.com www.region1.google-analytics.com region1.google-analytics.com www.google.co.uk analytics.google.com *.analytics.google.com www.google.com www.gstatic.com *.ytimg.com www.youtube.com www.youtube-nocookie.com 'nonce-3pIey8mXYu05iSrE2xCdpg==''. Either the 'unsafe-inline' keyword, a hash ('sha256-KqJA1m/a7A+KctYBKJR75bChscDI9FIV+NeO58+zJmA='), or a nonce ('nonce-...') is required to enable inline execution. The action has been blocked.",false,0,0,0,0,,Skipped (not requested),0,,"Reims Cessna F406 Caravan II, G-FIND, 6 September 2007 - GOV.UK"
58,GOV.UK,chromium,both,desktop,1280,800,https://gov.uk/employment-tribunal-decisions/mr-e-findlay-v-morrisons-utility-services-2600035-2017,https://www.gov.uk/employment-tribunal-decisions/mr-e-findlay-v-morrisons-utility-services-2600035-2017,200,true,true,26203,false,0,0,0,0,,Skipped (not requested),true,542,2,0,46,region,,false,0,0,0,0,0,0,,Skipped (not requested),false,0,0,0,0,0,0,,"page.addScriptTag: Executing inline script violates the following Content Security Policy directive 'script-src 'self' www.google-analytics.com ssl.google-analytics.com stats.g.doubleclick.net www.googletagmanager.com www.region1.google-analytics.com region1.google-analytics.com www.google.co.uk analytics.google.com *.analytics.google.com www.google.com www.gstatic.com *.ytimg.com www.youtube.com www.youtube-nocookie.com 'nonce-MgVfO1jGLKn3ww+z4d9CbQ==''. Either the 'unsafe-inline' keyword, a hash ('sha256-KqJA1m/a7A+KctYBKJR75bChscDI9FIV+NeO58+zJmA='), or a nonce ('nonce-...') is required to enable inline execution. The action has been blocked.",false,0,0,0,0,,Skipped (not requested),0,,Mr E Findlay v Morrisons Utility Services: 2600035/2017 - GOV.UK
58,GOV.UK,chromium,both,desktop,1280,800,https://gov.uk/find-digital-market-research/adtech-market-research-report-2019-ico-ofcom,https://www.gov.uk/find-digital-market-research/adtech-market-research-report-2019-ico-ofcom,200,true,true,27276,false,0,0,0,0,,Skipped (not requested),true,617,3,0,45,color-contrast;region,,false,0,0,0,0,0,0,,Skipped (not requested),false,0,0,0,0,0,0,,"page.addScriptTag: Executing inline script violates the following Content Security Policy directive 'script-src 'self' www.google-analytics.com ssl.google-analytics.com stats.g.doubleclick.net www.googletagmanager.com www.region1.google-analytics.com region1.google-analytics.com www.google.co.uk analytics.google.com *.analytics.google.com www.google.com www.gstatic.com *.ytimg.com www.youtube.com www.youtube-nocookie.com 'nonce-oXptQIBcvLVaAc6bpvrOBw==''. Either the 'unsafe-inline' keyword, a hash ('sha256-KqJA1m/a7A+KctYBKJR75bChscDI9FIV+NeO58+zJmA='), or a nonce ('nonce-...') is required to enable inline execution. The action has been blocked.",false,0,0,0,0,,Skipped (not requested),0,,"Adtech Market Research Report 2019 (ICO, Ofcom)  - GOV.UK"
58,GOV.UK,chromium,both,desktop,1280,800,https://gov.uk/find-digital-market-research/communications-market-report-2019-ofcom,https://www.gov.uk/find-digital-market-research/communications-market-report-2019-ofcom,200,true,true,27193,false,0,0,0,0,,Skipped (not requested),true,611,2,0,46,region,,false,0,0,0,0,0,0,,Skipped (not requested),false,0,0,0,0,0,0,,"page.addScriptTag: Executing inline script violates the following Content Security Policy directive 'script-src 'self' www.google-analytics.com ssl.google-analytics.com stats.g.doubleclick.net www.googletagmanager.com www.region1.google-analytics.com region1.google-analytics.com www.google.co.uk analytics.google.com *.analytics.google.com www.google.com www.gstatic.com *.ytimg.com www.youtube.com www.youtube-nocookie.com 'nonce-p6ssZ1numqVy9Rux0O3bqg==''. Either the 'unsafe-inline' keyword, a hash ('sha256-KqJA1m/a7A+KctYBKJR75bChscDI9FIV+NeO58+zJmA='), or a nonce ('nonce-...') is required to enable inline execution. The action has been blocked.",false,0,0,0,0,,Skipped (not requested),0,,Communications Market Report 2019 (OFCOM)  - GOV.UK
58,GOV.UK,chromium,both,desktop,1280,800,https://gov.uk/find-digital-market-research/communications-market-report-2020-ofcom,https://www.gov.uk/find-digital-market-research/communications-market-report-2020-ofcom,200,true,true,26838,false,0,0,0,0,,Skipped (not requested),true,609,2,0,46,region,,false,0,0,0,0,0,0,,Skipped (not requested),false,0,0,0,0,0,0,,"page.addScriptTag: Executing inline script violates the following Content Security Policy directive 'script-src 'self' www.google-analytics.com ssl.google-analytics.com stats.g.doubleclick.net www.googletagmanager.com www.region1.google-analytics.com region1.google-analytics.com www.google.co.uk analytics.google.com *.analytics.google.com www.google.com www.gstatic.com *.ytimg.com www.youtube.com www.youtube-nocookie.com 'nonce-nDW33yGUssxwLW3/A9jG6A==''. Either the 'unsafe-inline' keyword, a hash ('sha256-KqJA1m/a7A+KctYBKJR75bChscDI9FIV+NeO58+zJmA='), or a nonce ('nonce-...') is required to enable inline execution. The action has been blocked.",false,0,0,0,0,,Skipped (not requested),0,,Communications Market Report 2020 (OFCOM)  - GOV.UK
58,GOV.UK,chromium,both,desktop,1280,800,https://gov.uk/find-digital-market-research/connected-nations-uk-report-2020-ofcom,https://www.gov.uk/find-digital-market-research/connected-nations-uk-report-2020-ofcom,200,true,true,26746,false,0,0,0,0,,Skipped (not requested),true,611,2,0,46,region,,false,0,0,0,0,0,0,,Skipped (not requested),false,0,0,0,0,0,0,,"page.addScriptTag: Executing inline script violates the following Content Security Policy directive 'script-src 'self' www.google-analytics.com ssl.google-analytics.com stats.g.doubleclick.net www.googletagmanager.com www.region1.google-analytics.com region1.google-analytics.com www.google.co.uk analytics.google.com *.analytics.google.com www.google.com www.gstatic.com *.ytimg.com www.youtube.com www.youtube-nocookie.com 'nonce-mVoaCxHaverJNbSQAiviOg==''. Either the 'unsafe-inline' keyword, a hash ('sha256-KqJA1m/a7A+KctYBKJR75bChscDI9FIV+NeO58+zJmA='), or a nonce ('nonce-...') is required to enable inline execution. The action has been blocked.",false,0,0,0,0,,Skipped (not requested),0,,Connected Nations: UK Report 2020 (OFCOM)  - GOV.UK
58,GOV.UK,chromium,both,desktop,1280,800,https://gov.uk/find-digital-market-research/consumer-views-on-cashless-payments-in-land-based-gambling-2021-gambling-commission,https://www.gov.uk/find-digital-market-research/consumer-views-on-cashless-payments-in-land-based-gambling-2021-gambling-commission,200,true,true,26396,false,0,0,0,0,,Skipped (not requested),true,603,2,0,46,region,,false,0,0,0,0,0,0,,Skipped (not requested),false,0,0,0,0,0,0,,"page.addScriptTag: Executing inline script violates the following Content Security Policy directive 'script-src 'self' www.google-analytics.com ssl.google-analytics.com stats.g.doubleclick.net www.googletagmanager.com www.region1.google-analytics.com region1.google-analytics.com www.google.co.uk analytics.google.com *.analytics.google.com www.google.com www.gstatic.com *.ytimg.com www.youtube.com www.youtube-nocookie.com 'nonce-C2dPK2Bip6KZN5kbNXgEqg==''. Either the 'unsafe-inline' keyword, a hash ('sha256-KqJA1m/a7A+KctYBKJR75bChscDI9FIV+NeO58+zJmA='), or a nonce ('nonce-...') is required to enable inline execution. The action has been blocked.",false,0,0,0,0,,Skipped (not requested),0,,Consumer views on cashless payments in land-based gambling 2021 (Gambling Commission)  - GOV.UK
58,GOV.UK,chromium,both,desktop,1280,800,https://gov.uk/find-digital-market-research/influencer-report-the-impact-of-complicit-social-media-influencers-on-the-consumption-of-counterfeit-goods-in-the-uk-2021-ipo,https://www.gov.uk/find-digital-market-research/influencer-report-the-impact-of-complicit-social-media-influencers-on-the-consumption-of-counterfeit-goods-in-the-uk-2021-ipo,200,true,true,27324,false,0,0,0,0,,Skipped (not requested),true,602,2,0,46,region,,false,0,0,0,0,0,0,,Skipped (not requested),false,0,0,0,0,0,0,,"page.addScriptTag: Executing inline script violates the following Content Security Policy directive 'script-src 'self' www.google-analytics.com ssl.google-analytics.com stats.g.doubleclick.net www.googletagmanager.com www.region1.google-analytics.com region1.google-analytics.com www.google.co.uk analytics.google.com *.analytics.google.com www.google.com www.gstatic.com *.ytimg.com www.youtube.com www.youtube-nocookie.com 'nonce-eLOCVAQ5a3ryd9hPuYPX3Q==''. Either the 'unsafe-inline' keyword, a hash ('sha256-KqJA1m/a7A+KctYBKJR75bChscDI9FIV+NeO58+zJmA='), or a nonce ('nonce-...') is required to enable inline execution. The action has been blocked.",false,0,0,0,0,,Skipped (not requested),0,,Influencer Report: The impact of complicit social media influencers on the consumption of counterfeit goods in the UK 2021 (IPO)  - GOV.UK
58,GOV.UK,chromium,both,desktop,1280,800,https://gov.uk/find-digital-market-research/mobile-ecosystems-market-study-appendix-k-consumer-experiences-of-app-purchases-and-auto-renewing-subscriptions-to-apps-sold-through-app-stores-2022-cma,https://www.gov.uk/find-digital-market-research/mobile-ecosystems-market-study-appendix-k-consumer-experiences-of-app-purchases-and-auto-renewing-subscriptions-to-apps-sold-through-app-stores-2022-cma,200,true,true,26257,false,0,0,0,0,,Skipped (not requested),true,616,2,0,46,region,,false,0,0,0,0,0,0,,Skipped (not requested),false,0,0,0,0,0,0,,"page.addScriptTag: Executing inline script violates the following Content Security Policy directive 'script-src 'self' www.google-analytics.com ssl.google-analytics.com stats.g.doubleclick.net www.googletagmanager.com www.region1.google-analytics.com region1.google-analytics.com www.google.co.uk analytics.google.com *.analytics.google.com www.google.com www.gstatic.com *.ytimg.com www.youtube.com www.youtube-nocookie.com 'nonce-c0is309sm4kFSU9EoNx4RQ==''. Either the 'unsafe-inline' keyword, a hash ('sha256-KqJA1m/a7A+KctYBKJR75bChscDI9FIV+NeO58+zJmA='), or a nonce ('nonce-...') is required to enable inline execution. The action has been blocked.",false,0,0,0,0,,Skipped (not requested),0,,Mobile Ecosystems Market Study: Appendix K - consumer experiences of app purchases and auto-renewing subscriptions to apps sold through app stores 2022 (CMA) - GOV.UK
58,GOV.UK,chromium,both,desktop,1280,800,https://gov.uk/find-digital-market-research/mobile-ecosystems-market-study-interim-report-appendix-f-understanding-the-role-of-browser-engines-2021-cma,https://www.gov.uk/find-digital-market-research/mobile-ecosystems-market-study-interim-report-appendix-f-understanding-the-role-of-browser-engines-2021-cma,200,true,true,27486,false,0,0,0,0,,Skipped (not requested),true,607,2,0,46,region,,false,0,0,0,0,0,0,,Skipped (not requested),false,0,0,0,0,0,0,,"page.addScriptTag: Executing inline script violates the following Content Security Policy directive 'script-src 'self' www.google-analytics.com ssl.google-analytics.com stats.g.doubleclick.net www.googletagmanager.com www.region1.google-analytics.com region1.google-analytics.com www.google.co.uk analytics.google.com *.analytics.google.com www.google.com www.gstatic.com *.ytimg.com www.youtube.com www.youtube-nocookie.com 'nonce-pBG8MLG4/+r1RrAS9z2+7Q==''. Either the 'unsafe-inline' keyword, a hash ('sha256-KqJA1m/a7A+KctYBKJR75bChscDI9FIV+NeO58+zJmA='), or a nonce ('nonce-...') is required to enable inline execution. The action has been blocked.",false,0,0,0,0,,Skipped (not requested),0,,"Mobile Ecosystems Market Study interim report, Appendix F: understanding the role of browser engines 2021 (CMA) - GOV.UK"
58,GOV.UK,chromium,both,desktop,1280,800,https://gov.uk/find-digital-market-research/mobile-ecosystems-market-study-interim-report-appendix-g-pre-installation-default-settings-and-choice-architecture-for-mobile-browsers-2021-cma,https://www.gov.uk/find-digital-market-research/mobile-ecosystems-market-study-interim-report-appendix-g-pre-installation-default-settings-and-choice-architecture-for-mobile-browsers-2021-cma,200,true,true,26233,false,0,0,0,0,,Skipped (not requested),true,616,2,0,46,region,,false,0,0,0,0,0,0,,Skipped (not requested),false,0,0,0,0,0,0,,"page.addScriptTag: Executing inline script violates the following Content Security Policy directive 'script-src 'self' www.google-analytics.com ssl.google-analytics.com stats.g.doubleclick.net www.googletagmanager.com www.region1.google-analytics.com region1.google-analytics.com www.google.co.uk analytics.google.com *.analytics.google.com www.google.com www.gstatic.com *.ytimg.com www.youtube.com www.youtube-nocookie.com 'nonce-LvI7gCJxDmhBOFd12/kmog==''. Either the 'unsafe-inline' keyword, a hash ('sha256-KqJA1m/a7A+KctYBKJR75bChscDI9FIV+NeO58+zJmA='), or a nonce ('nonce-...') is required to enable inline execution. The action has been blocked.",false,0,0,0,0,,Skipped (not requested),0,,"Mobile Ecosystems market study interim report, Appendix G: pre-installation, default settings and choice architecture for mobile browsers 2021 (CMA) - GOV.UK"
58,GOV.UK,chromium,both,desktop,1280,800,https://gov.uk/find-digital-market-research/object-based-media-report-2021-ofcom,https://www.gov.uk/find-digital-market-research/object-based-media-report-2021-ofcom,200,true,true,26894,false,0,0,0,0,,Skipped (not requested),true,587,2,0,46,region,,false,0,0,0,0,0,0,,Skipped (not requested),false,0,0,0,0,0,0,,"page.addScriptTag: Executing inline script violates the following Content Security Policy directive 'script-src 'self' www.google-analytics.com ssl.google-analytics.com stats.g.doubleclick.net www.googletagmanager.com www.region1.google-analytics.com region1.google-analytics.com www.google.co.uk analytics.google.com *.analytics.google.com www.google.com www.gstatic.com *.ytimg.com www.youtube.com www.youtube-nocookie.com 'nonce-g8R771OgSzPy5h0iPb/ulA==''. Either the 'unsafe-inline' keyword, a hash ('sha256-KqJA1m/a7A+KctYBKJR75bChscDI9FIV+NeO58+zJmA='), or a nonce ('nonce-...') is required to enable inline execution. The action has been blocked.",false,0,0,0,0,,Skipped (not requested),0,,Object-based media report 2021 (OFCOM) - GOV.UK
58,GOV.UK,chromium,both,desktop,1280,800,https://gov.uk/find-digital-market-research/online-market-failures-and-harms-an-economic-perspective-on-the-challenges-and-opportunities-in-regulating-online-services-2019-ofcom,https://www.gov.uk/find-digital-market-research/online-market-failures-and-harms-an-economic-perspective-on-the-challenges-and-opportunities-in-regulating-online-services-2019-ofcom,200,true,true,26369,false,0,0,0,0,,Skipped (not requested),true,618,3,0,45,color-contrast;region,,false,0,0,0,0,0,0,,Skipped (not requested),false,0,0,0,0,0,0,,"page.addScriptTag: Executing inline script violates the following Content Security Policy directive 'script-src 'self' www.google-analytics.com ssl.google-analytics.com stats.g.doubleclick.net www.googletagmanager.com www.region1.google-analytics.com region1.google-analytics.com www.google.co.uk analytics.google.com *.analytics.google.com www.google.com www.gstatic.com *.ytimg.com www.youtube.com www.youtube-nocookie.com 'nonce-QvBNzTB6erXK5Cj2kHAoMQ==''. Either the 'unsafe-inline' keyword, a hash ('sha256-KqJA1m/a7A+KctYBKJR75bChscDI9FIV+NeO58+zJmA='), or a nonce ('nonce-...') is required to enable inline execution. The action has been blocked.",false,0,0,0,0,,Skipped (not requested),0,,Online market failures and harms: An economic perspective on the challenges and opportunities in regulating online services 2019 (OFCOM) - GOV.UK
58,GOV.UK,chromium,both,desktop,1280,800,https://gov.uk/find-digital-market-research/online-nation-report-2020-ofcom,https://www.gov.uk/find-digital-market-research/online-nation-report-2020-ofcom,200,true,true,26301,false,0,0,0,0,,Skipped (not requested),true,615,3,0,45,color-contrast;region,,false,0,0,0,0,0,0,,Skipped (not requested),false,0,0,0,0,0,0,,"page.addScriptTag: Executing inline script violates the following Content Security Policy directive 'script-src 'self' www.google-analytics.com ssl.google-analytics.com stats.g.doubleclick.net www.googletagmanager.com www.region1.google-analytics.com region1.google-analytics.com www.google.co.uk analytics.google.com *.analytics.google.com www.google.com www.gstatic.com *.ytimg.com www.youtube.com www.youtube-nocookie.com 'nonce-idw//mVJwf8YRbJn3FZDlA==''. Either the 'unsafe-inline' keyword, a hash ('sha256-KqJA1m/a7A+KctYBKJR75bChscDI9FIV+NeO58+zJmA='), or a nonce ('nonce-...') is required to enable inline execution. The action has been blocked.",false,0,0,0,0,,Skipped (not requested),0,,Online Nation Report 2020 (OFCOM) - GOV.UK
58,GOV.UK,chromium,both,desktop,1280,800,https://gov.uk/find-digital-market-research/protecting-children-online-2020-2021-report-2021-asa,https://www.gov.uk/find-digital-market-research/protecting-children-online-2020-2021-report-2021-asa,200,true,true,26721,false,0,0,0,0,,Skipped (not requested),true,598,2,0,46,region,,false,0,0,0,0,0,0,,Skipped (not requested),false,0,0,0,0,0,0,,"page.addScriptTag: Executing inline script violates the following Content Security Policy directive 'script-src 'self' www.google-analytics.com ssl.google-analytics.com stats.g.doubleclick.net www.googletagmanager.com www.region1.google-analytics.com region1.google-analytics.com www.google.co.uk analytics.google.com *.analytics.google.com www.google.com www.gstatic.com *.ytimg.com www.youtube.com www.youtube-nocookie.com 'nonce-Z9pOxcGvpwVqlnT0GoLYeQ==''. Either the 'unsafe-inline' keyword, a hash ('sha256-KqJA1m/a7A+KctYBKJR75bChscDI9FIV+NeO58+zJmA='), or a nonce ('nonce-...') is required to enable inline execution. The action has been blocked.",false,0,0,0,0,,Skipped (not requested),0,,Protecting children online: 2020-2021 report 2021 (ASA) - GOV.UK
58,GOV.UK,chromium,both,desktop,1280,800,https://gov.uk/find-digital-market-research/the-state-of-uk-competition-report-2022-cma,https://www.gov.uk/find-digital-market-research/the-state-of-uk-competition-report-2022-cma,200,true,true,27207,false,0,0,0,0,,Skipped (not requested),true,648,2,0,46,region,,false,0,0,0,0,0,0,,Skipped (not requested),false,0,0,0,0,0,0,,"page.addScriptTag: Executing inline script violates the following Content Security Policy directive 'script-src 'self' www.google-analytics.com ssl.google-analytics.com stats.g.doubleclick.net www.googletagmanager.com www.region1.google-analytics.com region1.google-analytics.com www.google.co.uk analytics.google.com *.analytics.google.com www.google.com www.gstatic.com *.ytimg.com www.youtube.com www.youtube-nocookie.com 'nonce-SAzJ4MQKGNy4E2u9zXqH+Q==''. Either the 'unsafe-inline' keyword, a hash ('sha256-KqJA1m/a7A+KctYBKJR75bChscDI9FIV+NeO58+zJmA='), or a nonce ('nonce-...') is required to enable inline execution. The action has been blocked.",false,0,0,0,0,,Skipped (not requested),0,,The State of UK Competition Report 2022 (CMA) - GOV.UK
58,GOV.UK,chromium,both,desktop,1280,800,https://gov.uk/find-digital-market-research/the-state-of-uk-competition-report-november-2020-cma,https://www.gov.uk/find-digital-market-research/the-state-of-uk-competition-report-november-2020-cma,200,true,true,26268,false,0,0,0,0,,Skipped (not requested),true,589,2,0,46,region,,false,0,0,0,0,0,0,,Skipped (not requested),false,0,0,0,0,0,0,,"page.addScriptTag: Executing inline script violates the following Content Security Policy directive 'script-src 'self' www.google-analytics.com ssl.google-analytics.com stats.g.doubleclick.net www.googletagmanager.com www.region1.google-analytics.com region1.google-analytics.com www.google.co.uk analytics.google.com *.analytics.google.com www.google.com www.gstatic.com *.ytimg.com www.youtube.com www.youtube-nocookie.com 'nonce-u5d6kwwA+p32JQsxuEZXrQ==''. Either the 'unsafe-inline' keyword, a hash ('sha256-KqJA1m/a7A+KctYBKJR75bChscDI9FIV+NeO58+zJmA='), or a nonce ('nonce-...') is required to enable inline execution. The action has been blocked.",false,0,0,0,0,,Skipped (not requested),0,,The State of UK Competition Report November 2020 (CMA)  - GOV.UK
58,GOV.UK,chromium,both,desktop,1280,800,https://gov.uk/find-digital-market-research/the-use-of-data-by-online-services-2019-ofcom,https://www.gov.uk/find-digital-market-research/the-use-of-data-by-online-services-2019-ofcom,200,true,true,26273,false,0,0,0,0,,Skipped (not requested),true,617,3,0,45,color-contrast;region,,false,0,0,0,0,0,0,,Skipped (not requested),false,0,0,0,0,0,0,,"page.addScriptTag: Executing inline script violates the following Content Security Policy directive 'script-src 'self' www.google-analytics.com ssl.google-analytics.com stats.g.doubleclick.net www.googletagmanager.com www.region1.google-analytics.com region1.google-analytics.com www.google.co.uk analytics.google.com *.analytics.google.com www.google.com www.gstatic.com *.ytimg.com www.youtube.com www.youtube-nocookie.com 'nonce-9anPgIgISmvgrxyVlLNzhg==''. Either the 'unsafe-inline' keyword, a hash ('sha256-KqJA1m/a7A+KctYBKJR75bChscDI9FIV+NeO58+zJmA='), or a nonce ('nonce-...') is required to enable inline execution. The action has been blocked.",false,0,0,0,0,,Skipped (not requested),0,,The use of data by online services 2019 (OFCOM) - GOV.UK
58,GOV.UK,chromium,both,desktop,1280,800,https://gov.uk/find-digital-market-research/transparency-in-the-regulation-of-online-safety-research-report-for-ofcom-2021-ofcom,https://www.gov.uk/find-digital-market-research/transparency-in-the-regulation-of-online-safety-research-report-for-ofcom-2021-ofcom,200,true,true,26384,false,0,0,0,0,,Skipped (not requested),true,610,3,0,45,color-contrast;region,,false,0,0,0,0,0,0,,Skipped (not requested),false,0,0,0,0,0,0,,"page.addScriptTag: Executing inline script violates the following Content Security Policy directive 'script-src 'self' www.google-analytics.com ssl.google-analytics.com stats.g.doubleclick.net www.googletagmanager.com www.region1.google-analytics.com region1.google-analytics.com www.google.co.uk analytics.google.com *.analytics.google.com www.google.com www.gstatic.com *.ytimg.com www.youtube.com www.youtube-nocookie.com 'nonce-UlbNRv8ZVPKvQo2TltybLw==''. Either the 'unsafe-inline' keyword, a hash ('sha256-KqJA1m/a7A+KctYBKJR75bChscDI9FIV+NeO58+zJmA='), or a nonce ('nonce-...') is required to enable inline execution. The action has been blocked.",false,0,0,0,0,,Skipped (not requested),0,,Transparency in the Regulation of Online Safety: Research Report for Ofcom 2021 (OFCOM) - GOV.UK
58,GOV.UK,chromium,both,desktop,1280,800,https://gov.uk/find-funding-for-land-or-farms/cnum1-assess-nutrient-management-and-produce-a-review-report,https://www.gov.uk/find-funding-for-land-or-farms/cnum1-assess-nutrient-management-and-produce-a-review-report,410,false,true,416,false,0,0,0,0,,Skipped (not requested),false,0,0,0,0,,Skipped (non-HTML content type: text/plain),false,0,0,0,0,0,0,,Skipped (non-HTML content type: text/plain),false,0,0,0,0,0,0,,Skipped (non-HTML content type: text/plain),false,0,0,0,0,,Skipped (non-HTML content type: text/plain),0,,
58,GOV.UK,chromium,both,desktop,1280,800,https://gov.uk/find-hmrc-contacts/alcohol-duties-payments,https://www.gov.uk/find-hmrc-contacts/alcohol-duties-payments,200,true,true,26676,false,0,0,0,0,,Skipped (not requested),true,610,2,0,46,region,,false,0,0,0,0,0,0,,Skipped (not requested),false,0,0,0,0,0,0,,"page.addScriptTag: Executing inline script violates the following Content Security Policy directive 'script-src 'self' www.google-analytics.com ssl.google-analytics.com stats.g.doubleclick.net www.googletagmanager.com www.region1.google-analytics.com region1.google-analytics.com www.google.co.uk analytics.google.com *.analytics.google.com www.google.com www.gstatic.com *.ytimg.com www.youtube.com www.youtube-nocookie.com 'nonce-kSlP/Q7kQdewv9cU2BVN1A==''. Either the 'unsafe-inline' keyword, a hash ('sha256-KqJA1m/a7A+KctYBKJR75bChscDI9FIV+NeO58+zJmA='), or a nonce ('nonce-...') is required to enable inline execution. The action has been blocked.",false,0,0,0,0,,Skipped (not requested),0,,Alcohol duties: payment enquiries - GOV.UK
58,GOV.UK,chromium,both,desktop,1280,800,https://gov.uk/find-hmrc-contacts/childcare-service-helpline,https://www.gov.uk/find-hmrc-contacts/childcare-service-helpline,200,true,true,26914,false,0,0,0,0,,Skipped (not requested),true,588,2,0,46,region,,false,0,0,0,0,0,0,,Skipped (not requested),false,0,0,0,0,0,0,,"page.addScriptTag: Executing inline script violates the following Content Security Policy directive 'script-src 'self' www.google-analytics.com ssl.google-analytics.com stats.g.doubleclick.net www.googletagmanager.com www.region1.google-analytics.com region1.google-analytics.com www.google.co.uk analytics.google.com *.analytics.google.com www.google.com www.gstatic.com *.ytimg.com www.youtube.com www.youtube-nocookie.com 'nonce-XLkrBVJrbd9J3po+C78bQA==''. Either the 'unsafe-inline' keyword, a hash ('sha256-KqJA1m/a7A+KctYBKJR75bChscDI9FIV+NeO58+zJmA='), or a nonce ('nonce-...') is required to enable inline execution. The action has been blocked.",false,0,0,0,0,,Skipped (not requested),0,,Childcare Service helpline - GOV.UK
58,GOV.UK,chromium,both,desktop,1280,800,https://gov.uk/find-hmrc-contacts/complain-about-hmrc-online-services,https://www.gov.uk/complain-about-hmrc,200,true,true,26174,false,0,0,0,0,,Skipped (not requested),true,873,2,0,48,region,,false,0,0,0,0,0,0,,Skipped (not requested),false,0,0,0,0,0,0,,"page.addScriptTag: Executing inline script violates the following Content Security Policy directive 'script-src 'self' www.google-analytics.com ssl.google-analytics.com stats.g.doubleclick.net www.googletagmanager.com www.region1.google-analytics.com region1.google-analytics.com www.google.co.uk analytics.google.com *.analytics.google.com www.google.com www.gstatic.com *.ytimg.com www.youtube.com www.youtube-nocookie.com 'nonce-rJJS3CRb1KfsoIfzVf0PFw==''. Either the 'unsafe-inline' keyword, a hash ('sha256-KqJA1m/a7A+KctYBKJR75bChscDI9FIV+NeO58+zJmA='), or a nonce ('nonce-...') is required to enable inline execution. The action has been blocked.",false,0,0,0,0,,Skipped (not requested),0,,Complain about HMRC - GOV.UK
58,GOV.UK,chromium,both,desktop,1280,800,https://gov.uk/find-hmrc-contacts/construction-industry-scheme-payments,https://www.gov.uk/find-hmrc-contacts/construction-industry-scheme-payments,200,true,true,27302,false,0,0,0,0,,Skipped (not requested),true,613,2,0,46,region,,false,0,0,0,0,0,0,,Skipped (not requested),false,0,0,0,0,0,0,,"page.addScriptTag: Executing inline script violates the following Content Security Policy directive 'script-src 'self' www.google-analytics.com ssl.google-analytics.com stats.g.doubleclick.net www.googletagmanager.com www.region1.google-analytics.com region1.google-analytics.com www.google.co.uk analytics.google.com *.analytics.google.com www.google.com www.gstatic.com *.ytimg.com www.youtube.com www.youtube-nocookie.com 'nonce-pPTM1MUobX89O4/opleX5A==''. Either the 'unsafe-inline' keyword, a hash ('sha256-KqJA1m/a7A+KctYBKJR75bChscDI9FIV+NeO58+zJmA='), or a nonce ('nonce-...') is required to enable inline execution. The action has been blocked.",false,0,0,0,0,,Skipped (not requested),0,,Construction Industry Scheme: payment enquiries - GOV.UK
58,GOV.UK,chromium,both,desktop,1280,800,https://gov.uk/find-hmrc-contacts/deferred-national-insurance-contributions-payments,https://www.gov.uk/find-hmrc-contacts/deferred-national-insurance-contributions-payments,200,true,true,26641,false,0,0,0,0,,Skipped (not requested),true,580,2,0,46,region,,false,0,0,0,0,0,0,,Skipped (not requested),false,0,0,0,0,0,0,,"page.addScriptTag: Executing inline script violates the following Content Security Policy directive 'script-src 'self' www.google-analytics.com ssl.google-analytics.com stats.g.doubleclick.net www.googletagmanager.com www.region1.google-analytics.com region1.google-analytics.com www.google.co.uk analytics.google.com *.analytics.google.com www.google.com www.gstatic.com *.ytimg.com www.youtube.com www.youtube-nocookie.com 'nonce-gvYPRKgzNZS1B70z0+6ajg==''. Either the 'unsafe-inline' keyword, a hash ('sha256-KqJA1m/a7A+KctYBKJR75bChscDI9FIV+NeO58+zJmA='), or a nonce ('nonce-...') is required to enable inline execution. The action has been blocked.",false,0,0,0,0,,Skipped (not requested),0,,Deferred National Insurance contributions: payment enquiries - GOV.UK
58,GOV.UK,chromium,both,desktop,1280,800,https://gov.uk/find-hmrc-contacts/excise-movement-and-control-system-online-services,https://www.gov.uk/find-hmrc-contacts/excise-movement-and-control-system-online-services,200,true,true,26993,false,0,0,0,0,,Skipped (not requested),true,540,2,0,46,region,,false,0,0,0,0,0,0,,Skipped (not requested),false,0,0,0,0,0,0,,"page.addScriptTag: Executing inline script violates the following Content Security Policy directive 'script-src 'self' www.google-analytics.com ssl.google-analytics.com stats.g.doubleclick.net www.googletagmanager.com www.region1.google-analytics.com region1.google-analytics.com www.google.co.uk analytics.google.com *.analytics.google.com www.google.com www.gstatic.com *.ytimg.com www.youtube.com www.youtube-nocookie.com 'nonce-6uKmE9pa9BRnX2S3zIZVOw==''. Either the 'unsafe-inline' keyword, a hash ('sha256-KqJA1m/a7A+KctYBKJR75bChscDI9FIV+NeO58+zJmA='), or a nonce ('nonce-...') is required to enable inline execution. The action has been blocked.",false,0,0,0,0,,Skipped (not requested),0,,Excise Movement and Control System: online services - GOV.UK
58,GOV.UK,chromium,both,desktop,1280,800,https://gov.uk/find-hmrc-contacts/miscellaneous-payments-team,https://www.gov.uk/find-hmrc-contacts/miscellaneous-payments-team,200,true,true,26345,false,0,0,0,0,,Skipped (not requested),true,592,2,0,46,region,,false,0,0,0,0,0,0,,Skipped (not requested),false,0,0,0,0,0,0,,"page.addScriptTag: Executing inline script violates the following Content Security Policy directive 'script-src 'self' www.google-analytics.com ssl.google-analytics.com stats.g.doubleclick.net www.googletagmanager.com www.region1.google-analytics.com region1.google-analytics.com www.google.co.uk analytics.google.com *.analytics.google.com www.google.com www.gstatic.com *.ytimg.com www.youtube.com www.youtube-nocookie.com 'nonce-WVO9Ruj77RUZX5qOcfUirA==''. Either the 'unsafe-inline' keyword, a hash ('sha256-KqJA1m/a7A+KctYBKJR75bChscDI9FIV+NeO58+zJmA='), or a nonce ('nonce-...') is required to enable inline execution. The action has been blocked.",false,0,0,0,0,,Skipped (not requested),0,,Miscellaneous payments: enquiries - GOV.UK
58,GOV.UK,chromium,both,desktop,1280,800,https://gov.uk/find-hmrc-contacts/new-computerised-transit-system-testing-services,https://www.gov.uk/find-hmrc-contacts/new-computerised-transit-system-testing-services,200,true,true,26654,false,0,0,0,0,,Skipped (not requested),true,553,2,0,46,region,,false,0,0,0,0,0,0,,Skipped (not requested),false,0,0,0,0,0,0,,"page.addScriptTag: Executing inline script violates the following Content Security Policy directive 'script-src 'self' www.google-analytics.com ssl.google-analytics.com stats.g.doubleclick.net www.googletagmanager.com www.region1.google-analytics.com region1.google-analytics.com www.google.co.uk analytics.google.com *.analytics.google.com www.google.com www.gstatic.com *.ytimg.com www.youtube.com www.youtube-nocookie.com 'nonce-buU1QKJiueNpAKuQIEZRUg==''. Either the 'unsafe-inline' keyword, a hash ('sha256-KqJA1m/a7A+KctYBKJR75bChscDI9FIV+NeO58+zJmA='), or a nonce ('nonce-...') is required to enable inline execution. The action has been blocked.",false,0,0,0,0,,Skipped (not requested),0,,New Computerised Transit System: testing services - GOV.UK
58,GOV.UK,chromium,both,desktop,1280,800,https://gov.uk/find-hmrc-contacts/non-uk-residents-payment,https://www.gov.uk/find-hmrc-contacts/non-uk-residents-payment,200,true,true,27333,false,0,0,0,0,,Skipped (not requested),true,655,2,0,46,region,,false,0,0,0,0,0,0,,Skipped (not requested),false,0,0,0,0,0,0,,"page.addScriptTag: Executing inline script violates the following Content Security Policy directive 'script-src 'self' www.google-analytics.com ssl.google-analytics.com stats.g.doubleclick.net www.googletagmanager.com www.region1.google-analytics.com region1.google-analytics.com www.google.co.uk analytics.google.com *.analytics.google.com www.google.com www.gstatic.com *.ytimg.com www.youtube.com www.youtube-nocookie.com 'nonce-wVH2oTPXZKZw+o6KMRH4Dw==''. Either the 'unsafe-inline' keyword, a hash ('sha256-KqJA1m/a7A+KctYBKJR75bChscDI9FIV+NeO58+zJmA='), or a nonce ('nonce-...') is required to enable inline execution. The action has been blocked.",false,0,0,0,0,,Skipped (not requested),0,,Non-UK residents: payment enquiries - GOV.UK
58,GOV.UK,chromium,both,desktop,1280,800,https://gov.uk/find-hmrc-contacts/off-payroll-working-ir35-enquiries,https://www.gov.uk/find-hmrc-contacts/off-payroll-working-ir35-enquiries,200,true,true,26203,false,0,0,0,0,,Skipped (not requested),true,571,2,0,46,region,,false,0,0,0,0,0,0,,Skipped (not requested),false,0,0,0,0,0,0,,"page.addScriptTag: Executing inline script violates the following Content Security Policy directive 'script-src 'self' www.google-analytics.com ssl.google-analytics.com stats.g.doubleclick.net www.googletagmanager.com www.region1.google-analytics.com region1.google-analytics.com www.google.co.uk analytics.google.com *.analytics.google.com www.google.com www.gstatic.com *.ytimg.com www.youtube.com www.youtube-nocookie.com 'nonce-r+veVHtf2bnInB/AnqvU7w==''. Either the 'unsafe-inline' keyword, a hash ('sha256-KqJA1m/a7A+KctYBKJR75bChscDI9FIV+NeO58+zJmA='), or a nonce ('nonce-...') is required to enable inline execution. The action has been blocked.",false,0,0,0,0,,Skipped (not requested),0,,Off-payroll working (IR35): enquiries - GOV.UK
58,GOV.UK,chromium,both,desktop,1280,800,https://gov.uk/find-hmrc-contacts/payment-problems-enquiries,https://www.gov.uk/find-hmrc-contacts/payment-problems-enquiries,200,true,true,26724,false,0,0,0,0,,Skipped (not requested),true,668,2,0,46,region,,false,0,0,0,0,0,0,,Skipped (not requested),false,0,0,0,0,0,0,,"page.addScriptTag: Executing inline script violates the following Content Security Policy directive 'script-src 'self' www.google-analytics.com ssl.google-analytics.com stats.g.doubleclick.net www.googletagmanager.com www.region1.google-analytics.com region1.google-analytics.com www.google.co.uk analytics.google.com *.analytics.google.com www.google.com www.gstatic.com *.ytimg.com www.youtube.com www.youtube-nocookie.com 'nonce-1qhI9SnUCPYBKPlo87K4uw==''. Either the 'unsafe-inline' keyword, a hash ('sha256-KqJA1m/a7A+KctYBKJR75bChscDI9FIV+NeO58+zJmA='), or a nonce ('nonce-...') is required to enable inline execution. The action has been blocked.",false,0,0,0,0,,Skipped (not requested),0,,Payment problems: enquiries - GOV.UK
58,GOV.UK,chromium,both,desktop,1280,800,https://gov.uk/find-hmrc-contacts/repayments-where-to-send-claim-forms,https://www.gov.uk/guidance/claim-a-refund-of-income-tax-deducted-from-savings-and-investments,200,true,true,26648,false,0,0,0,0,,Skipped (not requested),true,811,2,2,46,region,,false,0,0,0,0,0,0,,Skipped (not requested),false,0,0,0,0,0,0,,"page.addScriptTag: Executing inline script violates the following Content Security Policy directive 'script-src 'self' www.google-analytics.com ssl.google-analytics.com stats.g.doubleclick.net www.googletagmanager.com www.region1.google-analytics.com region1.google-analytics.com www.google.co.uk analytics.google.com *.analytics.google.com www.google.com www.gstatic.com *.ytimg.com www.youtube.com www.youtube-nocookie.com 'nonce-4BP2uiRrFY6dcsPAp6TbQg==''. Either the 'unsafe-inline' keyword, a hash ('sha256-KqJA1m/a7A+KctYBKJR75bChscDI9FIV+NeO58+zJmA='), or a nonce ('nonce-...') is required to enable inline execution. The action has been blocked.",false,0,0,0,0,,Skipped (not requested),0,,Claim a refund if you&#39;ve paid tax on your savings and investments - GOV.UK
58,GOV.UK,chromium,both,desktop,1280,800,https://gov.uk/find-hmrc-contacts/report-suspicious-hmrc-emails-texts-social-media-accounts-and-phone-calls,https://www.gov.uk/find-hmrc-contacts/report-suspicious-hmrc-emails-texts-social-media-accounts-and-phone-calls,200,true,true,26668,false,0,0,0,0,,Skipped (not requested),true,614,2,0,46,region,,false,0,0,0,0,0,0,,Skipped (not requested),false,0,0,0,0,0,0,,"page.addScriptTag: Executing inline script violates the following Content Security Policy directive 'script-src 'self' www.google-analytics.com ssl.google-analytics.com stats.g.doubleclick.net www.googletagmanager.com www.region1.google-analytics.com region1.google-analytics.com www.google.co.uk analytics.google.com *.analytics.google.com www.google.com www.gstatic.com *.ytimg.com www.youtube.com www.youtube-nocookie.com 'nonce-ScU9TexvPgR6Loxsuv6e7g==''. Either the 'unsafe-inline' keyword, a hash ('sha256-KqJA1m/a7A+KctYBKJR75bChscDI9FIV+NeO58+zJmA='), or a nonce ('nonce-...') is required to enable inline execution. The action has been blocked.",false,0,0,0,0,,Skipped (not requested),0,,"Report suspicious HMRC emails, texts, social media accounts and phone calls - GOV.UK"
58,GOV.UK,chromium,both,desktop,1280,800,https://gov.uk/find-hmrc-contacts/secure-data-exchange-service-sdes-enquiries,https://www.gov.uk/find-hmrc-contacts/secure-data-exchange-service-sdes-enquiries,200,true,true,26400,false,0,0,0,0,,Skipped (not requested),true,564,2,0,46,region,,false,0,0,0,0,0,0,,Skipped (not requested),false,0,0,0,0,0,0,,"page.addScriptTag: Executing inline script violates the following Content Security Policy directive 'script-src 'self' www.google-analytics.com ssl.google-analytics.com stats.g.doubleclick.net www.googletagmanager.com www.region1.google-analytics.com region1.google-analytics.com www.google.co.uk analytics.google.com *.analytics.google.com www.google.com www.gstatic.com *.ytimg.com www.youtube.com www.youtube-nocookie.com 'nonce-4MIuH5Sx6GJUZsFEIbGJ2w==''. Either the 'unsafe-inline' keyword, a hash ('sha256-KqJA1m/a7A+KctYBKJR75bChscDI9FIV+NeO58+zJmA='), or a nonce ('nonce-...') is required to enable inline execution. The action has been blocked.",false,0,0,0,0,,Skipped (not requested),0,,Transfer files securely with HMRC: enquiries - GOV.UK
58,GOV.UK,chromium,both,desktop,1280,800,https://gov.uk/find-hmrc-contacts/self-assessment-payments,https://www.gov.uk/find-hmrc-contacts/self-assessment-payments,200,true,true,27146,false,0,0,0,0,,Skipped (not requested),true,658,2,0,46,region,,false,0,0,0,0,0,0,,Skipped (not requested),false,0,0,0,0,0,0,,"page.addScriptTag: Executing inline script violates the following Content Security Policy directive 'script-src 'self' www.google-analytics.com ssl.google-analytics.com stats.g.doubleclick.net www.googletagmanager.com www.region1.google-analytics.com region1.google-analytics.com www.google.co.uk analytics.google.com *.analytics.google.com www.google.com www.gstatic.com *.ytimg.com www.youtube.com www.youtube-nocookie.com 'nonce-Xzrz8qdFEesSnCkRjR8+Qg==''. Either the 'unsafe-inline' keyword, a hash ('sha256-KqJA1m/a7A+KctYBKJR75bChscDI9FIV+NeO58+zJmA='), or a nonce ('nonce-...') is required to enable inline execution. The action has been blocked.",false,0,0,0,0,,Skipped (not requested),0,,Self Assessment: payment enquiries - GOV.UK
58,GOV.UK,chromium,both,desktop,1280,800,https://gov.uk/find-hmrc-contacts/statutory-payment-dispute-team,https://www.gov.uk/find-hmrc-contacts/statutory-payment-dispute-team,200,true,true,26523,false,0,0,0,0,,Skipped (not requested),true,603,2,0,46,region,,false,0,0,0,0,0,0,,Skipped (not requested),false,0,0,0,0,0,0,,"page.addScriptTag: Executing inline script violates the following Content Security Policy directive 'script-src 'self' www.google-analytics.com ssl.google-analytics.com stats.g.doubleclick.net www.googletagmanager.com www.region1.google-analytics.com region1.google-analytics.com www.google.co.uk analytics.google.com *.analytics.google.com www.google.com www.gstatic.com *.ytimg.com www.youtube.com www.youtube-nocookie.com 'nonce-SWEQz5padSMJTGMZbWOyOQ==''. Either the 'unsafe-inline' keyword, a hash ('sha256-KqJA1m/a7A+KctYBKJR75bChscDI9FIV+NeO58+zJmA='), or a nonce ('nonce-...') is required to enable inline execution. The action has been blocked.",false,0,0,0,0,,Skipped (not requested),0,,Statutory Payment Dispute Team - GOV.UK
58,GOV.UK,chromium,both,desktop,1280,800,https://gov.uk/find-hmrc-contacts/tax-credits-payment-enquiries,https://www.gov.uk/find-hmrc-contacts/tax-credits-payment-enquiries,200,true,true,26242,false,0,0,0,0,,Skipped (not requested),true,594,2,0,46,region,,false,0,0,0,0,0,0,,Skipped (not requested),false,0,0,0,0,0,0,,"page.addScriptTag: Executing inline script violates the following Content Security Policy directive 'script-src 'self' www.google-analytics.com ssl.google-analytics.com stats.g.doubleclick.net www.googletagmanager.com www.region1.google-analytics.com region1.google-analytics.com www.google.co.uk analytics.google.com *.analytics.google.com www.google.com www.gstatic.com *.ytimg.com www.youtube.com www.youtube-nocookie.com 'nonce-Y5oessHwnX7F/exWUAaMwA==''. Either the 'unsafe-inline' keyword, a hash ('sha256-KqJA1m/a7A+KctYBKJR75bChscDI9FIV+NeO58+zJmA='), or a nonce ('nonce-...') is required to enable inline execution. The action has been blocked.",false,0,0,0,0,,Skipped (not requested),0,,Tax credits: payment enquiries - GOV.UK
58,GOV.UK,chromium,both,desktop,1280,800,https://gov.uk/find-hmrc-contacts/vat-overseas-repayments-for-non-uk-businesses,https://www.gov.uk/find-hmrc-contacts/vat-overseas-repayments-for-non-uk-businesses,200,true,true,26473,false,0,0,0,0,,Skipped (not requested),true,642,2,0,46,region,,false,0,0,0,0,0,0,,Skipped (not requested),false,0,0,0,0,0,0,,"page.addScriptTag: Executing inline script violates the following Content Security Policy directive 'script-src 'self' www.google-analytics.com ssl.google-analytics.com stats.g.doubleclick.net www.googletagmanager.com www.region1.google-analytics.com region1.google-analytics.com www.google.co.uk analytics.google.com *.analytics.google.com www.google.com www.gstatic.com *.ytimg.com www.youtube.com www.youtube-nocookie.com 'nonce-q8aYsqnC+QGqglofYg7uJw==''. Either the 'unsafe-inline' keyword, a hash ('sha256-KqJA1m/a7A+KctYBKJR75bChscDI9FIV+NeO58+zJmA='), or a nonce ('nonce-...') is required to enable inline execution. The action has been blocked.",false,0,0,0,0,,Skipped (not requested),0,,VAT: overseas repayments for non-UK businesses enquiries - GOV.UK
58,GOV.UK,chromium,both,desktop,1280,800,https://gov.uk/find-licences/adoption-service-registration-wales,https://www.gov.uk/find-licences/adoption-service-registration-wales,200,true,true,26644,false,0,0,0,0,,Skipped (not requested),true,500,2,0,48,region,,false,0,0,0,0,0,0,,Skipped (not requested),false,0,0,0,0,0,0,,"page.addScriptTag: Executing inline script violates the following Content Security Policy directive 'script-src 'self' www.google-analytics.com ssl.google-analytics.com stats.g.doubleclick.net www.googletagmanager.com www.region1.google-analytics.com region1.google-analytics.com www.google.co.uk analytics.google.com *.analytics.google.com www.google.com www.gstatic.com *.ytimg.com www.youtube.com www.youtube-nocookie.com 'nonce-d9MZVTesaEBqx3MitQU1Zg==''. Either the 'unsafe-inline' keyword, a hash ('sha256-KqJA1m/a7A+KctYBKJR75bChscDI9FIV+NeO58+zJmA='), or a nonce ('nonce-...') is required to enable inline execution. The action has been blocked.",false,0,0,0,0,,Skipped (not requested),0,,Adoption service registration (Wales) - GOV.UK
58,GOV.UK,chromium,both,desktop,1280,800,https://gov.uk/find-licences/adult-placement-service-registration-wales,https://www.gov.uk/find-licences/adult-placement-service-registration-wales,200,true,true,26511,false,0,0,0,0,,Skipped (not requested),true,500,2,0,48,region,,false,0,0,0,0,0,0,,Skipped (not requested),false,0,0,0,0,0,0,,"page.addScriptTag: Executing inline script violates the following Content Security Policy directive 'script-src 'self' www.google-analytics.com ssl.google-analytics.com stats.g.doubleclick.net www.googletagmanager.com www.region1.google-analytics.com region1.google-analytics.com www.google.co.uk analytics.google.com *.analytics.google.com www.google.com www.gstatic.com *.ytimg.com www.youtube.com www.youtube-nocookie.com 'nonce-0ExMavAKD0qmjIWKs5wiOA==''. Either the 'unsafe-inline' keyword, a hash ('sha256-KqJA1m/a7A+KctYBKJR75bChscDI9FIV+NeO58+zJmA='), or a nonce ('nonce-...') is required to enable inline execution. The action has been blocked.",false,0,0,0,0,,Skipped (not requested),0,,Adult placement service registration (Wales) - GOV.UK
58,GOV.UK,chromium,both,desktop,1280,800,https://gov.uk/find-licences/adult-placement-services-registration-northern-ireland,https://www.gov.uk/find-licences/adult-placement-services-registration-northern-ireland,200,true,true,27033,false,0,0,0,0,,Skipped (not requested),true,538,2,0,48,region,,false,0,0,0,0,0,0,,Skipped (not requested),false,0,0,0,0,0,0,,"page.addScriptTag: Executing inline script violates the following Content Security Policy directive 'script-src 'self' www.google-analytics.com ssl.google-analytics.com stats.g.doubleclick.net www.googletagmanager.com www.region1.google-analytics.com region1.google-analytics.com www.google.co.uk analytics.google.com *.analytics.google.com www.google.com www.gstatic.com *.ytimg.com www.youtube.com www.youtube-nocookie.com 'nonce-ZpTO2i6qgKQDtT2LjWwwFA==''. Either the 'unsafe-inline' keyword, a hash ('sha256-KqJA1m/a7A+KctYBKJR75bChscDI9FIV+NeO58+zJmA='), or a nonce ('nonce-...') is required to enable inline execution. The action has been blocked.",false,0,0,0,0,,Skipped (not requested),0,,Adult placement services registration (Northern Ireland) - GOV.UK
58,GOV.UK,chromium,both,desktop,1280,800,https://gov.uk/find-licences/adult-placement-services-registration-scotland,https://www.gov.uk/find-licences/adult-placement-services-registration-scotland,200,true,true,26220,false,0,0,0,0,,Skipped (not requested),true,596,2,0,48,region,,false,0,0,0,0,0,0,,Skipped (not requested),false,0,0,0,0,0,0,,"page.addScriptTag: Executing inline script violates the following Content Security Policy directive 'script-src 'self' www.google-analytics.com ssl.google-analytics.com stats.g.doubleclick.net www.googletagmanager.com www.region1.google-analytics.com region1.google-analytics.com www.google.co.uk analytics.google.com *.analytics.google.com www.google.com www.gstatic.com *.ytimg.com www.youtube.com www.youtube-nocookie.com 'nonce-ZTza6rp+AQ3WKuaeINcHDA==''. Either the 'unsafe-inline' keyword, a hash ('sha256-KqJA1m/a7A+KctYBKJR75bChscDI9FIV+NeO58+zJmA='), or a nonce ('nonce-...') is required to enable inline execution. The action has been blocked.",false,0,0,0,0,,Skipped (not requested),0,,Adult placement services registration (Scotland) - GOV.UK
58,GOV.UK,chromium,both,desktop,1280,800,https://gov.uk/find-licences/apply-for-a-thames-accommodation-licence,https://www.gov.uk/find-licences/apply-for-a-thames-accommodation-licence,200,true,true,26881,false,0,0,0,0,,Skipped (not requested),true,531,2,0,48,region,,false,0,0,0,0,0,0,,Skipped (not requested),false,0,0,0,0,0,0,,"page.addScriptTag: Executing inline script violates the following Content Security Policy directive 'script-src 'self' www.google-analytics.com ssl.google-analytics.com stats.g.doubleclick.net www.googletagmanager.com www.region1.google-analytics.com region1.google-analytics.com www.google.co.uk analytics.google.com *.analytics.google.com www.google.com www.gstatic.com *.ytimg.com www.youtube.com www.youtube-nocookie.com 'nonce-OY7ZbIYVyeO71xwd6cnoPw==''. Either the 'unsafe-inline' keyword, a hash ('sha256-KqJA1m/a7A+KctYBKJR75bChscDI9FIV+NeO58+zJmA='), or a nonce ('nonce-...') is required to enable inline execution. The action has been blocked.",false,0,0,0,0,,Skipped (not requested),0,,Apply for a River Thames accommodation licence - GOV.UK
58,GOV.UK,chromium,both,desktop,1280,800,https://gov.uk/find-licences/booking-office-licence-scotland,https://www.gov.uk/find-licences/booking-office-licence-scotland,200,true,true,26662,false,0,0,0,0,,Skipped (not requested),true,519,2,0,48,region,,false,0,0,0,0,0,0,,Skipped (not requested),false,0,0,0,0,0,0,,"page.addScriptTag: Executing inline script violates the following Content Security Policy directive 'script-src 'self' www.google-analytics.com ssl.google-analytics.com stats.g.doubleclick.net www.googletagmanager.com www.region1.google-analytics.com region1.google-analytics.com www.google.co.uk analytics.google.com *.analytics.google.com www.google.com www.gstatic.com *.ytimg.com www.youtube.com www.youtube-nocookie.com 'nonce-OdDX0zg1n63t+vT/H4p4qA==''. Either the 'unsafe-inline' keyword, a hash ('sha256-KqJA1m/a7A+KctYBKJR75bChscDI9FIV+NeO58+zJmA='), or a nonce ('nonce-...') is required to enable inline execution. The action has been blocked.",false,0,0,0,0,,Skipped (not requested),0,,Booking office licence (Scotland): contact your council - GOV.UK
58,GOV.UK,chromium,both,desktop,1280,800,https://gov.uk/find-licences/bookmaker-s-premises-licence-scotland,https://www.gov.uk/find-licences/bookmaker-s-premises-licence-scotland,200,true,true,26536,false,0,0,0,0,,Skipped (not requested),true,470,2,0,48,region,,false,0,0,0,0,0,0,,Skipped (not requested),false,0,0,0,0,0,0,,"page.addScriptTag: Executing inline script violates the following Content Security Policy directive 'script-src 'self' www.google-analytics.com ssl.google-analytics.com stats.g.doubleclick.net www.googletagmanager.com www.region1.google-analytics.com region1.google-analytics.com www.google.co.uk analytics.google.com *.analytics.google.com www.google.com www.gstatic.com *.ytimg.com www.youtube.com www.youtube-nocookie.com 'nonce-qEnP3QJJVZ043ILxrHP44A==''. Either the 'unsafe-inline' keyword, a hash ('sha256-KqJA1m/a7A+KctYBKJR75bChscDI9FIV+NeO58+zJmA='), or a nonce ('nonce-...') is required to enable inline execution. The action has been blocked.",false,0,0,0,0,,Skipped (not requested),0,,Bookmaker&#39;s premises licence (Scotland): contact your council - GOV.UK
58,GOV.UK,chromium,both,desktop,1280,800,https://gov.uk/find-licences/bookmaking-office-licence-northern-ireland,https://www.gov.uk/find-licences/bookmaking-office-licence-northern-ireland,200,true,true,26536,false,0,0,0,0,,Skipped (not requested),true,482,2,0,48,region,,false,0,0,0,0,0,0,,Skipped (not requested),false,0,0,0,0,0,0,,"page.addScriptTag: Executing inline script violates the following Content Security Policy directive 'script-src 'self' www.google-analytics.com ssl.google-analytics.com stats.g.doubleclick.net www.googletagmanager.com www.region1.google-analytics.com region1.google-analytics.com www.google.co.uk analytics.google.com *.analytics.google.com www.google.com www.gstatic.com *.ytimg.com www.youtube.com www.youtube-nocookie.com 'nonce-X1ZLgatGBN7sIpp0/QAPJw==''. Either the 'unsafe-inline' keyword, a hash ('sha256-KqJA1m/a7A+KctYBKJR75bChscDI9FIV+NeO58+zJmA='), or a nonce ('nonce-...') is required to enable inline execution. The action has been blocked.",false,0,0,0,0,,Skipped (not requested),0,,Bookmaking office licence (Northern Ireland): contact your council - GOV.UK
58,GOV.UK,chromium,both,desktop,1280,800,https://gov.uk/find-licences/care-at-home-services-registration-scotland,https://www.gov.uk/find-licences/care-at-home-services-registration-scotland,200,true,true,27252,false,0,0,0,0,,Skipped (not requested),true,542,2,0,48,region,,false,0,0,0,0,0,0,,Skipped (not requested),false,0,0,0,0,0,0,,"page.addScriptTag: Executing inline script violates the following Content Security Policy directive 'script-src 'self' www.google-analytics.com ssl.google-analytics.com stats.g.doubleclick.net www.googletagmanager.com www.region1.google-analytics.com region1.google-analytics.com www.google.co.uk analytics.google.com *.analytics.google.com www.google.com www.gstatic.com *.ytimg.com www.youtube.com www.youtube-nocookie.com 'nonce-wjSNUXGi3UekYJnPbyzeXQ==''. Either the 'unsafe-inline' keyword, a hash ('sha256-KqJA1m/a7A+KctYBKJR75bChscDI9FIV+NeO58+zJmA='), or a nonce ('nonce-...') is required to enable inline execution. The action has been blocked.",false,0,0,0,0,,Skipped (not requested),0,,Care at home services registration (Scotland) - GOV.UK
58,GOV.UK,chromium,both,desktop,1280,800,https://gov.uk/find-licences/care-home-service-registration-wales,https://www.gov.uk/find-licences/care-home-service-registration-wales,200,true,true,26413,false,0,0,0,0,,Skipped (not requested),true,500,2,0,48,region,,false,0,0,0,0,0,0,,Skipped (not requested),false,0,0,0,0,0,0,,"page.addScriptTag: Executing inline script violates the following Content Security Policy directive 'script-src 'self' www.google-analytics.com ssl.google-analytics.com stats.g.doubleclick.net www.googletagmanager.com www.region1.google-analytics.com region1.google-analytics.com www.google.co.uk analytics.google.com *.analytics.google.com www.google.com www.gstatic.com *.ytimg.com www.youtube.com www.youtube-nocookie.com 'nonce-dBrvuYs/kdskdz/doarnyw==''. Either the 'unsafe-inline' keyword, a hash ('sha256-KqJA1m/a7A+KctYBKJR75bChscDI9FIV+NeO58+zJmA='), or a nonce ('nonce-...') is required to enable inline execution. The action has been blocked.",false,0,0,0,0,,Skipped (not requested),0,,Care home service registration (Wales) - GOV.UK
58,GOV.UK,chromium,both,desktop,1280,800,https://gov.uk/find-licences/domiciliary-care-service-registration-ni,https://www.gov.uk/find-licences/domiciliary-care-service-registration-ni,200,true,true,26687,false,0,0,0,0,,Skipped (not requested),true,497,2,0,48,region,,false,0,0,0,0,0,0,,Skipped (not requested),false,0,0,0,0,0,0,,"page.addScriptTag: Executing inline script violates the following Content Security Policy directive 'script-src 'self' www.google-analytics.com ssl.google-analytics.com stats.g.doubleclick.net www.googletagmanager.com www.region1.google-analytics.com region1.google-analytics.com www.google.co.uk analytics.google.com *.analytics.google.com www.google.com www.gstatic.com *.ytimg.com www.youtube.com www.youtube-nocookie.com 'nonce-Bdq4ed+fJjW0xoJDxCGAVA==''. Either the 'unsafe-inline' keyword, a hash ('sha256-KqJA1m/a7A+KctYBKJR75bChscDI9FIV+NeO58+zJmA='), or a nonce ('nonce-...') is required to enable inline execution. The action has been blocked.",false,0,0,0,0,,Skipped (not requested),0,,Domiciliary care service registration (Northern Ireland) - GOV.UK
58,GOV.UK,chromium,both,desktop,1280,800,https://gov.uk/find-licences/fostering-service-manager-registration-wales,https://www.gov.uk/find-licences/fostering-service-manager-registration-wales,200,true,true,26595,false,0,0,0,0,,Skipped (not requested),true,536,2,0,48,region,,false,0,0,0,0,0,0,,Skipped (not requested),false,0,0,0,0,0,0,,"page.addScriptTag: Executing inline script violates the following Content Security Policy directive 'script-src 'self' www.google-analytics.com ssl.google-analytics.com stats.g.doubleclick.net www.googletagmanager.com www.region1.google-analytics.com region1.google-analytics.com www.google.co.uk analytics.google.com *.analytics.google.com www.google.com www.gstatic.com *.ytimg.com www.youtube.com www.youtube-nocookie.com 'nonce-nigwWKIajpFGkl1tn8gHXw==''. Either the 'unsafe-inline' keyword, a hash ('sha256-KqJA1m/a7A+KctYBKJR75bChscDI9FIV+NeO58+zJmA='), or a nonce ('nonce-...') is required to enable inline execution. The action has been blocked.",false,0,0,0,0,,Skipped (not requested),0,,Fostering service manager registration (Wales) - GOV.UK
58,GOV.UK,chromium,both,desktop,1280,800,https://gov.uk/find-licences/general-aviation-report-notification-northern-ireland,https://www.gov.uk/find-licences/general-aviation-report-notification-northern-ireland,200,true,true,26265,false,0,0,0,0,,Skipped (not requested),true,541,2,0,48,region,,false,0,0,0,0,0,0,,Skipped (not requested),false,0,0,0,0,0,0,,"page.addScriptTag: Executing inline script violates the following Content Security Policy directive 'script-src 'self' www.google-analytics.com ssl.google-analytics.com stats.g.doubleclick.net www.googletagmanager.com www.region1.google-analytics.com region1.google-analytics.com www.google.co.uk analytics.google.com *.analytics.google.com www.google.com www.gstatic.com *.ytimg.com www.youtube.com www.youtube-nocookie.com 'nonce-f5JHE7uL003Qf8B0hxPVLA==''. Either the 'unsafe-inline' keyword, a hash ('sha256-KqJA1m/a7A+KctYBKJR75bChscDI9FIV+NeO58+zJmA='), or a nonce ('nonce-...') is required to enable inline execution. The action has been blocked.",false,0,0,0,0,,Skipped (not requested),0,,General Aviation Report notification (Northern Ireland) - GOV.UK
58,GOV.UK,chromium,both,desktop,1280,800,https://gov.uk/find-licences/pollution-data-reporting-scotland,https://www.gov.uk/find-licences/pollution-data-reporting-scotland,200,true,true,27700,false,0,0,0,0,,Skipped (not requested),true,527,2,0,48,region,,false,0,0,0,0,0,0,,Skipped (not requested),false,0,0,0,0,0,0,,"page.addScriptTag: Executing inline script violates the following Content Security Policy directive 'script-src 'self' www.google-analytics.com ssl.google-analytics.com stats.g.doubleclick.net www.googletagmanager.com www.region1.google-analytics.com region1.google-analytics.com www.google.co.uk analytics.google.com *.analytics.google.com www.google.com www.gstatic.com *.ytimg.com www.youtube.com www.youtube-nocookie.com 'nonce-m8PYCjXAUVy3GUsK4ne/cg==''. Either the 'unsafe-inline' keyword, a hash ('sha256-KqJA1m/a7A+KctYBKJR75bChscDI9FIV+NeO58+zJmA='), or a nonce ('nonce-...') is required to enable inline execution. The action has been blocked.",false,0,0,0,0,,Skipped (not requested),0,,Pollution data reporting (Scotland) - GOV.UK
58,GOV.UK,chromium,both,desktop,1280,800,https://gov.uk/find-licences/register-a-hairdressing-business,https://www.gov.uk/find-licences/register-a-hairdressing-business,200,true,true,26831,false,0,0,0,0,,Skipped (not requested),true,520,2,0,44,region,,false,0,0,0,0,0,0,,Skipped (not requested),false,0,0,0,0,0,0,,"page.addScriptTag: Executing inline script violates the following Content Security Policy directive 'script-src 'self' www.google-analytics.com ssl.google-analytics.com stats.g.doubleclick.net www.googletagmanager.com www.region1.google-analytics.com region1.google-analytics.com www.google.co.uk analytics.google.com *.analytics.google.com www.google.com www.gstatic.com *.ytimg.com www.youtube.com www.youtube-nocookie.com 'nonce-m+s9ICrPmfQ95q8//yaJ5g==''. Either the 'unsafe-inline' keyword, a hash ('sha256-KqJA1m/a7A+KctYBKJR75bChscDI9FIV+NeO58+zJmA='), or a nonce ('nonce-...') is required to enable inline execution. The action has been blocked.",false,0,0,0,0,,Skipped (not requested),0,,Hairdresser registration (England) - GOV.UK
58,GOV.UK,chromium,both,desktop,1280,800,https://gov.uk/find-licences/register-as-number-plate-supplier,https://www.gov.uk/find-licences/register-as-number-plate-supplier/dvla,200,true,true,27100,false,0,0,0,0,,Skipped (not requested),true,627,2,0,48,region,,false,0,0,0,0,0,0,,Skipped (not requested),false,0,0,0,0,0,0,,"page.addScriptTag: Executing inline script violates the following Content Security Policy directive 'script-src 'self' www.google-analytics.com ssl.google-analytics.com stats.g.doubleclick.net www.googletagmanager.com www.region1.google-analytics.com region1.google-analytics.com www.google.co.uk analytics.google.com *.analytics.google.com www.google.com www.gstatic.com *.ytimg.com www.youtube.com www.youtube-nocookie.com 'nonce-PlXuY1jTYW+pVIEr6jCa1Q==''. Either the 'unsafe-inline' keyword, a hash ('sha256-KqJA1m/a7A+KctYBKJR75bChscDI9FIV+NeO58+zJmA='), or a nonce ('nonce-...') is required to enable inline execution. The action has been blocked.",false,0,0,0,0,,Skipped (not requested),0,,Register as a number plate supplier: Driver and Vehicle Licensing Agency - GOV.UK
58,GOV.UK,chromium,both,desktop,1280,800,https://gov.uk/find-licences/register-cattle-northern-ireland,https://www.gov.uk/find-licences/register-cattle-northern-ireland,200,true,true,26735,false,0,0,0,0,,Skipped (not requested),true,544,2,0,48,region,,false,0,0,0,0,0,0,,Skipped (not requested),false,0,0,0,0,0,0,,"page.addScriptTag: Executing inline script violates the following Content Security Policy directive 'script-src 'self' www.google-analytics.com ssl.google-analytics.com stats.g.doubleclick.net www.googletagmanager.com www.region1.google-analytics.com region1.google-analytics.com www.google.co.uk analytics.google.com *.analytics.google.com www.google.com www.gstatic.com *.ytimg.com www.youtube.com www.youtube-nocookie.com 'nonce-a1KTAkaZVrt9UcchSZOivw==''. Either the 'unsafe-inline' keyword, a hash ('sha256-KqJA1m/a7A+KctYBKJR75bChscDI9FIV+NeO58+zJmA='), or a nonce ('nonce-...') is required to enable inline execution. The action has been blocked.",false,0,0,0,0,,Skipped (not requested),0,,Register cattle (Northern Ireland) - GOV.UK
58,GOV.UK,chromium,both,desktop,1280,800,https://gov.uk/find-licences/register-hairdressing-wales,https://www.gov.uk/find-licences/register-hairdressing-wales,200,true,true,26289,false,0,0,0,0,,Skipped (not requested),true,520,2,0,44,region,,false,0,0,0,0,0,0,,Skipped (not requested),false,0,0,0,0,0,0,,"page.addScriptTag: Executing inline script violates the following Content Security Policy directive 'script-src 'self' www.google-analytics.com ssl.google-analytics.com stats.g.doubleclick.net www.googletagmanager.com www.region1.google-analytics.com region1.google-analytics.com www.google.co.uk analytics.google.com *.analytics.google.com www.google.com www.gstatic.com *.ytimg.com www.youtube.com www.youtube-nocookie.com 'nonce-bAdcCb094mimo/u559gu2w==''. Either the 'unsafe-inline' keyword, a hash ('sha256-KqJA1m/a7A+KctYBKJR75bChscDI9FIV+NeO58+zJmA='), or a nonce ('nonce-...') is required to enable inline execution. The action has been blocked.",false,0,0,0,0,,Skipped (not requested),0,,Register a hairdressing business (Wales) - GOV.UK
58,GOV.UK,chromium,both,desktop,1280,800,https://gov.uk/find-licences/register-physiotherapist,https://www.gov.uk/find-licences/register-physiotherapist,200,true,true,26194,false,0,0,0,0,,Skipped (not requested),true,508,2,0,48,region,,false,0,0,0,0,0,0,,Skipped (not requested),false,0,0,0,0,0,0,,"page.addScriptTag: Executing inline script violates the following Content Security Policy directive 'script-src 'self' www.google-analytics.com ssl.google-analytics.com stats.g.doubleclick.net www.googletagmanager.com www.region1.google-analytics.com region1.google-analytics.com www.google.co.uk analytics.google.com *.analytics.google.com www.google.com www.gstatic.com *.ytimg.com www.youtube.com www.youtube-nocookie.com 'nonce-PaJSdJwkGmsV3jLp8LrCfg==''. Either the 'unsafe-inline' keyword, a hash ('sha256-KqJA1m/a7A+KctYBKJR75bChscDI9FIV+NeO58+zJmA='), or a nonce ('nonce-...') is required to enable inline execution. The action has been blocked.",false,0,0,0,0,,Skipped (not requested),0,,Register as a physiotherapist - GOV.UK
58,GOV.UK,chromium,both,desktop,1280,800,https://gov.uk/find-licences/register-to-practise-as-a-veterinarian,https://www.gov.uk/find-licences/register-to-practise-as-a-veterinarian,200,true,true,27320,false,0,0,0,0,,Skipped (not requested),true,546,2,0,48,region,,false,0,0,0,0,0,0,,Skipped (not requested),false,0,0,0,0,0,0,,"page.addScriptTag: Executing inline script violates the following Content Security Policy directive 'script-src 'self' www.google-analytics.com ssl.google-analytics.com stats.g.doubleclick.net www.googletagmanager.com www.region1.google-analytics.com region1.google-analytics.com www.google.co.uk analytics.google.com *.analytics.google.com www.google.com www.gstatic.com *.ytimg.com www.youtube.com www.youtube-nocookie.com 'nonce-YJLkq0Jn33Zqo7p71Lg7xQ==''. Either the 'unsafe-inline' keyword, a hash ('sha256-KqJA1m/a7A+KctYBKJR75bChscDI9FIV+NeO58+zJmA='), or a nonce ('nonce-...') is required to enable inline execution. The action has been blocked.",false,0,0,0,0,,Skipped (not requested),0,,Register to practise as a veterinarian - GOV.UK
58,GOV.UK,chromium,both,desktop,1280,800,https://gov.uk/find-licences/registration-independent-healthcare-service-scotland,https://www.gov.uk/find-licences/registration-independent-healthcare-service-scotland,200,true,true,26736,false,0,0,0,0,,Skipped (not requested),true,583,2,0,48,region,,false,0,0,0,0,0,0,,Skipped (not requested),false,0,0,0,0,0,0,,"page.addScriptTag: Executing inline script violates the following Content Security Policy directive 'script-src 'self' www.google-analytics.com ssl.google-analytics.com stats.g.doubleclick.net www.googletagmanager.com www.region1.google-analytics.com region1.google-analytics.com www.google.co.uk analytics.google.com *.analytics.google.com www.google.com www.gstatic.com *.ytimg.com www.youtube.com www.youtube-nocookie.com 'nonce-ZMhw4HoxQhT/ZNrOG5g1eg==''. Either the 'unsafe-inline' keyword, a hash ('sha256-KqJA1m/a7A+KctYBKJR75bChscDI9FIV+NeO58+zJmA='), or a nonce ('nonce-...') is required to enable inline execution. The action has been blocked.",false,0,0,0,0,,Skipped (not requested),0,,Registration of independent healthcare service (Scotland) - GOV.UK
58,GOV.UK,chromium,both,desktop,1280,800,https://gov.uk/find-licences/registration-of-independent-health-care-service-england-wales,https://www.gov.uk/find-licences/registration-of-independent-health-care-service-england-wales,200,true,true,26631,false,0,0,0,0,,Skipped (not requested),true,477,2,0,48,region,,false,0,0,0,0,0,0,,Skipped (not requested),false,0,0,0,0,0,0,,"page.addScriptTag: Executing inline script violates the following Content Security Policy directive 'script-src 'self' www.google-analytics.com ssl.google-analytics.com stats.g.doubleclick.net www.googletagmanager.com www.region1.google-analytics.com region1.google-analytics.com www.google.co.uk analytics.google.com *.analytics.google.com www.google.com www.gstatic.com *.ytimg.com www.youtube.com www.youtube-nocookie.com 'nonce-tVweSCtm7rV1DE609tqV0Q==''. Either the 'unsafe-inline' keyword, a hash ('sha256-KqJA1m/a7A+KctYBKJR75bChscDI9FIV+NeO58+zJmA='), or a nonce ('nonce-...') is required to enable inline execution. The action has been blocked.",false,0,0,0,0,,Skipped (not requested),0,,Registration of independent health care service (England and Wales): contact your council - GOV.UK
58,GOV.UK,chromium,both,desktop,1280,800,https://gov.uk/find-licences/secure-accommodation-service-registration-wales,https://www.gov.uk/find-licences/secure-accommodation-service-registration-wales,200,true,true,26157,false,0,0,0,0,,Skipped (not requested),true,500,2,0,48,region,,false,0,0,0,0,0,0,,Skipped (not requested),false,0,0,0,0,0,0,,"page.addScriptTag: Executing inline script violates the following Content Security Policy directive 'script-src 'self' www.google-analytics.com ssl.google-analytics.com stats.g.doubleclick.net www.googletagmanager.com www.region1.google-analytics.com region1.google-analytics.com www.google.co.uk analytics.google.com *.analytics.google.com www.google.com www.gstatic.com *.ytimg.com www.youtube.com www.youtube-nocookie.com 'nonce-9AJjwvLrLYNOG8txu0j1/w==''. Either the 'unsafe-inline' keyword, a hash ('sha256-KqJA1m/a7A+KctYBKJR75bChscDI9FIV+NeO58+zJmA='), or a nonce ('nonce-...') is required to enable inline execution. The action has been blocked.",false,0,0,0,0,,Skipped (not requested),0,,Secure accommodation service registration (Wales) - GOV.UK
58,GOV.UK,chromium,both,desktop,1280,800,https://gov.uk/find-licences/vessel-traffic-services-vts-licence,https://www.gov.uk/find-licences/vessel-traffic-services-vts-licence,200,true,true,26616,false,0,0,0,0,,Skipped (not requested),true,533,2,0,48,region,,false,0,0,0,0,0,0,,Skipped (not requested),false,0,0,0,0,0,0,,"page.addScriptTag: Executing inline script violates the following Content Security Policy directive 'script-src 'self' www.google-analytics.com ssl.google-analytics.com stats.g.doubleclick.net www.googletagmanager.com www.region1.google-analytics.com region1.google-analytics.com www.google.co.uk analytics.google.com *.analytics.google.com www.google.com www.gstatic.com *.ytimg.com www.youtube.com www.youtube-nocookie.com 'nonce-IisJ/0aYfG+sWak7c3PikA==''. Either the 'unsafe-inline' keyword, a hash ('sha256-KqJA1m/a7A+KctYBKJR75bChscDI9FIV+NeO58+zJmA='), or a nonce ('nonce-...') is required to enable inline execution. The action has been blocked.",false,0,0,0,0,,Skipped (not requested),0,,Vessel traffic services (VTS) licence - GOV.UK
58,GOV.UK,chromium,both,desktop,1280,800,https://gov.uk/flood-and-coastal-erosion-risk-management-research-reports/adapting-to-coastal-erosion-evaluation-of-rollback-and-leaseback-schemes-in-coastal-change-pathfinder-projects,https://www.gov.uk/flood-and-coastal-erosion-risk-management-research-reports/adapting-to-coastal-erosion-evaluation-of-rollback-and-leaseback-schemes-in-coastal-change-pathfinder-projects,200,true,true,26399,false,0,0,0,0,,Skipped (not requested),true,661,2,0,46,region,,false,0,0,0,0,0,0,,Skipped (not requested),false,0,0,0,0,0,0,,"page.addScriptTag: Executing inline script violates the following Content Security Policy directive 'script-src 'self' www.google-analytics.com ssl.google-analytics.com stats.g.doubleclick.net www.googletagmanager.com www.region1.google-analytics.com region1.google-analytics.com www.google.co.uk analytics.google.com *.analytics.google.com www.google.com www.gstatic.com *.ytimg.com www.youtube.com www.youtube-nocookie.com 'nonce-b0N0WapSwM3sgBuwG1wYeA==''. Either the 'unsafe-inline' keyword, a hash ('sha256-KqJA1m/a7A+KctYBKJR75bChscDI9FIV+NeO58+zJmA='), or a nonce ('nonce-...') is required to enable inline execution. The action has been blocked.",false,0,0,0,0,,Skipped (not requested),0,,Adapting to coastal erosion - evaluation of rollback and leaseback schemes in coastal change pathfinder projects - GOV.UK
