issue_number,scan_title,scan_browser,scan_color_scheme,scan_viewport_preset,scan_viewport_width,scan_viewport_height,submitted_url,final_url,http_status,fetch_ok,redirected,elapsed_ms,alfa_executed,alfa_passed,alfa_failed,alfa_cant_tell,alfa_inapplicable,alfa_failed_rules,alfa_error,axe_executed,axe_passed,axe_failed,axe_cant_tell,axe_inapplicable,axe_failed_rules,axe_error,equal_access_executed,equal_access_passed,equal_access_failed,equal_access_failed_unique,equal_access_failed_duplicates,equal_access_cant_tell,equal_access_inapplicable,equal_access_failed_rules,equal_access_error,accesslint_executed,accesslint_passed,accesslint_failed,accesslint_failed_unique,accesslint_failed_duplicates,accesslint_cant_tell,accesslint_inapplicable,accesslint_failed_rules,accesslint_error,qualweb_executed,qualweb_passed,qualweb_failed,qualweb_cant_tell,qualweb_inapplicable,qualweb_failed_rules,qualweb_error,duplicate_findings,fetch_error,page_title
58,GOV.UK,chromium,both,desktop,1280,800,https://gov.uk/service-manual/helping-people-to-use-your-service/getting-an-accessibility-audit,https://www.gov.uk/service-manual/helping-people-to-use-your-service/getting-an-accessibility-audit,200,true,true,10981,false,0,0,0,0,,Skipped (not requested),true,838,2,0,46,region,,false,0,0,0,0,0,0,,Skipped (not requested),false,0,0,0,0,0,0,,"page.addScriptTag: Executing inline script violates the following Content Security Policy directive 'script-src 'self' www.google-analytics.com ssl.google-analytics.com stats.g.doubleclick.net www.googletagmanager.com www.region1.google-analytics.com region1.google-analytics.com www.google.co.uk analytics.google.com *.analytics.google.com www.google.com www.gstatic.com *.ytimg.com www.youtube.com www.youtube-nocookie.com 'nonce-/l3MU9jNnwC5q8H7g+Qu7Q==''. Either the 'unsafe-inline' keyword, a hash ('sha256-KqJA1m/a7A+KctYBKJR75bChscDI9FIV+NeO58+zJmA='), or a nonce ('nonce-...') is required to enable inline execution. The action has been blocked.",false,0,0,0,0,,Skipped (not requested),0,,Getting an accessibility audit - Service Manual - GOV.UK
58,GOV.UK,chromium,both,desktop,1280,800,https://gov.uk/service-manual/helping-people-to-use-your-service/testing-for-accessibility,https://www.gov.uk/service-manual/helping-people-to-use-your-service/testing-for-accessibility,200,true,true,12987,false,0,0,0,0,,Skipped (not requested),true,835,2,0,46,region,,false,0,0,0,0,0,0,,Skipped (not requested),false,0,0,0,0,0,0,,"page.addScriptTag: Executing inline script violates the following Content Security Policy directive 'script-src 'self' www.google-analytics.com ssl.google-analytics.com stats.g.doubleclick.net www.googletagmanager.com www.region1.google-analytics.com region1.google-analytics.com www.google.co.uk analytics.google.com *.analytics.google.com www.google.com www.gstatic.com *.ytimg.com www.youtube.com www.youtube-nocookie.com 'nonce-ek+Q8ML1TmyhO7cGnBmHbw==''. Either the 'unsafe-inline' keyword, a hash ('sha256-KqJA1m/a7A+KctYBKJR75bChscDI9FIV+NeO58+zJmA='), or a nonce ('nonce-...') is required to enable inline execution. The action has been blocked.",false,0,0,0,0,,Skipped (not requested),0,,Testing for accessibility - Service Manual - GOV.UK
58,GOV.UK,chromium,both,desktop,1280,800,https://gov.uk/find-hmrc-contacts/online-debit-and-credit-card-payment-support,https://www.gov.uk/find-hmrc-contacts/online-debit-and-credit-card-payment-support,200,true,true,15422,false,0,0,0,0,,Skipped (not requested),true,568,2,0,46,region,,false,0,0,0,0,0,0,,Skipped (not requested),false,0,0,0,0,0,0,,"page.addScriptTag: Executing inline script violates the following Content Security Policy directive 'script-src 'self' www.google-analytics.com ssl.google-analytics.com stats.g.doubleclick.net www.googletagmanager.com www.region1.google-analytics.com region1.google-analytics.com www.google.co.uk analytics.google.com *.analytics.google.com www.google.com www.gstatic.com *.ytimg.com www.youtube.com www.youtube-nocookie.com 'nonce-F3Vbgq/Acl6bi0mHNLtJjQ==''. Either the 'unsafe-inline' keyword, a hash ('sha256-KqJA1m/a7A+KctYBKJR75bChscDI9FIV+NeO58+zJmA='), or a nonce ('nonce-...') is required to enable inline execution. The action has been blocked.",false,0,0,0,0,,Skipped (not requested),0,,Online debit and credit card payment support - GOV.UK
58,GOV.UK,chromium,both,desktop,1280,800,https://gov.uk/find-hmrc-contacts/technical-support-with-vat-online-services,https://www.gov.uk/find-hmrc-contacts/technical-support-with-vat-online-services,200,true,true,15873,false,0,0,0,0,,Skipped (not requested),true,642,2,0,46,region,,false,0,0,0,0,0,0,,Skipped (not requested),false,0,0,0,0,0,0,,"page.addScriptTag: Executing inline script violates the following Content Security Policy directive 'script-src 'self' www.google-analytics.com ssl.google-analytics.com stats.g.doubleclick.net www.googletagmanager.com www.region1.google-analytics.com region1.google-analytics.com www.google.co.uk analytics.google.com *.analytics.google.com www.google.com www.gstatic.com *.ytimg.com www.youtube.com www.youtube-nocookie.com 'nonce-4PVJeZSxMc6cOhWDILxcXA==''. Either the 'unsafe-inline' keyword, a hash ('sha256-KqJA1m/a7A+KctYBKJR75bChscDI9FIV+NeO58+zJmA='), or a nonce ('nonce-...') is required to enable inline execution. The action has been blocked.",false,0,0,0,0,,Skipped (not requested),0,,Technical support with VAT online services - GOV.UK
58,GOV.UK,chromium,both,desktop,1280,800,https://gov.uk/find-licences/domiciliary-support-service-registration-wales,https://www.gov.uk/find-licences/domiciliary-support-service-registration-wales,200,true,true,17998,false,0,0,0,0,,Skipped (not requested),true,499,2,0,48,region,,false,0,0,0,0,0,0,,Skipped (not requested),false,0,0,0,0,0,0,,"page.addScriptTag: Executing inline script violates the following Content Security Policy directive 'script-src 'self' www.google-analytics.com ssl.google-analytics.com stats.g.doubleclick.net www.googletagmanager.com www.region1.google-analytics.com region1.google-analytics.com www.google.co.uk analytics.google.com *.analytics.google.com www.google.com www.gstatic.com *.ytimg.com www.youtube.com www.youtube-nocookie.com 'nonce-Whipds20OBR4hpZ/NIFJUg==''. Either the 'unsafe-inline' keyword, a hash ('sha256-KqJA1m/a7A+KctYBKJR75bChscDI9FIV+NeO58+zJmA='), or a nonce ('nonce-...') is required to enable inline execution. The action has been blocked.",false,0,0,0,0,,Skipped (not requested),0,,Domiciliary support service registration (Wales) - GOV.UK
58,GOV.UK,chromium,both,desktop,1280,800,https://gov.uk/find-licences/support-services-providing-day-care-to-adults-registration-scotland,https://www.gov.uk/find-licences/support-services-providing-day-care-to-adults-registration-scotland,200,true,true,18459,false,0,0,0,0,,Skipped (not requested),true,598,2,0,48,region,,false,0,0,0,0,0,0,,Skipped (not requested),false,0,0,0,0,0,0,,"page.addScriptTag: Executing inline script violates the following Content Security Policy directive 'script-src 'self' www.google-analytics.com ssl.google-analytics.com stats.g.doubleclick.net www.googletagmanager.com www.region1.google-analytics.com region1.google-analytics.com www.google.co.uk analytics.google.com *.analytics.google.com www.google.com www.gstatic.com *.ytimg.com www.youtube.com www.youtube-nocookie.com 'nonce-Fnt2QjFFaSGAwG0Or1fc8A==''. Either the 'unsafe-inline' keyword, a hash ('sha256-KqJA1m/a7A+KctYBKJR75bChscDI9FIV+NeO58+zJmA='), or a nonce ('nonce-...') is required to enable inline execution. The action has been blocked.",false,0,0,0,0,,Skipped (not requested),0,,Support services providing day care to adults registration (Scotland) - GOV.UK
58,GOV.UK,chromium,both,desktop,1280,800,https://gov.uk/government/news/help-find-new-ways-to-ease-global-disruption-apply-for-funding,https://www.gov.uk/government/news/help-find-new-ways-to-ease-global-disruption-apply-for-funding,200,true,true,18878,false,0,0,0,0,,Skipped (not requested),true,646,2,0,44,region,,false,0,0,0,0,0,0,,Skipped (not requested),false,0,0,0,0,0,0,,"page.addScriptTag: Executing inline script violates the following Content Security Policy directive 'script-src 'self' www.google-analytics.com ssl.google-analytics.com stats.g.doubleclick.net www.googletagmanager.com www.region1.google-analytics.com region1.google-analytics.com www.google.co.uk analytics.google.com *.analytics.google.com www.google.com www.gstatic.com *.ytimg.com www.youtube.com www.youtube-nocookie.com 'nonce-jBvs+SOyDbkvQUr73xpyww==''. Either the 'unsafe-inline' keyword, a hash ('sha256-KqJA1m/a7A+KctYBKJR75bChscDI9FIV+NeO58+zJmA='), or a nonce ('nonce-...') is required to enable inline execution. The action has been blocked.",false,0,0,0,0,,Skipped (not requested),0,,Help find new ways to ease global disruption: apply for funding - GOV.UK
58,GOV.UK,chromium,both,desktop,1280,800,https://gov.uk/government/news/new-find-a-job-service-to-support-thousands-of-jobseekers-into-work,https://www.gov.uk/government/news/new-find-a-job-service-to-support-thousands-of-jobseekers-into-work,200,true,true,19155,false,0,0,0,0,,Skipped (not requested),true,604,2,0,44,region,,false,0,0,0,0,0,0,,Skipped (not requested),false,0,0,0,0,0,0,,"page.addScriptTag: Executing inline script violates the following Content Security Policy directive 'script-src 'self' www.google-analytics.com ssl.google-analytics.com stats.g.doubleclick.net www.googletagmanager.com www.region1.google-analytics.com region1.google-analytics.com www.google.co.uk analytics.google.com *.analytics.google.com www.google.com www.gstatic.com *.ytimg.com www.youtube.com www.youtube-nocookie.com 'nonce-TFHB9A96N/uZnBpMwp5NZw==''. Either the 'unsafe-inline' keyword, a hash ('sha256-KqJA1m/a7A+KctYBKJR75bChscDI9FIV+NeO58+zJmA='), or a nonce ('nonce-...') is required to enable inline execution. The action has been blocked.",false,0,0,0,0,,Skipped (not requested),0,,New ‘Find a Job’ service to support thousands of jobseekers into work - GOV.UK
58,GOV.UK,chromium,both,desktop,1280,800,https://gov.uk/government/news/publication-of-dwp-research-report-707-employment-and-support-allowance-findings-from-a-face-to-face-survey-of-customers,https://www.gov.uk/government/news/publication-of-dwp-research-report-707-employment-and-support-allowance-findings-from-a-face-to-face-survey-of-customers,200,true,true,18941,false,0,0,0,0,,Skipped (not requested),true,651,3,0,44,link-name;region,,false,0,0,0,0,0,0,,Skipped (not requested),false,0,0,0,0,0,0,,"page.addScriptTag: Executing inline script violates the following Content Security Policy directive 'script-src 'self' www.google-analytics.com ssl.google-analytics.com stats.g.doubleclick.net www.googletagmanager.com www.region1.google-analytics.com region1.google-analytics.com www.google.co.uk analytics.google.com *.analytics.google.com www.google.com www.gstatic.com *.ytimg.com www.youtube.com www.youtube-nocookie.com 'nonce-9lgzmkRryrWRg4Zz+go7Iw==''. Either the 'unsafe-inline' keyword, a hash ('sha256-KqJA1m/a7A+KctYBKJR75bChscDI9FIV+NeO58+zJmA='), or a nonce ('nonce-...') is required to enable inline execution. The action has been blocked.",false,0,0,0,0,,Skipped (not requested),0,,Publication  of DWP research report 707: Employment and Support Allowance: findings from a  face-to-face survey of customers - GOV.UK
58,GOV.UK,chromium,both,desktop,1280,800,https://gov.uk/government/news/publication-of-dwp-research-report-745-employment-and-support-allowance-findings-from-a-follow-up-survey-of-customers,https://www.gov.uk/government/news/publication-of-dwp-research-report-745-employment-and-support-allowance-findings-from-a-follow-up-survey-of-customers,200,true,true,20023,false,0,0,0,0,,Skipped (not requested),true,632,2,0,44,region,,false,0,0,0,0,0,0,,Skipped (not requested),false,0,0,0,0,0,0,,"page.addScriptTag: Executing inline script violates the following Content Security Policy directive 'script-src 'self' www.google-analytics.com ssl.google-analytics.com stats.g.doubleclick.net www.googletagmanager.com www.region1.google-analytics.com region1.google-analytics.com www.google.co.uk analytics.google.com *.analytics.google.com www.google.com www.gstatic.com *.ytimg.com www.youtube.com www.youtube-nocookie.com 'nonce-fW+IQZETtXOpE6vajbqgpQ==''. Either the 'unsafe-inline' keyword, a hash ('sha256-KqJA1m/a7A+KctYBKJR75bChscDI9FIV+NeO58+zJmA='), or a nonce ('nonce-...') is required to enable inline execution. The action has been blocked.",false,0,0,0,0,,Skipped (not requested),0,,Publication  of DWP research report 745: employment and support allowance: findings from a  follow-up survey of  customers - GOV.UK
58,GOV.UK,chromium,both,desktop,1280,800,https://gov.uk/government/publications/support-for-newly-unemployed-and-six-month-offer-evaluations-a-reporton-qualitative-research-findings-rr691,https://www.gov.uk/government/publications/support-for-newly-unemployed-and-six-month-offer-evaluations-a-reporton-qualitative-research-findings-rr691,200,true,true,19800,false,0,0,0,0,,Skipped (not requested),true,641,2,1,45,region,,false,0,0,0,0,0,0,,Skipped (not requested),false,0,0,0,0,0,0,,"page.addScriptTag: Executing inline script violates the following Content Security Policy directive 'script-src 'self' www.google-analytics.com ssl.google-analytics.com stats.g.doubleclick.net www.googletagmanager.com www.region1.google-analytics.com region1.google-analytics.com www.google.co.uk analytics.google.com *.analytics.google.com www.google.com www.gstatic.com *.ytimg.com www.youtube.com www.youtube-nocookie.com 'nonce-dmeAQJhiPCMzdUm7vJZdSw==''. Either the 'unsafe-inline' keyword, a hash ('sha256-KqJA1m/a7A+KctYBKJR75bChscDI9FIV+NeO58+zJmA='), or a nonce ('nonce-...') is required to enable inline execution. The action has been blocked.",false,0,0,0,0,,Skipped (not requested),0,,Support for Newly Unemployed and Six Month Offer evaluations (RR691) - GOV.UK
58,GOV.UK,chromium,both,desktop,1280,800,https://gov.uk/,https://www.gov.uk/,200,true,true,21733,false,0,0,0,0,,Skipped (not requested),true,947,2,0,41,region,,false,0,0,0,0,0,0,,Skipped (not requested),false,0,0,0,0,0,0,,"page.addScriptTag: Executing inline script violates the following Content Security Policy directive 'script-src 'self' www.google-analytics.com ssl.google-analytics.com stats.g.doubleclick.net www.googletagmanager.com www.region1.google-analytics.com region1.google-analytics.com www.google.co.uk analytics.google.com *.analytics.google.com www.google.com www.gstatic.com *.ytimg.com www.youtube.com www.youtube-nocookie.com 'nonce-ZZHG68aq6t9HWhGygkS/Nw==''. Either the 'unsafe-inline' keyword, a hash ('sha256-KqJA1m/a7A+KctYBKJR75bChscDI9FIV+NeO58+zJmA='), or a nonce ('nonce-...') is required to enable inline execution. The action has been blocked.",false,0,0,0,0,,Skipped (not requested),0,,Welcome to GOV.UK
58,GOV.UK,chromium,both,desktop,1280,800,https://gov.uk/government/publications/helping-people-in-alcohol-and-drug-treatment-services-into-work/individual-placement-and-support-alcohol-and-drug-study-main-findings--2,https://www.gov.uk/government/publications/helping-people-in-alcohol-and-drug-treatment-services-into-work/individual-placement-and-support-alcohol-and-drug-study-main-findings--2,200,true,true,22783,false,0,0,0,0,,Skipped (not requested),true,1291,2,2,48,region,,false,0,0,0,0,0,0,,Skipped (not requested),false,0,0,0,0,0,0,,"page.addScriptTag: Executing inline script violates the following Content Security Policy directive 'script-src 'self' www.google-analytics.com ssl.google-analytics.com stats.g.doubleclick.net www.googletagmanager.com www.region1.google-analytics.com region1.google-analytics.com www.google.co.uk analytics.google.com *.analytics.google.com www.google.com www.gstatic.com *.ytimg.com www.youtube.com www.youtube-nocookie.com 'nonce-lJbnGeUgdz/tNDpRRjRxvA==''. Either the 'unsafe-inline' keyword, a hash ('sha256-KqJA1m/a7A+KctYBKJR75bChscDI9FIV+NeO58+zJmA='), or a nonce ('nonce-...') is required to enable inline execution. The action has been blocked.",false,0,0,0,0,,Skipped (not requested),0,,Individual Placement and Support - Alcohol and Drug study: main findings - GOV.UK
58,GOV.UK,chromium,both,desktop,1280,800,https://gov.uk/reporting-accessibility-problem-public-sector-website,https://www.gov.uk/reporting-accessibility-problem-public-sector-website,200,true,true,22323,false,0,0,0,0,,Skipped (not requested),true,580,2,0,48,region,,false,0,0,0,0,0,0,,Skipped (not requested),false,0,0,0,0,0,0,,"page.addScriptTag: Executing inline script violates the following Content Security Policy directive 'script-src 'self' www.google-analytics.com ssl.google-analytics.com stats.g.doubleclick.net www.googletagmanager.com www.region1.google-analytics.com region1.google-analytics.com www.google.co.uk analytics.google.com *.analytics.google.com www.google.com www.gstatic.com *.ytimg.com www.youtube.com www.youtube-nocookie.com 'nonce-WkXA2BYrvTy95mrafYvhxg==''. Either the 'unsafe-inline' keyword, a hash ('sha256-KqJA1m/a7A+KctYBKJR75bChscDI9FIV+NeO58+zJmA='), or a nonce ('nonce-...') is required to enable inline execution. The action has been blocked.",false,0,0,0,0,,Skipped (not requested),0,,Reporting an accessibility problem on a public sector website - GOV.UK
58,GOV.UK,chromium,both,desktop,1280,800,https://gov.uk/guidance/accessibility-statement-for-new-adults-in-the-home-service,https://www.gov.uk/guidance/accessibility-statement-for-new-adults-in-the-home-service,200,true,true,23005,false,0,0,0,0,,Skipped (not requested),true,762,2,2,46,region,,false,0,0,0,0,0,0,,Skipped (not requested),false,0,0,0,0,0,0,,"page.addScriptTag: Executing inline script violates the following Content Security Policy directive 'script-src 'self' www.google-analytics.com ssl.google-analytics.com stats.g.doubleclick.net www.googletagmanager.com www.region1.google-analytics.com region1.google-analytics.com www.google.co.uk analytics.google.com *.analytics.google.com www.google.com www.gstatic.com *.ytimg.com www.youtube.com www.youtube-nocookie.com 'nonce-A6lvKkYq/yD96FaS7o/npA==''. Either the 'unsafe-inline' keyword, a hash ('sha256-KqJA1m/a7A+KctYBKJR75bChscDI9FIV+NeO58+zJmA='), or a nonce ('nonce-...') is required to enable inline execution. The action has been blocked.",false,0,0,0,0,,Skipped (not requested),0,,Accessibility statement for new adults in the home service - GOV.UK
58,GOV.UK,chromium,both,desktop,1280,800,https://gov.uk/guidance/accessibility-statement-for-paying-your-childcare-or-social-care-invoice,https://www.gov.uk/guidance/accessibility-statement-for-paying-your-childcare-or-social-care-invoice,200,true,true,24214,false,0,0,0,0,,Skipped (not requested),true,732,2,2,46,region,,false,0,0,0,0,0,0,,Skipped (not requested),false,0,0,0,0,0,0,,"page.addScriptTag: Executing inline script violates the following Content Security Policy directive 'script-src 'self' www.google-analytics.com ssl.google-analytics.com stats.g.doubleclick.net www.googletagmanager.com www.region1.google-analytics.com region1.google-analytics.com www.google.co.uk analytics.google.com *.analytics.google.com www.google.com www.gstatic.com *.ytimg.com www.youtube.com www.youtube-nocookie.com 'nonce-lHDrwc28d8WzMkI/PXRYaw==''. Either the 'unsafe-inline' keyword, a hash ('sha256-KqJA1m/a7A+KctYBKJR75bChscDI9FIV+NeO58+zJmA='), or a nonce ('nonce-...') is required to enable inline execution. The action has been blocked.",false,0,0,0,0,,Skipped (not requested),0,,Accessibility statement for pay your childcare or social care invoice service - GOV.UK
58,GOV.UK,chromium,both,desktop,1280,800,https://gov.uk/guidance/accessibility-statement-for-public-home-office-services,https://www.gov.uk/guidance/accessibility-statement-for-public-home-office-services,200,true,true,25490,false,0,0,0,0,,Skipped (not requested),true,859,2,2,46,region,,false,0,0,0,0,0,0,,Skipped (not requested),false,0,0,0,0,0,0,,"page.addScriptTag: Executing inline script violates the following Content Security Policy directive 'script-src 'self' www.google-analytics.com ssl.google-analytics.com stats.g.doubleclick.net www.googletagmanager.com www.region1.google-analytics.com region1.google-analytics.com www.google.co.uk analytics.google.com *.analytics.google.com www.google.com www.gstatic.com *.ytimg.com www.youtube.com www.youtube-nocookie.com 'nonce-cbg8vijNzco3QNIspXd3qg==''. Either the 'unsafe-inline' keyword, a hash ('sha256-KqJA1m/a7A+KctYBKJR75bChscDI9FIV+NeO58+zJmA='), or a nonce ('nonce-...') is required to enable inline execution. The action has been blocked.",false,0,0,0,0,,Skipped (not requested),0,,Accessibility statement for public Home Office services - GOV.UK
58,GOV.UK,chromium,both,desktop,1280,800,https://gov.uk/guidance/accessibility-statement-for-register-as-a-nanny-service,https://www.gov.uk/guidance/accessibility-statement-for-register-as-a-nanny-service,200,true,true,25593,false,0,0,0,0,,Skipped (not requested),true,775,2,2,46,region,,false,0,0,0,0,0,0,,Skipped (not requested),false,0,0,0,0,0,0,,"page.addScriptTag: Executing inline script violates the following Content Security Policy directive 'script-src 'self' www.google-analytics.com ssl.google-analytics.com stats.g.doubleclick.net www.googletagmanager.com www.region1.google-analytics.com region1.google-analytics.com www.google.co.uk analytics.google.com *.analytics.google.com www.google.com www.gstatic.com *.ytimg.com www.youtube.com www.youtube-nocookie.com 'nonce-KXbyzObvAupwo/x4W/LKkA==''. Either the 'unsafe-inline' keyword, a hash ('sha256-KqJA1m/a7A+KctYBKJR75bChscDI9FIV+NeO58+zJmA='), or a nonce ('nonce-...') is required to enable inline execution. The action has been blocked.",false,0,0,0,0,,Skipped (not requested),0,,Accessibility statement for register as a nanny service - GOV.UK
58,GOV.UK,chromium,both,desktop,1280,800,https://gov.uk/guidance/accessibility-statement-for-tell-ofsted-about-a-serious-childcare-incident-service,https://www.gov.uk/guidance/accessibility-statement-for-tell-ofsted-about-a-serious-childcare-incident-service,200,true,true,26043,false,0,0,0,0,,Skipped (not requested),true,772,2,2,46,region,,false,0,0,0,0,0,0,,Skipped (not requested),false,0,0,0,0,0,0,,"page.addScriptTag: Executing inline script violates the following Content Security Policy directive 'script-src 'self' www.google-analytics.com ssl.google-analytics.com stats.g.doubleclick.net www.googletagmanager.com www.region1.google-analytics.com region1.google-analytics.com www.google.co.uk analytics.google.com *.analytics.google.com www.google.com www.gstatic.com *.ytimg.com www.youtube.com www.youtube-nocookie.com 'nonce-H+nfrbkXuQw+CHNp68pNgw==''. Either the 'unsafe-inline' keyword, a hash ('sha256-KqJA1m/a7A+KctYBKJR75bChscDI9FIV+NeO58+zJmA='), or a nonce ('nonce-...') is required to enable inline execution. The action has been blocked.",false,0,0,0,0,,Skipped (not requested),0,,Accessibility statement for &#39;Tell Ofsted about a serious childcare incident&#39; service - GOV.UK
58,GOV.UK,chromium,both,desktop,1280,800,https://gov.uk/guidance/apply-for-an-exemption-from-psvar-accessibility-regulations-for-home-to-school-or-rail-replacement-services,https://www.gov.uk/guidance/apply-for-an-exemption-from-psvar-accessibility-regulations-for-home-to-school-coaches,200,true,true,27293,false,0,0,0,0,,Skipped (not requested),true,1133,2,2,41,region,,false,0,0,0,0,0,0,,Skipped (not requested),false,0,0,0,0,0,0,,"page.addScriptTag: Executing inline script violates the following Content Security Policy directive 'script-src 'self' www.google-analytics.com ssl.google-analytics.com stats.g.doubleclick.net www.googletagmanager.com www.region1.google-analytics.com region1.google-analytics.com www.google.co.uk analytics.google.com *.analytics.google.com www.google.com www.gstatic.com *.ytimg.com www.youtube.com www.youtube-nocookie.com 'nonce-vf37TOsTWVRSqiKgTKT78w==''. Either the 'unsafe-inline' keyword, a hash ('sha256-KqJA1m/a7A+KctYBKJR75bChscDI9FIV+NeO58+zJmA='), or a nonce ('nonce-...') is required to enable inline execution. The action has been blocked.",false,0,0,0,0,,Skipped (not requested),0,,Apply for an exemption from PSVAR accessibility regulations for home-to-school coaches - GOV.UK
58,GOV.UK,chromium,both,desktop,1280,800,https://gov.uk/research-for-development-outputs/does-service-accessibility-reduce-socio-economic-differentials-in-maternity-care-seeking-evidence-from-rural-bangladesh,https://www.gov.uk/research-for-development-outputs/does-service-accessibility-reduce-socio-economic-differentials-in-maternity-care-seeking-evidence-from-rural-bangladesh,200,true,true,27439,false,0,0,0,0,,Skipped (not requested),true,596,2,0,46,region,,false,0,0,0,0,0,0,,Skipped (not requested),false,0,0,0,0,0,0,,"page.addScriptTag: Executing inline script violates the following Content Security Policy directive 'script-src 'self' www.google-analytics.com ssl.google-analytics.com stats.g.doubleclick.net www.googletagmanager.com www.region1.google-analytics.com region1.google-analytics.com www.google.co.uk analytics.google.com *.analytics.google.com www.google.com www.gstatic.com *.ytimg.com www.youtube.com www.youtube-nocookie.com 'nonce-Zp+bvLaoy0vaDNs6I4+48A==''. Either the 'unsafe-inline' keyword, a hash ('sha256-KqJA1m/a7A+KctYBKJR75bChscDI9FIV+NeO58+zJmA='), or a nonce ('nonce-...') is required to enable inline execution. The action has been blocked.",false,0,0,0,0,,Skipped (not requested),0,,Does service accessibility reduce socio-economic differentials in maternity care seeking? Evidence from rural Bangladesh. - GOV.UK
58,GOV.UK,chromium,both,desktop,1280,800,https://gov.uk/research-for-development-outputs/enhanced-accessibility-for-disabled-people-in-urban-and-peri-urban-areas-country-report-mozambique,https://www.gov.uk/research-for-development-outputs/enhanced-accessibility-for-disabled-people-in-urban-and-peri-urban-areas-country-report-mozambique,200,true,true,28754,false,0,0,0,0,,Skipped (not requested),true,600,2,0,46,region,,false,0,0,0,0,0,0,,Skipped (not requested),false,0,0,0,0,0,0,,"page.addScriptTag: Executing inline script violates the following Content Security Policy directive 'script-src 'self' www.google-analytics.com ssl.google-analytics.com stats.g.doubleclick.net www.googletagmanager.com www.region1.google-analytics.com region1.google-analytics.com www.google.co.uk analytics.google.com *.analytics.google.com www.google.com www.gstatic.com *.ytimg.com www.youtube.com www.youtube-nocookie.com 'nonce-VgEDqJuS/46cL6aIpTRzQQ==''. Either the 'unsafe-inline' keyword, a hash ('sha256-KqJA1m/a7A+KctYBKJR75bChscDI9FIV+NeO58+zJmA='), or a nonce ('nonce-...') is required to enable inline execution. The action has been blocked.",false,0,0,0,0,,Skipped (not requested),0,,Enhanced accessibility for disabled people in urban and peri-urban areas: country report - Mozambique. - GOV.UK
58,GOV.UK,chromium,both,desktop,1280,800,https://gov.uk/research-for-development-outputs/enhanced-accessibility-for-people-with-disabilities-in-urban-areas-inception-report,https://www.gov.uk/research-for-development-outputs/enhanced-accessibility-for-people-with-disabilities-in-urban-areas-inception-report,200,true,true,26866,false,0,0,0,0,,Skipped (not requested),true,625,2,0,46,region,,false,0,0,0,0,0,0,,Skipped (not requested),false,0,0,0,0,0,0,,"page.addScriptTag: Executing inline script violates the following Content Security Policy directive 'script-src 'self' www.google-analytics.com ssl.google-analytics.com stats.g.doubleclick.net www.googletagmanager.com www.region1.google-analytics.com region1.google-analytics.com www.google.co.uk analytics.google.com *.analytics.google.com www.google.com www.gstatic.com *.ytimg.com www.youtube.com www.youtube-nocookie.com 'nonce-iINZsFXq+xBKJmY2bne24A==''. Either the 'unsafe-inline' keyword, a hash ('sha256-KqJA1m/a7A+KctYBKJR75bChscDI9FIV+NeO58+zJmA='), or a nonce ('nonce-...') is required to enable inline execution. The action has been blocked.",false,0,0,0,0,,Skipped (not requested),0,,Enhanced accessibility for people with disabilities in urban areas: inception report. - GOV.UK
58,GOV.UK,chromium,both,desktop,1280,800,https://gov.uk/research-for-development-outputs/enhanced-accessibility-for-persons-with-disabilities-living-in-urban-areas-country-report-south-africa,https://www.gov.uk/research-for-development-outputs/enhanced-accessibility-for-persons-with-disabilities-living-in-urban-areas-country-report-south-africa,200,true,true,26693,false,0,0,0,0,,Skipped (not requested),true,596,2,0,46,region,,false,0,0,0,0,0,0,,Skipped (not requested),false,0,0,0,0,0,0,,"page.addScriptTag: Executing inline script violates the following Content Security Policy directive 'script-src 'self' www.google-analytics.com ssl.google-analytics.com stats.g.doubleclick.net www.googletagmanager.com www.region1.google-analytics.com region1.google-analytics.com www.google.co.uk analytics.google.com *.analytics.google.com www.google.com www.gstatic.com *.ytimg.com www.youtube.com www.youtube-nocookie.com 'nonce-LwyF+1PDwR8NvmFxMSEC9g==''. Either the 'unsafe-inline' keyword, a hash ('sha256-KqJA1m/a7A+KctYBKJR75bChscDI9FIV+NeO58+zJmA='), or a nonce ('nonce-...') is required to enable inline execution. The action has been blocked.",false,0,0,0,0,,Skipped (not requested),0,,"Enhanced accessibility for persons with disabilities living in urban areas: country report, South Africa. - GOV.UK"
58,GOV.UK,chromium,both,desktop,1280,800,https://gov.uk/find-gender-pay-gap-data,https://www.gov.uk/find-gender-pay-gap-data,200,true,true,26285,false,0,0,0,0,,Skipped (not requested),true,517,2,0,48,region,,false,0,0,0,0,0,0,,Skipped (not requested),false,0,0,0,0,0,0,,"page.addScriptTag: Executing inline script violates the following Content Security Policy directive 'script-src 'self' www.google-analytics.com ssl.google-analytics.com stats.g.doubleclick.net www.googletagmanager.com www.region1.google-analytics.com region1.google-analytics.com www.google.co.uk analytics.google.com *.analytics.google.com www.google.com www.gstatic.com *.ytimg.com www.youtube.com www.youtube-nocookie.com 'nonce-X6Tub+OlLcQYWvQBlfy9Jg==''. Either the 'unsafe-inline' keyword, a hash ('sha256-KqJA1m/a7A+KctYBKJR75bChscDI9FIV+NeO58+zJmA='), or a nonce ('nonce-...') is required to enable inline execution. The action has been blocked.",false,0,0,0,0,,Skipped (not requested),0,,Find and compare gender pay gap data - GOV.UK
58,GOV.UK,chromium,both,desktop,1280,800,https://gov.uk/find-registered-childminder,https://www.gov.uk/find-registered-childminder,200,true,true,26453,false,0,0,0,0,,Skipped (not requested),true,694,3,1,44,region,,false,0,0,0,0,0,0,,Skipped (not requested),false,0,0,0,0,0,0,,"page.addScriptTag: Executing inline script violates the following Content Security Policy directive 'script-src 'self' www.google-analytics.com ssl.google-analytics.com stats.g.doubleclick.net www.googletagmanager.com www.region1.google-analytics.com region1.google-analytics.com www.google.co.uk analytics.google.com *.analytics.google.com www.google.com www.gstatic.com *.ytimg.com www.youtube.com www.youtube-nocookie.com 'nonce-bPTLKyDM+z+aRkSZs+LmkA==''. Either the 'unsafe-inline' keyword, a hash ('sha256-KqJA1m/a7A+KctYBKJR75bChscDI9FIV+NeO58+zJmA='), or a nonce ('nonce-...') is required to enable inline execution. The action has been blocked.",false,0,0,0,0,,Skipped (not requested),0,,Find a registered childminder - GOV.UK
58,GOV.UK,chromium,both,desktop,1280,800,https://gov.uk/government/consultations/accessible-travel-policy-guidance-accessibility-of-rail-replacement-services,https://www.gov.uk/government/consultations/accessible-travel-policy-guidance-accessibility-of-rail-replacement-services,200,true,true,27378,false,0,0,0,0,,Skipped (not requested),true,651,2,1,46,region,,false,0,0,0,0,0,0,,Skipped (not requested),false,0,0,0,0,0,0,,"page.addScriptTag: Executing inline script violates the following Content Security Policy directive 'script-src 'self' www.google-analytics.com ssl.google-analytics.com stats.g.doubleclick.net www.googletagmanager.com www.region1.google-analytics.com region1.google-analytics.com www.google.co.uk analytics.google.com *.analytics.google.com www.google.com www.gstatic.com *.ytimg.com www.youtube.com www.youtube-nocookie.com 'nonce-q7xUeyWAkqWYDxWFISeNPw==''. Either the 'unsafe-inline' keyword, a hash ('sha256-KqJA1m/a7A+KctYBKJR75bChscDI9FIV+NeO58+zJmA='), or a nonce ('nonce-...') is required to enable inline execution. The action has been blocked.",false,0,0,0,0,,Skipped (not requested),0,,Accessible Travel Policy guidance: accessibility of rail replacement services - GOV.UK
58,GOV.UK,chromium,both,desktop,1280,800,https://gov.uk/government/news/global-accessibility-awareness-day-minister-calls-on-the-public-sector-to-ensure-digital-services-are-accessible,https://www.gov.uk/government/news/global-accessibility-awareness-day-minister-calls-on-the-public-sector-to-ensure-digital-services-are-accessible,200,true,true,26389,false,0,0,0,0,,Skipped (not requested),true,597,2,0,44,region,,false,0,0,0,0,0,0,,Skipped (not requested),false,0,0,0,0,0,0,,"page.addScriptTag: Executing inline script violates the following Content Security Policy directive 'script-src 'self' www.google-analytics.com ssl.google-analytics.com stats.g.doubleclick.net www.googletagmanager.com www.region1.google-analytics.com region1.google-analytics.com www.google.co.uk analytics.google.com *.analytics.google.com www.google.com www.gstatic.com *.ytimg.com www.youtube.com www.youtube-nocookie.com 'nonce-LoIvSw1UPNqF6UiITGoOVQ==''. Either the 'unsafe-inline' keyword, a hash ('sha256-KqJA1m/a7A+KctYBKJR75bChscDI9FIV+NeO58+zJmA='), or a nonce ('nonce-...') is required to enable inline execution. The action has been blocked.",false,0,0,0,0,,Skipped (not requested),0,,Global Accessibility Awareness Day: Minister calls on the public sector to ensure digital services are accessible - GOV.UK
58,GOV.UK,chromium,both,desktop,1280,800,https://gov.uk/government/news/minister-announces-accessibility-improvements-to-voter-registration-service,https://www.gov.uk/government/news/minister-announces-accessibility-improvements-to-voter-registration-service,200,true,true,27349,false,0,0,0,0,,Skipped (not requested),true,591,2,0,44,region,,false,0,0,0,0,0,0,,Skipped (not requested),false,0,0,0,0,0,0,,"page.addScriptTag: Executing inline script violates the following Content Security Policy directive 'script-src 'self' www.google-analytics.com ssl.google-analytics.com stats.g.doubleclick.net www.googletagmanager.com www.region1.google-analytics.com region1.google-analytics.com www.google.co.uk analytics.google.com *.analytics.google.com www.google.com www.gstatic.com *.ytimg.com www.youtube.com www.youtube-nocookie.com 'nonce-4sGRM6YH7KRE6ldimy3YVw==''. Either the 'unsafe-inline' keyword, a hash ('sha256-KqJA1m/a7A+KctYBKJR75bChscDI9FIV+NeO58+zJmA='), or a nonce ('nonce-...') is required to enable inline execution. The action has been blocked.",false,0,0,0,0,,Skipped (not requested),0,,Minister announces accessibility improvements to voter registration service - GOV.UK
58,GOV.UK,chromium,both,desktop,1280,800,https://gov.uk/government/news/new-funding-for-accessibility-as-government-reports-progress-for-disabled-people-across-transport-network,https://www.gov.uk/government/news/new-funding-for-accessibility-as-government-reports-progress-for-disabled-people-across-transport-network,200,true,true,27531,false,0,0,0,0,,Skipped (not requested),true,671,2,0,44,region,,false,0,0,0,0,0,0,,Skipped (not requested),false,0,0,0,0,0,0,,"page.addScriptTag: Executing inline script violates the following Content Security Policy directive 'script-src 'self' www.google-analytics.com ssl.google-analytics.com stats.g.doubleclick.net www.googletagmanager.com www.region1.google-analytics.com region1.google-analytics.com www.google.co.uk analytics.google.com *.analytics.google.com www.google.com www.gstatic.com *.ytimg.com www.youtube.com www.youtube-nocookie.com 'nonce-1ZwYBxaNptVED8A9E03ZLQ==''. Either the 'unsafe-inline' keyword, a hash ('sha256-KqJA1m/a7A+KctYBKJR75bChscDI9FIV+NeO58+zJmA='), or a nonce ('nonce-...') is required to enable inline execution. The action has been blocked.",false,0,0,0,0,,Skipped (not requested),0,,New funding for accessibility as government reports progress for disabled people across transport network - GOV.UK
58,GOV.UK,chromium,both,desktop,1280,800,https://gov.uk/higher-education-courses-find-and-apply,https://www.gov.uk/higher-education-courses-find-and-apply,200,true,true,25661,false,0,0,0,0,,Skipped (not requested),true,691,2,0,48,region,,false,0,0,0,0,0,0,,Skipped (not requested),false,0,0,0,0,0,0,,"page.addScriptTag: Executing inline script violates the following Content Security Policy directive 'script-src 'self' www.google-analytics.com ssl.google-analytics.com stats.g.doubleclick.net www.googletagmanager.com www.region1.google-analytics.com region1.google-analytics.com www.google.co.uk analytics.google.com *.analytics.google.com www.google.com www.gstatic.com *.ytimg.com www.youtube.com www.youtube-nocookie.com 'nonce-YNCyIdg6QhcNyXt7A7d1FA==''. Either the 'unsafe-inline' keyword, a hash ('sha256-KqJA1m/a7A+KctYBKJR75bChscDI9FIV+NeO58+zJmA='), or a nonce ('nonce-...') is required to enable inline execution. The action has been blocked.",false,0,0,0,0,,Skipped (not requested),0,,Higher education courses: find and apply - GOV.UK
58,GOV.UK,chromium,both,desktop,1280,800,https://gov.uk/service-manual/technology/accessibility-for-developers-an-introduction,https://www.gov.uk/service-manual/technology/accessibility-for-developers-an-introduction,200,true,true,26619,false,0,0,0,0,,Skipped (not requested),true,934,2,0,46,region,,false,0,0,0,0,0,0,,Skipped (not requested),false,0,0,0,0,0,0,,"page.addScriptTag: Executing inline script violates the following Content Security Policy directive 'script-src 'self' www.google-analytics.com ssl.google-analytics.com stats.g.doubleclick.net www.googletagmanager.com www.region1.google-analytics.com region1.google-analytics.com www.google.co.uk analytics.google.com *.analytics.google.com www.google.com www.gstatic.com *.ytimg.com www.youtube.com www.youtube-nocookie.com 'nonce-LuCtZZH9RrVdRHByNYLilg==''. Either the 'unsafe-inline' keyword, a hash ('sha256-KqJA1m/a7A+KctYBKJR75bChscDI9FIV+NeO58+zJmA='), or a nonce ('nonce-...') is required to enable inline execution. The action has been blocked.",false,0,0,0,0,,Skipped (not requested),0,,Making your frontend accessible - Service Manual - GOV.UK
58,GOV.UK,chromium,both,desktop,1280,800,https://gov.uk/aaib-reports/aaib-investigation-to-reims-cessna-f406-caravan-ii-g-find,https://www.gov.uk/aaib-reports/aaib-investigation-to-reims-cessna-f406-caravan-ii-g-find,200,true,true,27695,false,0,0,0,0,,Skipped (not requested),true,607,2,0,46,region,,false,0,0,0,0,0,0,,Skipped (not requested),false,0,0,0,0,0,0,,"page.addScriptTag: Executing inline script violates the following Content Security Policy directive 'script-src 'self' www.google-analytics.com ssl.google-analytics.com stats.g.doubleclick.net www.googletagmanager.com www.region1.google-analytics.com region1.google-analytics.com www.google.co.uk analytics.google.com *.analytics.google.com www.google.com www.gstatic.com *.ytimg.com www.youtube.com www.youtube-nocookie.com 'nonce-b/mPgClu09KpkdMlJewQqQ==''. Either the 'unsafe-inline' keyword, a hash ('sha256-KqJA1m/a7A+KctYBKJR75bChscDI9FIV+NeO58+zJmA='), or a nonce ('nonce-...') is required to enable inline execution. The action has been blocked.",false,0,0,0,0,,Skipped (not requested),0,,"AAIB investigation to Reims Cessna F406 Caravan II, G-FIND	 - GOV.UK"
58,GOV.UK,chromium,both,desktop,1280,800,https://gov.uk/aaib-reports/aaib-investigation-to-reims-cessna-f406-g-find,https://www.gov.uk/aaib-reports/aaib-investigation-to-reims-cessna-f406-g-find,200,true,true,26915,false,0,0,0,0,,Skipped (not requested),true,611,2,0,46,region,,false,0,0,0,0,0,0,,Skipped (not requested),false,0,0,0,0,0,0,,"page.addScriptTag: Executing inline script violates the following Content Security Policy directive 'script-src 'self' www.google-analytics.com ssl.google-analytics.com stats.g.doubleclick.net www.googletagmanager.com www.region1.google-analytics.com region1.google-analytics.com www.google.co.uk analytics.google.com *.analytics.google.com www.google.com www.gstatic.com *.ytimg.com www.youtube.com www.youtube-nocookie.com 'nonce-0W4UNS5lsoYuj/GvLOy52w==''. Either the 'unsafe-inline' keyword, a hash ('sha256-KqJA1m/a7A+KctYBKJR75bChscDI9FIV+NeO58+zJmA='), or a nonce ('nonce-...') is required to enable inline execution. The action has been blocked.",false,0,0,0,0,,Skipped (not requested),0,,"AAIB investigation to Reims Cessna F406, G-FIND	 - GOV.UK"
58,GOV.UK,chromium,both,desktop,1280,800,https://gov.uk/aaib-reports/huntair-pathfinder-g-mjjt-4-june-1983,https://www.gov.uk/aaib-reports/huntair-pathfinder-g-mjjt-4-june-1983,200,true,true,26030,false,0,0,0,0,,Skipped (not requested),true,590,2,0,46,region,,false,0,0,0,0,0,0,,Skipped (not requested),false,0,0,0,0,0,0,,"page.addScriptTag: Executing inline script violates the following Content Security Policy directive 'script-src 'self' www.google-analytics.com ssl.google-analytics.com stats.g.doubleclick.net www.googletagmanager.com www.region1.google-analytics.com region1.google-analytics.com www.google.co.uk analytics.google.com *.analytics.google.com www.google.com www.gstatic.com *.ytimg.com www.youtube.com www.youtube-nocookie.com 'nonce-1sGOX0OIv/7aFap2KA92EQ==''. Either the 'unsafe-inline' keyword, a hash ('sha256-KqJA1m/a7A+KctYBKJR75bChscDI9FIV+NeO58+zJmA='), or a nonce ('nonce-...') is required to enable inline execution. The action has been blocked.",false,0,0,0,0,,Skipped (not requested),0,,"Huntair-Pathfinder, G-MJJT, 4 June 1983 - GOV.UK"
58,GOV.UK,chromium,both,desktop,1280,800,https://gov.uk/aaib-reports/pathfinder-mk-1-g-mjjr-21-april-1990,https://www.gov.uk/aaib-reports/pathfinder-mk-1-g-mjjr-21-april-1990,200,true,true,26884,false,0,0,0,0,,Skipped (not requested),true,590,2,0,46,region,,false,0,0,0,0,0,0,,Skipped (not requested),false,0,0,0,0,0,0,,"page.addScriptTag: Executing inline script violates the following Content Security Policy directive 'script-src 'self' www.google-analytics.com ssl.google-analytics.com stats.g.doubleclick.net www.googletagmanager.com www.region1.google-analytics.com region1.google-analytics.com www.google.co.uk analytics.google.com *.analytics.google.com www.google.com www.gstatic.com *.ytimg.com www.youtube.com www.youtube-nocookie.com 'nonce-1Qs0mvjvKWA9APvJciofQw==''. Either the 'unsafe-inline' keyword, a hash ('sha256-KqJA1m/a7A+KctYBKJR75bChscDI9FIV+NeO58+zJmA='), or a nonce ('nonce-...') is required to enable inline execution. The action has been blocked.",false,0,0,0,0,,Skipped (not requested),0,,"Pathfinder Mk 1, G-MJJR, 21 April 1990 - GOV.UK"
58,GOV.UK,chromium,both,desktop,1280,800,https://gov.uk/aaib-reports/piper-pa-28-235-cherokee-pathfinder-g-bamm-19-june-1994,https://www.gov.uk/aaib-reports/piper-pa-28-235-cherokee-pathfinder-g-bamm-19-june-1994,200,true,true,26908,false,0,0,0,0,,Skipped (not requested),true,590,2,0,46,region,,false,0,0,0,0,0,0,,Skipped (not requested),false,0,0,0,0,0,0,,"page.addScriptTag: Executing inline script violates the following Content Security Policy directive 'script-src 'self' www.google-analytics.com ssl.google-analytics.com stats.g.doubleclick.net www.googletagmanager.com www.region1.google-analytics.com region1.google-analytics.com www.google.co.uk analytics.google.com *.analytics.google.com www.google.com www.gstatic.com *.ytimg.com www.youtube.com www.youtube-nocookie.com 'nonce-iIJIvBGTjXhDlB04ZGyAcA==''. Either the 'unsafe-inline' keyword, a hash ('sha256-KqJA1m/a7A+KctYBKJR75bChscDI9FIV+NeO58+zJmA='), or a nonce ('nonce-...') is required to enable inline execution. The action has been blocked.",false,0,0,0,0,,Skipped (not requested),0,,"Piper PA-28-235 Cherokee Pathfinder, G-BAMM, 19 June 1994 - GOV.UK"
58,GOV.UK,chromium,both,desktop,1280,800,https://gov.uk/aaib-reports/reims-cessna-f406-caravan-ii-g-find-6-september-2007,https://www.gov.uk/aaib-reports/reims-cessna-f406-caravan-ii-g-find-6-september-2007,200,true,true,27115,false,0,0,0,0,,Skipped (not requested),true,602,2,0,46,region,,false,0,0,0,0,0,0,,Skipped (not requested),false,0,0,0,0,0,0,,"page.addScriptTag: Executing inline script violates the following Content Security Policy directive 'script-src 'self' www.google-analytics.com ssl.google-analytics.com stats.g.doubleclick.net www.googletagmanager.com www.region1.google-analytics.com region1.google-analytics.com www.google.co.uk analytics.google.com *.analytics.google.com www.google.com www.gstatic.com *.ytimg.com www.youtube.com www.youtube-nocookie.com 'nonce-7H6Bgh1y7tkKTixjmn1G7A==''. Either the 'unsafe-inline' keyword, a hash ('sha256-KqJA1m/a7A+KctYBKJR75bChscDI9FIV+NeO58+zJmA='), or a nonce ('nonce-...') is required to enable inline execution. The action has been blocked.",false,0,0,0,0,,Skipped (not requested),0,,"Reims Cessna F406 Caravan II, G-FIND, 6 September 2007 - GOV.UK"
58,GOV.UK,chromium,both,desktop,1280,800,https://gov.uk/employment-tribunal-decisions/mr-e-findlay-v-morrisons-utility-services-2600035-2017,https://www.gov.uk/employment-tribunal-decisions/mr-e-findlay-v-morrisons-utility-services-2600035-2017,200,true,true,26797,false,0,0,0,0,,Skipped (not requested),true,541,2,0,46,region,,false,0,0,0,0,0,0,,Skipped (not requested),false,0,0,0,0,0,0,,"page.addScriptTag: Executing inline script violates the following Content Security Policy directive 'script-src 'self' www.google-analytics.com ssl.google-analytics.com stats.g.doubleclick.net www.googletagmanager.com www.region1.google-analytics.com region1.google-analytics.com www.google.co.uk analytics.google.com *.analytics.google.com www.google.com www.gstatic.com *.ytimg.com www.youtube.com www.youtube-nocookie.com 'nonce-Cf08f+u2VnEcrSy9E6zzxg==''. Either the 'unsafe-inline' keyword, a hash ('sha256-KqJA1m/a7A+KctYBKJR75bChscDI9FIV+NeO58+zJmA='), or a nonce ('nonce-...') is required to enable inline execution. The action has been blocked.",false,0,0,0,0,,Skipped (not requested),0,,Mr E Findlay v Morrisons Utility Services: 2600035/2017 - GOV.UK
58,GOV.UK,chromium,both,desktop,1280,800,https://gov.uk/find-digital-market-research/adtech-market-research-report-2019-ico-ofcom,https://www.gov.uk/find-digital-market-research/adtech-market-research-report-2019-ico-ofcom,200,true,true,27655,false,0,0,0,0,,Skipped (not requested),true,627,2,0,46,region,,false,0,0,0,0,0,0,,Skipped (not requested),false,0,0,0,0,0,0,,"page.addScriptTag: Executing inline script violates the following Content Security Policy directive 'script-src 'self' www.google-analytics.com ssl.google-analytics.com stats.g.doubleclick.net www.googletagmanager.com www.region1.google-analytics.com region1.google-analytics.com www.google.co.uk analytics.google.com *.analytics.google.com www.google.com www.gstatic.com *.ytimg.com www.youtube.com www.youtube-nocookie.com 'nonce-Evf0T9AcfW2aEp0g9an3vg==''. Either the 'unsafe-inline' keyword, a hash ('sha256-KqJA1m/a7A+KctYBKJR75bChscDI9FIV+NeO58+zJmA='), or a nonce ('nonce-...') is required to enable inline execution. The action has been blocked.",false,0,0,0,0,,Skipped (not requested),0,,"Adtech Market Research Report 2019 (ICO, Ofcom)  - GOV.UK"
58,GOV.UK,chromium,both,desktop,1280,800,https://gov.uk/find-digital-market-research/communications-market-report-2019-ofcom,https://www.gov.uk/find-digital-market-research/communications-market-report-2019-ofcom,200,true,true,27477,false,0,0,0,0,,Skipped (not requested),true,610,2,0,46,region,,false,0,0,0,0,0,0,,Skipped (not requested),false,0,0,0,0,0,0,,"page.addScriptTag: Executing inline script violates the following Content Security Policy directive 'script-src 'self' www.google-analytics.com ssl.google-analytics.com stats.g.doubleclick.net www.googletagmanager.com www.region1.google-analytics.com region1.google-analytics.com www.google.co.uk analytics.google.com *.analytics.google.com www.google.com www.gstatic.com *.ytimg.com www.youtube.com www.youtube-nocookie.com 'nonce-t5wCbhJ7xhYmSipf0aPTyQ==''. Either the 'unsafe-inline' keyword, a hash ('sha256-KqJA1m/a7A+KctYBKJR75bChscDI9FIV+NeO58+zJmA='), or a nonce ('nonce-...') is required to enable inline execution. The action has been blocked.",false,0,0,0,0,,Skipped (not requested),0,,Communications Market Report 2019 (OFCOM)  - GOV.UK
58,GOV.UK,chromium,both,desktop,1280,800,https://gov.uk/find-digital-market-research/communications-market-report-2020-ofcom,https://www.gov.uk/find-digital-market-research/communications-market-report-2020-ofcom,200,true,true,27658,false,0,0,0,0,,Skipped (not requested),true,608,2,0,46,region,,false,0,0,0,0,0,0,,Skipped (not requested),false,0,0,0,0,0,0,,"page.addScriptTag: Executing inline script violates the following Content Security Policy directive 'script-src 'self' www.google-analytics.com ssl.google-analytics.com stats.g.doubleclick.net www.googletagmanager.com www.region1.google-analytics.com region1.google-analytics.com www.google.co.uk analytics.google.com *.analytics.google.com www.google.com www.gstatic.com *.ytimg.com www.youtube.com www.youtube-nocookie.com 'nonce-p9Cf4FZCH75kHH+5z1ApmQ==''. Either the 'unsafe-inline' keyword, a hash ('sha256-KqJA1m/a7A+KctYBKJR75bChscDI9FIV+NeO58+zJmA='), or a nonce ('nonce-...') is required to enable inline execution. The action has been blocked.",false,0,0,0,0,,Skipped (not requested),0,,Communications Market Report 2020 (OFCOM)  - GOV.UK
58,GOV.UK,chromium,both,desktop,1280,800,https://gov.uk/find-digital-market-research/connected-nations-uk-report-2020-ofcom,https://www.gov.uk/find-digital-market-research/connected-nations-uk-report-2020-ofcom,200,true,true,27440,false,0,0,0,0,,Skipped (not requested),true,610,2,0,46,region,,false,0,0,0,0,0,0,,Skipped (not requested),false,0,0,0,0,0,0,,"page.addScriptTag: Executing inline script violates the following Content Security Policy directive 'script-src 'self' www.google-analytics.com ssl.google-analytics.com stats.g.doubleclick.net www.googletagmanager.com www.region1.google-analytics.com region1.google-analytics.com www.google.co.uk analytics.google.com *.analytics.google.com www.google.com www.gstatic.com *.ytimg.com www.youtube.com www.youtube-nocookie.com 'nonce-xOybK/xg/7OBKszjJN0dcw==''. Either the 'unsafe-inline' keyword, a hash ('sha256-KqJA1m/a7A+KctYBKJR75bChscDI9FIV+NeO58+zJmA='), or a nonce ('nonce-...') is required to enable inline execution. The action has been blocked.",false,0,0,0,0,,Skipped (not requested),0,,Connected Nations: UK Report 2020 (OFCOM)  - GOV.UK
58,GOV.UK,chromium,both,desktop,1280,800,https://gov.uk/find-digital-market-research/consumer-views-on-cashless-payments-in-land-based-gambling-2021-gambling-commission,https://www.gov.uk/find-digital-market-research/consumer-views-on-cashless-payments-in-land-based-gambling-2021-gambling-commission,200,true,true,26969,false,0,0,0,0,,Skipped (not requested),true,602,2,0,46,region,,false,0,0,0,0,0,0,,Skipped (not requested),false,0,0,0,0,0,0,,"page.addScriptTag: Executing inline script violates the following Content Security Policy directive 'script-src 'self' www.google-analytics.com ssl.google-analytics.com stats.g.doubleclick.net www.googletagmanager.com www.region1.google-analytics.com region1.google-analytics.com www.google.co.uk analytics.google.com *.analytics.google.com www.google.com www.gstatic.com *.ytimg.com www.youtube.com www.youtube-nocookie.com 'nonce-TEM1hTTvLdaQhcSoBMjcuw==''. Either the 'unsafe-inline' keyword, a hash ('sha256-KqJA1m/a7A+KctYBKJR75bChscDI9FIV+NeO58+zJmA='), or a nonce ('nonce-...') is required to enable inline execution. The action has been blocked.",false,0,0,0,0,,Skipped (not requested),0,,Consumer views on cashless payments in land-based gambling 2021 (Gambling Commission)  - GOV.UK
58,GOV.UK,chromium,both,desktop,1280,800,https://gov.uk/find-digital-market-research/influencer-report-the-impact-of-complicit-social-media-influencers-on-the-consumption-of-counterfeit-goods-in-the-uk-2021-ipo,https://www.gov.uk/find-digital-market-research/influencer-report-the-impact-of-complicit-social-media-influencers-on-the-consumption-of-counterfeit-goods-in-the-uk-2021-ipo,200,true,true,27661,false,0,0,0,0,,Skipped (not requested),true,601,2,0,46,region,,false,0,0,0,0,0,0,,Skipped (not requested),false,0,0,0,0,0,0,,"page.addScriptTag: Executing inline script violates the following Content Security Policy directive 'script-src 'self' www.google-analytics.com ssl.google-analytics.com stats.g.doubleclick.net www.googletagmanager.com www.region1.google-analytics.com region1.google-analytics.com www.google.co.uk analytics.google.com *.analytics.google.com www.google.com www.gstatic.com *.ytimg.com www.youtube.com www.youtube-nocookie.com 'nonce-KH3PVveObAxqJW2ugit2hg==''. Either the 'unsafe-inline' keyword, a hash ('sha256-KqJA1m/a7A+KctYBKJR75bChscDI9FIV+NeO58+zJmA='), or a nonce ('nonce-...') is required to enable inline execution. The action has been blocked.",false,0,0,0,0,,Skipped (not requested),0,,Influencer Report: The impact of complicit social media influencers on the consumption of counterfeit goods in the UK 2021 (IPO)  - GOV.UK
58,GOV.UK,chromium,both,desktop,1280,800,https://gov.uk/find-digital-market-research/mobile-ecosystems-market-study-appendix-k-consumer-experiences-of-app-purchases-and-auto-renewing-subscriptions-to-apps-sold-through-app-stores-2022-cma,https://www.gov.uk/find-digital-market-research/mobile-ecosystems-market-study-appendix-k-consumer-experiences-of-app-purchases-and-auto-renewing-subscriptions-to-apps-sold-through-app-stores-2022-cma,200,true,true,27732,false,0,0,0,0,,Skipped (not requested),true,615,2,0,46,region,,false,0,0,0,0,0,0,,Skipped (not requested),false,0,0,0,0,0,0,,"page.addScriptTag: Executing inline script violates the following Content Security Policy directive 'script-src 'self' www.google-analytics.com ssl.google-analytics.com stats.g.doubleclick.net www.googletagmanager.com www.region1.google-analytics.com region1.google-analytics.com www.google.co.uk analytics.google.com *.analytics.google.com www.google.com www.gstatic.com *.ytimg.com www.youtube.com www.youtube-nocookie.com 'nonce-HkswjtJXdctGlGuqUPP6Ag==''. Either the 'unsafe-inline' keyword, a hash ('sha256-KqJA1m/a7A+KctYBKJR75bChscDI9FIV+NeO58+zJmA='), or a nonce ('nonce-...') is required to enable inline execution. The action has been blocked.",false,0,0,0,0,,Skipped (not requested),0,,Mobile Ecosystems Market Study: Appendix K - consumer experiences of app purchases and auto-renewing subscriptions to apps sold through app stores 2022 (CMA) - GOV.UK
58,GOV.UK,chromium,both,desktop,1280,800,https://gov.uk/find-digital-market-research/mobile-ecosystems-market-study-interim-report-appendix-f-understanding-the-role-of-browser-engines-2021-cma,https://www.gov.uk/find-digital-market-research/mobile-ecosystems-market-study-interim-report-appendix-f-understanding-the-role-of-browser-engines-2021-cma,200,true,true,27405,false,0,0,0,0,,Skipped (not requested),true,606,2,0,46,region,,false,0,0,0,0,0,0,,Skipped (not requested),false,0,0,0,0,0,0,,"page.addScriptTag: Executing inline script violates the following Content Security Policy directive 'script-src 'self' www.google-analytics.com ssl.google-analytics.com stats.g.doubleclick.net www.googletagmanager.com www.region1.google-analytics.com region1.google-analytics.com www.google.co.uk analytics.google.com *.analytics.google.com www.google.com www.gstatic.com *.ytimg.com www.youtube.com www.youtube-nocookie.com 'nonce-+xYEvhwilqDd6JSz7RbFHw==''. Either the 'unsafe-inline' keyword, a hash ('sha256-KqJA1m/a7A+KctYBKJR75bChscDI9FIV+NeO58+zJmA='), or a nonce ('nonce-...') is required to enable inline execution. The action has been blocked.",false,0,0,0,0,,Skipped (not requested),0,,"Mobile Ecosystems Market Study interim report, Appendix F: understanding the role of browser engines 2021 (CMA) - GOV.UK"
58,GOV.UK,chromium,both,desktop,1280,800,https://gov.uk/find-digital-market-research/mobile-ecosystems-market-study-interim-report-appendix-g-pre-installation-default-settings-and-choice-architecture-for-mobile-browsers-2021-cma,https://www.gov.uk/find-digital-market-research/mobile-ecosystems-market-study-interim-report-appendix-g-pre-installation-default-settings-and-choice-architecture-for-mobile-browsers-2021-cma,200,true,true,27431,false,0,0,0,0,,Skipped (not requested),true,615,2,0,46,region,,false,0,0,0,0,0,0,,Skipped (not requested),false,0,0,0,0,0,0,,"page.addScriptTag: Executing inline script violates the following Content Security Policy directive 'script-src 'self' www.google-analytics.com ssl.google-analytics.com stats.g.doubleclick.net www.googletagmanager.com www.region1.google-analytics.com region1.google-analytics.com www.google.co.uk analytics.google.com *.analytics.google.com www.google.com www.gstatic.com *.ytimg.com www.youtube.com www.youtube-nocookie.com 'nonce-6lGX4pSkUKYNTmGi6app/Q==''. Either the 'unsafe-inline' keyword, a hash ('sha256-KqJA1m/a7A+KctYBKJR75bChscDI9FIV+NeO58+zJmA='), or a nonce ('nonce-...') is required to enable inline execution. The action has been blocked.",false,0,0,0,0,,Skipped (not requested),0,,"Mobile Ecosystems market study interim report, Appendix G: pre-installation, default settings and choice architecture for mobile browsers 2021 (CMA) - GOV.UK"
58,GOV.UK,chromium,both,desktop,1280,800,https://gov.uk/find-digital-market-research/object-based-media-report-2021-ofcom,https://www.gov.uk/find-digital-market-research/object-based-media-report-2021-ofcom,200,true,true,26842,false,0,0,0,0,,Skipped (not requested),true,586,2,0,46,region,,false,0,0,0,0,0,0,,Skipped (not requested),false,0,0,0,0,0,0,,"page.addScriptTag: Executing inline script violates the following Content Security Policy directive 'script-src 'self' www.google-analytics.com ssl.google-analytics.com stats.g.doubleclick.net www.googletagmanager.com www.region1.google-analytics.com region1.google-analytics.com www.google.co.uk analytics.google.com *.analytics.google.com www.google.com www.gstatic.com *.ytimg.com www.youtube.com www.youtube-nocookie.com 'nonce-o4TOYCpMCepfNQoCI5uZ7g==''. Either the 'unsafe-inline' keyword, a hash ('sha256-KqJA1m/a7A+KctYBKJR75bChscDI9FIV+NeO58+zJmA='), or a nonce ('nonce-...') is required to enable inline execution. The action has been blocked.",false,0,0,0,0,,Skipped (not requested),0,,Object-based media report 2021 (OFCOM) - GOV.UK
58,GOV.UK,chromium,both,desktop,1280,800,https://gov.uk/find-digital-market-research/online-market-failures-and-harms-an-economic-perspective-on-the-challenges-and-opportunities-in-regulating-online-services-2019-ofcom,https://www.gov.uk/find-digital-market-research/online-market-failures-and-harms-an-economic-perspective-on-the-challenges-and-opportunities-in-regulating-online-services-2019-ofcom,200,true,true,27429,false,0,0,0,0,,Skipped (not requested),true,628,2,0,46,region,,false,0,0,0,0,0,0,,Skipped (not requested),false,0,0,0,0,0,0,,"page.addScriptTag: Executing inline script violates the following Content Security Policy directive 'script-src 'self' www.google-analytics.com ssl.google-analytics.com stats.g.doubleclick.net www.googletagmanager.com www.region1.google-analytics.com region1.google-analytics.com www.google.co.uk analytics.google.com *.analytics.google.com www.google.com www.gstatic.com *.ytimg.com www.youtube.com www.youtube-nocookie.com 'nonce-0dOjcGtLQPKZseKWZUumWw==''. Either the 'unsafe-inline' keyword, a hash ('sha256-KqJA1m/a7A+KctYBKJR75bChscDI9FIV+NeO58+zJmA='), or a nonce ('nonce-...') is required to enable inline execution. The action has been blocked.",false,0,0,0,0,,Skipped (not requested),0,,Online market failures and harms: An economic perspective on the challenges and opportunities in regulating online services 2019 (OFCOM) - GOV.UK
58,GOV.UK,chromium,both,desktop,1280,800,https://gov.uk/find-digital-market-research/online-nation-report-2020-ofcom,https://www.gov.uk/find-digital-market-research/online-nation-report-2020-ofcom,200,true,true,27456,false,0,0,0,0,,Skipped (not requested),true,625,2,0,46,region,,false,0,0,0,0,0,0,,Skipped (not requested),false,0,0,0,0,0,0,,"page.addScriptTag: Executing inline script violates the following Content Security Policy directive 'script-src 'self' www.google-analytics.com ssl.google-analytics.com stats.g.doubleclick.net www.googletagmanager.com www.region1.google-analytics.com region1.google-analytics.com www.google.co.uk analytics.google.com *.analytics.google.com www.google.com www.gstatic.com *.ytimg.com www.youtube.com www.youtube-nocookie.com 'nonce-HTbbq2qEl4wQOSnme5vJdQ==''. Either the 'unsafe-inline' keyword, a hash ('sha256-KqJA1m/a7A+KctYBKJR75bChscDI9FIV+NeO58+zJmA='), or a nonce ('nonce-...') is required to enable inline execution. The action has been blocked.",false,0,0,0,0,,Skipped (not requested),0,,Online Nation Report 2020 (OFCOM) - GOV.UK
58,GOV.UK,chromium,both,desktop,1280,800,https://gov.uk/find-digital-market-research/protecting-children-online-2020-2021-report-2021-asa,https://www.gov.uk/find-digital-market-research/protecting-children-online-2020-2021-report-2021-asa,200,true,true,28240,false,0,0,0,0,,Skipped (not requested),true,597,2,0,46,region,,false,0,0,0,0,0,0,,Skipped (not requested),false,0,0,0,0,0,0,,"page.addScriptTag: Executing inline script violates the following Content Security Policy directive 'script-src 'self' www.google-analytics.com ssl.google-analytics.com stats.g.doubleclick.net www.googletagmanager.com www.region1.google-analytics.com region1.google-analytics.com www.google.co.uk analytics.google.com *.analytics.google.com www.google.com www.gstatic.com *.ytimg.com www.youtube.com www.youtube-nocookie.com 'nonce-szhoVW2yKZ6xysJw8sXbqg==''. Either the 'unsafe-inline' keyword, a hash ('sha256-KqJA1m/a7A+KctYBKJR75bChscDI9FIV+NeO58+zJmA='), or a nonce ('nonce-...') is required to enable inline execution. The action has been blocked.",false,0,0,0,0,,Skipped (not requested),0,,Protecting children online: 2020-2021 report 2021 (ASA) - GOV.UK
58,GOV.UK,chromium,both,desktop,1280,800,https://gov.uk/find-digital-market-research/the-state-of-uk-competition-report-2022-cma,https://www.gov.uk/find-digital-market-research/the-state-of-uk-competition-report-2022-cma,200,true,true,27519,false,0,0,0,0,,Skipped (not requested),true,647,2,0,46,region,,false,0,0,0,0,0,0,,Skipped (not requested),false,0,0,0,0,0,0,,"page.addScriptTag: Executing inline script violates the following Content Security Policy directive 'script-src 'self' www.google-analytics.com ssl.google-analytics.com stats.g.doubleclick.net www.googletagmanager.com www.region1.google-analytics.com region1.google-analytics.com www.google.co.uk analytics.google.com *.analytics.google.com www.google.com www.gstatic.com *.ytimg.com www.youtube.com www.youtube-nocookie.com 'nonce-rt7aWj6TNXZiQV6Ls8l1iQ==''. Either the 'unsafe-inline' keyword, a hash ('sha256-KqJA1m/a7A+KctYBKJR75bChscDI9FIV+NeO58+zJmA='), or a nonce ('nonce-...') is required to enable inline execution. The action has been blocked.",false,0,0,0,0,,Skipped (not requested),0,,The State of UK Competition Report 2022 (CMA) - GOV.UK
58,GOV.UK,chromium,both,desktop,1280,800,https://gov.uk/find-digital-market-research/the-state-of-uk-competition-report-november-2020-cma,https://www.gov.uk/find-digital-market-research/the-state-of-uk-competition-report-november-2020-cma,200,true,true,27894,false,0,0,0,0,,Skipped (not requested),true,588,2,0,46,region,,false,0,0,0,0,0,0,,Skipped (not requested),false,0,0,0,0,0,0,,"page.addScriptTag: Executing inline script violates the following Content Security Policy directive 'script-src 'self' www.google-analytics.com ssl.google-analytics.com stats.g.doubleclick.net www.googletagmanager.com www.region1.google-analytics.com region1.google-analytics.com www.google.co.uk analytics.google.com *.analytics.google.com www.google.com www.gstatic.com *.ytimg.com www.youtube.com www.youtube-nocookie.com 'nonce-D/AxdlBfSTd3lPtIaT/9jQ==''. Either the 'unsafe-inline' keyword, a hash ('sha256-KqJA1m/a7A+KctYBKJR75bChscDI9FIV+NeO58+zJmA='), or a nonce ('nonce-...') is required to enable inline execution. The action has been blocked.",false,0,0,0,0,,Skipped (not requested),0,,The State of UK Competition Report November 2020 (CMA)  - GOV.UK
58,GOV.UK,chromium,both,desktop,1280,800,https://gov.uk/find-digital-market-research/the-use-of-data-by-online-services-2019-ofcom,https://www.gov.uk/find-digital-market-research/the-use-of-data-by-online-services-2019-ofcom,200,true,true,27623,false,0,0,0,0,,Skipped (not requested),true,627,2,0,46,region,,false,0,0,0,0,0,0,,Skipped (not requested),false,0,0,0,0,0,0,,"page.addScriptTag: Executing inline script violates the following Content Security Policy directive 'script-src 'self' www.google-analytics.com ssl.google-analytics.com stats.g.doubleclick.net www.googletagmanager.com www.region1.google-analytics.com region1.google-analytics.com www.google.co.uk analytics.google.com *.analytics.google.com www.google.com www.gstatic.com *.ytimg.com www.youtube.com www.youtube-nocookie.com 'nonce-lT/L6XkCz+vk8IasSoVpMA==''. Either the 'unsafe-inline' keyword, a hash ('sha256-KqJA1m/a7A+KctYBKJR75bChscDI9FIV+NeO58+zJmA='), or a nonce ('nonce-...') is required to enable inline execution. The action has been blocked.",false,0,0,0,0,,Skipped (not requested),0,,The use of data by online services 2019 (OFCOM) - GOV.UK
58,GOV.UK,chromium,both,desktop,1280,800,https://gov.uk/find-digital-market-research/transparency-in-the-regulation-of-online-safety-research-report-for-ofcom-2021-ofcom,https://www.gov.uk/find-digital-market-research/transparency-in-the-regulation-of-online-safety-research-report-for-ofcom-2021-ofcom,200,true,true,27603,false,0,0,0,0,,Skipped (not requested),true,620,2,0,46,region,,false,0,0,0,0,0,0,,Skipped (not requested),false,0,0,0,0,0,0,,"page.addScriptTag: Executing inline script violates the following Content Security Policy directive 'script-src 'self' www.google-analytics.com ssl.google-analytics.com stats.g.doubleclick.net www.googletagmanager.com www.region1.google-analytics.com region1.google-analytics.com www.google.co.uk analytics.google.com *.analytics.google.com www.google.com www.gstatic.com *.ytimg.com www.youtube.com www.youtube-nocookie.com 'nonce-BgQthfEKOIknV7WUz3Srlg==''. Either the 'unsafe-inline' keyword, a hash ('sha256-KqJA1m/a7A+KctYBKJR75bChscDI9FIV+NeO58+zJmA='), or a nonce ('nonce-...') is required to enable inline execution. The action has been blocked.",false,0,0,0,0,,Skipped (not requested),0,,Transparency in the Regulation of Online Safety: Research Report for Ofcom 2021 (OFCOM) - GOV.UK
58,GOV.UK,chromium,both,desktop,1280,800,https://gov.uk/find-funding-for-land-or-farms/cnum1-assess-nutrient-management-and-produce-a-review-report,https://www.gov.uk/find-funding-for-land-or-farms/cnum1-assess-nutrient-management-and-produce-a-review-report,410,false,true,27546,false,0,0,0,0,,Skipped (not requested),true,428,2,0,48,region,,false,0,0,0,0,0,0,,Skipped (not requested),true,92,2,2,0,0,0,labels-and-names/label-content-mismatch;landmarks/region,,false,0,0,0,0,,Skipped (not requested),0,,The page you’re looking for is no longer here - GOV.UK
58,GOV.UK,chromium,both,desktop,1280,800,https://gov.uk/find-hmrc-contacts/alcohol-duties-payments,https://www.gov.uk/find-hmrc-contacts/alcohol-duties-payments,200,true,true,28281,false,0,0,0,0,,Skipped (not requested),true,609,2,0,46,region,,false,0,0,0,0,0,0,,Skipped (not requested),false,0,0,0,0,0,0,,"page.addScriptTag: Executing inline script violates the following Content Security Policy directive 'script-src 'self' www.google-analytics.com ssl.google-analytics.com stats.g.doubleclick.net www.googletagmanager.com www.region1.google-analytics.com region1.google-analytics.com www.google.co.uk analytics.google.com *.analytics.google.com www.google.com www.gstatic.com *.ytimg.com www.youtube.com www.youtube-nocookie.com 'nonce-ZefvwZVOBjUNZGeJWBbeHQ==''. Either the 'unsafe-inline' keyword, a hash ('sha256-KqJA1m/a7A+KctYBKJR75bChscDI9FIV+NeO58+zJmA='), or a nonce ('nonce-...') is required to enable inline execution. The action has been blocked.",false,0,0,0,0,,Skipped (not requested),0,,Alcohol duties: payment enquiries - GOV.UK
58,GOV.UK,chromium,both,desktop,1280,800,https://gov.uk/find-hmrc-contacts/childcare-service-helpline,https://www.gov.uk/find-hmrc-contacts/childcare-service-helpline,200,true,true,28277,false,0,0,0,0,,Skipped (not requested),true,587,2,0,46,region,,false,0,0,0,0,0,0,,Skipped (not requested),false,0,0,0,0,0,0,,"page.addScriptTag: Executing inline script violates the following Content Security Policy directive 'script-src 'self' www.google-analytics.com ssl.google-analytics.com stats.g.doubleclick.net www.googletagmanager.com www.region1.google-analytics.com region1.google-analytics.com www.google.co.uk analytics.google.com *.analytics.google.com www.google.com www.gstatic.com *.ytimg.com www.youtube.com www.youtube-nocookie.com 'nonce-2BUYhxI2H9WcE07WftvanA==''. Either the 'unsafe-inline' keyword, a hash ('sha256-KqJA1m/a7A+KctYBKJR75bChscDI9FIV+NeO58+zJmA='), or a nonce ('nonce-...') is required to enable inline execution. The action has been blocked.",false,0,0,0,0,,Skipped (not requested),0,,Childcare Service helpline - GOV.UK
58,GOV.UK,chromium,both,desktop,1280,800,https://gov.uk/find-hmrc-contacts/complain-about-hmrc-online-services,https://www.gov.uk/complain-about-hmrc,200,true,true,26507,false,0,0,0,0,,Skipped (not requested),true,872,2,0,48,region,,false,0,0,0,0,0,0,,Skipped (not requested),false,0,0,0,0,0,0,,"page.addScriptTag: Executing inline script violates the following Content Security Policy directive 'script-src 'self' www.google-analytics.com ssl.google-analytics.com stats.g.doubleclick.net www.googletagmanager.com www.region1.google-analytics.com region1.google-analytics.com www.google.co.uk analytics.google.com *.analytics.google.com www.google.com www.gstatic.com *.ytimg.com www.youtube.com www.youtube-nocookie.com 'nonce-cImy+cQP5V9UDkBjLemhbA==''. Either the 'unsafe-inline' keyword, a hash ('sha256-KqJA1m/a7A+KctYBKJR75bChscDI9FIV+NeO58+zJmA='), or a nonce ('nonce-...') is required to enable inline execution. The action has been blocked.",false,0,0,0,0,,Skipped (not requested),0,,Complain about HMRC - GOV.UK
58,GOV.UK,chromium,both,desktop,1280,800,https://gov.uk/find-hmrc-contacts/construction-industry-scheme-payments,https://www.gov.uk/find-hmrc-contacts/construction-industry-scheme-payments,200,true,true,26931,false,0,0,0,0,,Skipped (not requested),true,612,2,0,46,region,,false,0,0,0,0,0,0,,Skipped (not requested),false,0,0,0,0,0,0,,"page.addScriptTag: Executing inline script violates the following Content Security Policy directive 'script-src 'self' www.google-analytics.com ssl.google-analytics.com stats.g.doubleclick.net www.googletagmanager.com www.region1.google-analytics.com region1.google-analytics.com www.google.co.uk analytics.google.com *.analytics.google.com www.google.com www.gstatic.com *.ytimg.com www.youtube.com www.youtube-nocookie.com 'nonce-WutpMwTvB2tga0HB98EL3Q==''. Either the 'unsafe-inline' keyword, a hash ('sha256-KqJA1m/a7A+KctYBKJR75bChscDI9FIV+NeO58+zJmA='), or a nonce ('nonce-...') is required to enable inline execution. The action has been blocked.",false,0,0,0,0,,Skipped (not requested),0,,Construction Industry Scheme: payment enquiries - GOV.UK
58,GOV.UK,chromium,both,desktop,1280,800,https://gov.uk/find-hmrc-contacts/deferred-national-insurance-contributions-payments,https://www.gov.uk/find-hmrc-contacts/deferred-national-insurance-contributions-payments,200,true,true,27878,false,0,0,0,0,,Skipped (not requested),true,579,2,0,46,region,,false,0,0,0,0,0,0,,Skipped (not requested),false,0,0,0,0,0,0,,"page.addScriptTag: Executing inline script violates the following Content Security Policy directive 'script-src 'self' www.google-analytics.com ssl.google-analytics.com stats.g.doubleclick.net www.googletagmanager.com www.region1.google-analytics.com region1.google-analytics.com www.google.co.uk analytics.google.com *.analytics.google.com www.google.com www.gstatic.com *.ytimg.com www.youtube.com www.youtube-nocookie.com 'nonce-uOfj8zwdy6iP9JKX24RCBg==''. Either the 'unsafe-inline' keyword, a hash ('sha256-KqJA1m/a7A+KctYBKJR75bChscDI9FIV+NeO58+zJmA='), or a nonce ('nonce-...') is required to enable inline execution. The action has been blocked.",false,0,0,0,0,,Skipped (not requested),0,,Deferred National Insurance contributions: payment enquiries - GOV.UK
58,GOV.UK,chromium,both,desktop,1280,800,https://gov.uk/find-hmrc-contacts/excise-movement-and-control-system-online-services,https://www.gov.uk/find-hmrc-contacts/excise-movement-and-control-system-online-services,200,true,true,26623,false,0,0,0,0,,Skipped (not requested),true,539,2,0,46,region,,false,0,0,0,0,0,0,,Skipped (not requested),false,0,0,0,0,0,0,,"page.addScriptTag: Executing inline script violates the following Content Security Policy directive 'script-src 'self' www.google-analytics.com ssl.google-analytics.com stats.g.doubleclick.net www.googletagmanager.com www.region1.google-analytics.com region1.google-analytics.com www.google.co.uk analytics.google.com *.analytics.google.com www.google.com www.gstatic.com *.ytimg.com www.youtube.com www.youtube-nocookie.com 'nonce-W0LADu/ljQ0rZaqdXr6NLA==''. Either the 'unsafe-inline' keyword, a hash ('sha256-KqJA1m/a7A+KctYBKJR75bChscDI9FIV+NeO58+zJmA='), or a nonce ('nonce-...') is required to enable inline execution. The action has been blocked.",false,0,0,0,0,,Skipped (not requested),0,,Excise Movement and Control System: online services - GOV.UK
58,GOV.UK,chromium,both,desktop,1280,800,https://gov.uk/find-hmrc-contacts/miscellaneous-payments-team,https://www.gov.uk/find-hmrc-contacts/miscellaneous-payments-team,200,true,true,27374,false,0,0,0,0,,Skipped (not requested),true,591,2,0,46,region,,false,0,0,0,0,0,0,,Skipped (not requested),false,0,0,0,0,0,0,,"page.addScriptTag: Executing inline script violates the following Content Security Policy directive 'script-src 'self' www.google-analytics.com ssl.google-analytics.com stats.g.doubleclick.net www.googletagmanager.com www.region1.google-analytics.com region1.google-analytics.com www.google.co.uk analytics.google.com *.analytics.google.com www.google.com www.gstatic.com *.ytimg.com www.youtube.com www.youtube-nocookie.com 'nonce-9xnEfyywfuV+qBPmjamUTg==''. Either the 'unsafe-inline' keyword, a hash ('sha256-KqJA1m/a7A+KctYBKJR75bChscDI9FIV+NeO58+zJmA='), or a nonce ('nonce-...') is required to enable inline execution. The action has been blocked.",false,0,0,0,0,,Skipped (not requested),0,,Miscellaneous payments: enquiries - GOV.UK
58,GOV.UK,chromium,both,desktop,1280,800,https://gov.uk/find-hmrc-contacts/new-computerised-transit-system-testing-services,https://www.gov.uk/find-hmrc-contacts/new-computerised-transit-system-testing-services,200,true,true,28086,false,0,0,0,0,,Skipped (not requested),true,552,2,0,46,region,,false,0,0,0,0,0,0,,Skipped (not requested),false,0,0,0,0,0,0,,"page.addScriptTag: Executing inline script violates the following Content Security Policy directive 'script-src 'self' www.google-analytics.com ssl.google-analytics.com stats.g.doubleclick.net www.googletagmanager.com www.region1.google-analytics.com region1.google-analytics.com www.google.co.uk analytics.google.com *.analytics.google.com www.google.com www.gstatic.com *.ytimg.com www.youtube.com www.youtube-nocookie.com 'nonce-SSO+GXPDdG4GklErE9QVGQ==''. Either the 'unsafe-inline' keyword, a hash ('sha256-KqJA1m/a7A+KctYBKJR75bChscDI9FIV+NeO58+zJmA='), or a nonce ('nonce-...') is required to enable inline execution. The action has been blocked.",false,0,0,0,0,,Skipped (not requested),0,,New Computerised Transit System: testing services - GOV.UK
58,GOV.UK,chromium,both,desktop,1280,800,https://gov.uk/find-hmrc-contacts/non-uk-residents-payment,https://www.gov.uk/find-hmrc-contacts/non-uk-residents-payment,200,true,true,27904,false,0,0,0,0,,Skipped (not requested),true,654,2,0,46,region,,false,0,0,0,0,0,0,,Skipped (not requested),false,0,0,0,0,0,0,,"page.addScriptTag: Executing inline script violates the following Content Security Policy directive 'script-src 'self' www.google-analytics.com ssl.google-analytics.com stats.g.doubleclick.net www.googletagmanager.com www.region1.google-analytics.com region1.google-analytics.com www.google.co.uk analytics.google.com *.analytics.google.com www.google.com www.gstatic.com *.ytimg.com www.youtube.com www.youtube-nocookie.com 'nonce-sgx5SQuoI2gE9n/vsIHDZw==''. Either the 'unsafe-inline' keyword, a hash ('sha256-KqJA1m/a7A+KctYBKJR75bChscDI9FIV+NeO58+zJmA='), or a nonce ('nonce-...') is required to enable inline execution. The action has been blocked.",false,0,0,0,0,,Skipped (not requested),0,,Non-UK residents: payment enquiries - GOV.UK
58,GOV.UK,chromium,both,desktop,1280,800,https://gov.uk/find-hmrc-contacts/off-payroll-working-ir35-enquiries,https://www.gov.uk/find-hmrc-contacts/off-payroll-working-ir35-enquiries,200,true,true,27597,false,0,0,0,0,,Skipped (not requested),true,570,2,0,46,region,,false,0,0,0,0,0,0,,Skipped (not requested),false,0,0,0,0,0,0,,"page.addScriptTag: Executing inline script violates the following Content Security Policy directive 'script-src 'self' www.google-analytics.com ssl.google-analytics.com stats.g.doubleclick.net www.googletagmanager.com www.region1.google-analytics.com region1.google-analytics.com www.google.co.uk analytics.google.com *.analytics.google.com www.google.com www.gstatic.com *.ytimg.com www.youtube.com www.youtube-nocookie.com 'nonce-RRDP4RXefUr09o8ktmnnvQ==''. Either the 'unsafe-inline' keyword, a hash ('sha256-KqJA1m/a7A+KctYBKJR75bChscDI9FIV+NeO58+zJmA='), or a nonce ('nonce-...') is required to enable inline execution. The action has been blocked.",false,0,0,0,0,,Skipped (not requested),0,,Off-payroll working (IR35): enquiries - GOV.UK
58,GOV.UK,chromium,both,desktop,1280,800,https://gov.uk/find-hmrc-contacts/payment-problems-enquiries,https://www.gov.uk/find-hmrc-contacts/payment-problems-enquiries,200,true,true,27670,false,0,0,0,0,,Skipped (not requested),true,667,2,0,46,region,,false,0,0,0,0,0,0,,Skipped (not requested),false,0,0,0,0,0,0,,"page.addScriptTag: Executing inline script violates the following Content Security Policy directive 'script-src 'self' www.google-analytics.com ssl.google-analytics.com stats.g.doubleclick.net www.googletagmanager.com www.region1.google-analytics.com region1.google-analytics.com www.google.co.uk analytics.google.com *.analytics.google.com www.google.com www.gstatic.com *.ytimg.com www.youtube.com www.youtube-nocookie.com 'nonce-1Ogt64Zc7jQAu5SIdnkp5w==''. Either the 'unsafe-inline' keyword, a hash ('sha256-KqJA1m/a7A+KctYBKJR75bChscDI9FIV+NeO58+zJmA='), or a nonce ('nonce-...') is required to enable inline execution. The action has been blocked.",false,0,0,0,0,,Skipped (not requested),0,,Payment problems: enquiries - GOV.UK
58,GOV.UK,chromium,both,desktop,1280,800,https://gov.uk/find-hmrc-contacts/repayments-where-to-send-claim-forms,https://www.gov.uk/guidance/claim-a-refund-of-income-tax-deducted-from-savings-and-investments,200,true,true,27204,false,0,0,0,0,,Skipped (not requested),true,810,2,2,46,region,,false,0,0,0,0,0,0,,Skipped (not requested),false,0,0,0,0,0,0,,"page.addScriptTag: Executing inline script violates the following Content Security Policy directive 'script-src 'self' www.google-analytics.com ssl.google-analytics.com stats.g.doubleclick.net www.googletagmanager.com www.region1.google-analytics.com region1.google-analytics.com www.google.co.uk analytics.google.com *.analytics.google.com www.google.com www.gstatic.com *.ytimg.com www.youtube.com www.youtube-nocookie.com 'nonce-oDc/PuMTfRryvWdvXoMG7w==''. Either the 'unsafe-inline' keyword, a hash ('sha256-KqJA1m/a7A+KctYBKJR75bChscDI9FIV+NeO58+zJmA='), or a nonce ('nonce-...') is required to enable inline execution. The action has been blocked.",false,0,0,0,0,,Skipped (not requested),0,,Claim a refund if you&#39;ve paid tax on your savings and investments - GOV.UK
58,GOV.UK,chromium,both,desktop,1280,800,https://gov.uk/find-hmrc-contacts/report-suspicious-hmrc-emails-texts-social-media-accounts-and-phone-calls,https://www.gov.uk/find-hmrc-contacts/report-suspicious-hmrc-emails-texts-social-media-accounts-and-phone-calls,200,true,true,27588,false,0,0,0,0,,Skipped (not requested),true,613,2,0,46,region,,false,0,0,0,0,0,0,,Skipped (not requested),false,0,0,0,0,0,0,,"page.addScriptTag: Executing inline script violates the following Content Security Policy directive 'script-src 'self' www.google-analytics.com ssl.google-analytics.com stats.g.doubleclick.net www.googletagmanager.com www.region1.google-analytics.com region1.google-analytics.com www.google.co.uk analytics.google.com *.analytics.google.com www.google.com www.gstatic.com *.ytimg.com www.youtube.com www.youtube-nocookie.com 'nonce-vVVv4nT77TtNoZSsbKVCXA==''. Either the 'unsafe-inline' keyword, a hash ('sha256-KqJA1m/a7A+KctYBKJR75bChscDI9FIV+NeO58+zJmA='), or a nonce ('nonce-...') is required to enable inline execution. The action has been blocked.",false,0,0,0,0,,Skipped (not requested),0,,"Report suspicious HMRC emails, texts, social media accounts and phone calls - GOV.UK"
58,GOV.UK,chromium,both,desktop,1280,800,https://gov.uk/find-hmrc-contacts/secure-data-exchange-service-sdes-enquiries,https://www.gov.uk/find-hmrc-contacts/secure-data-exchange-service-sdes-enquiries,200,true,true,27339,false,0,0,0,0,,Skipped (not requested),true,563,2,0,46,region,,false,0,0,0,0,0,0,,Skipped (not requested),false,0,0,0,0,0,0,,"page.addScriptTag: Executing inline script violates the following Content Security Policy directive 'script-src 'self' www.google-analytics.com ssl.google-analytics.com stats.g.doubleclick.net www.googletagmanager.com www.region1.google-analytics.com region1.google-analytics.com www.google.co.uk analytics.google.com *.analytics.google.com www.google.com www.gstatic.com *.ytimg.com www.youtube.com www.youtube-nocookie.com 'nonce-6Za+4z623it8wDmnTKqNhQ==''. Either the 'unsafe-inline' keyword, a hash ('sha256-KqJA1m/a7A+KctYBKJR75bChscDI9FIV+NeO58+zJmA='), or a nonce ('nonce-...') is required to enable inline execution. The action has been blocked.",false,0,0,0,0,,Skipped (not requested),0,,Transfer files securely with HMRC: enquiries - GOV.UK
58,GOV.UK,chromium,both,desktop,1280,800,https://gov.uk/find-hmrc-contacts/self-assessment-payments,https://www.gov.uk/find-hmrc-contacts/self-assessment-payments,200,true,true,28102,false,0,0,0,0,,Skipped (not requested),true,657,2,0,46,region,,false,0,0,0,0,0,0,,Skipped (not requested),false,0,0,0,0,0,0,,"page.addScriptTag: Executing inline script violates the following Content Security Policy directive 'script-src 'self' www.google-analytics.com ssl.google-analytics.com stats.g.doubleclick.net www.googletagmanager.com www.region1.google-analytics.com region1.google-analytics.com www.google.co.uk analytics.google.com *.analytics.google.com www.google.com www.gstatic.com *.ytimg.com www.youtube.com www.youtube-nocookie.com 'nonce-GtYuLaIDdHD+cEAIziHLzA==''. Either the 'unsafe-inline' keyword, a hash ('sha256-KqJA1m/a7A+KctYBKJR75bChscDI9FIV+NeO58+zJmA='), or a nonce ('nonce-...') is required to enable inline execution. The action has been blocked.",false,0,0,0,0,,Skipped (not requested),0,,Self Assessment: payment enquiries - GOV.UK
58,GOV.UK,chromium,both,desktop,1280,800,https://gov.uk/find-hmrc-contacts/statutory-payment-dispute-team,https://www.gov.uk/find-hmrc-contacts/statutory-payment-dispute-team,200,true,true,27521,false,0,0,0,0,,Skipped (not requested),true,602,2,0,46,region,,false,0,0,0,0,0,0,,Skipped (not requested),false,0,0,0,0,0,0,,"page.addScriptTag: Executing inline script violates the following Content Security Policy directive 'script-src 'self' www.google-analytics.com ssl.google-analytics.com stats.g.doubleclick.net www.googletagmanager.com www.region1.google-analytics.com region1.google-analytics.com www.google.co.uk analytics.google.com *.analytics.google.com www.google.com www.gstatic.com *.ytimg.com www.youtube.com www.youtube-nocookie.com 'nonce-RZxt79gdlFC5ujAWTlzt4A==''. Either the 'unsafe-inline' keyword, a hash ('sha256-KqJA1m/a7A+KctYBKJR75bChscDI9FIV+NeO58+zJmA='), or a nonce ('nonce-...') is required to enable inline execution. The action has been blocked.",false,0,0,0,0,,Skipped (not requested),0,,Statutory Payment Dispute Team - GOV.UK
58,GOV.UK,chromium,both,desktop,1280,800,https://gov.uk/find-hmrc-contacts/tax-credits-payment-enquiries,https://www.gov.uk/find-hmrc-contacts/tax-credits-payment-enquiries,200,true,true,27638,false,0,0,0,0,,Skipped (not requested),true,593,2,0,46,region,,false,0,0,0,0,0,0,,Skipped (not requested),false,0,0,0,0,0,0,,"page.addScriptTag: Executing inline script violates the following Content Security Policy directive 'script-src 'self' www.google-analytics.com ssl.google-analytics.com stats.g.doubleclick.net www.googletagmanager.com www.region1.google-analytics.com region1.google-analytics.com www.google.co.uk analytics.google.com *.analytics.google.com www.google.com www.gstatic.com *.ytimg.com www.youtube.com www.youtube-nocookie.com 'nonce-odZkrbUXNUOEQJY0QICapQ==''. Either the 'unsafe-inline' keyword, a hash ('sha256-KqJA1m/a7A+KctYBKJR75bChscDI9FIV+NeO58+zJmA='), or a nonce ('nonce-...') is required to enable inline execution. The action has been blocked.",false,0,0,0,0,,Skipped (not requested),0,,Tax credits: payment enquiries - GOV.UK
58,GOV.UK,chromium,both,desktop,1280,800,https://gov.uk/find-hmrc-contacts/vat-overseas-repayments-for-non-uk-businesses,https://www.gov.uk/find-hmrc-contacts/vat-overseas-repayments-for-non-uk-businesses,200,true,true,27590,false,0,0,0,0,,Skipped (not requested),true,641,2,0,46,region,,false,0,0,0,0,0,0,,Skipped (not requested),false,0,0,0,0,0,0,,"page.addScriptTag: Executing inline script violates the following Content Security Policy directive 'script-src 'self' www.google-analytics.com ssl.google-analytics.com stats.g.doubleclick.net www.googletagmanager.com www.region1.google-analytics.com region1.google-analytics.com www.google.co.uk analytics.google.com *.analytics.google.com www.google.com www.gstatic.com *.ytimg.com www.youtube.com www.youtube-nocookie.com 'nonce-g4pRh+ssqgBRQRwaH5PL1A==''. Either the 'unsafe-inline' keyword, a hash ('sha256-KqJA1m/a7A+KctYBKJR75bChscDI9FIV+NeO58+zJmA='), or a nonce ('nonce-...') is required to enable inline execution. The action has been blocked.",false,0,0,0,0,,Skipped (not requested),0,,VAT: overseas repayments for non-UK businesses enquiries - GOV.UK
58,GOV.UK,chromium,both,desktop,1280,800,https://gov.uk/find-licences/adoption-service-registration-wales,https://www.gov.uk/find-licences/adoption-service-registration-wales,200,true,true,26127,false,0,0,0,0,,Skipped (not requested),true,499,2,0,48,region,,false,0,0,0,0,0,0,,Skipped (not requested),false,0,0,0,0,0,0,,"page.addScriptTag: Executing inline script violates the following Content Security Policy directive 'script-src 'self' www.google-analytics.com ssl.google-analytics.com stats.g.doubleclick.net www.googletagmanager.com www.region1.google-analytics.com region1.google-analytics.com www.google.co.uk analytics.google.com *.analytics.google.com www.google.com www.gstatic.com *.ytimg.com www.youtube.com www.youtube-nocookie.com 'nonce-mzRx+TuVfOT+NujK79Zkiw==''. Either the 'unsafe-inline' keyword, a hash ('sha256-KqJA1m/a7A+KctYBKJR75bChscDI9FIV+NeO58+zJmA='), or a nonce ('nonce-...') is required to enable inline execution. The action has been blocked.",false,0,0,0,0,,Skipped (not requested),0,,Adoption service registration (Wales) - GOV.UK
58,GOV.UK,chromium,both,desktop,1280,800,https://gov.uk/find-licences/adult-placement-service-registration-wales,https://www.gov.uk/find-licences/adult-placement-service-registration-wales,200,true,true,28189,false,0,0,0,0,,Skipped (not requested),true,499,2,0,48,region,,false,0,0,0,0,0,0,,Skipped (not requested),false,0,0,0,0,0,0,,"page.addScriptTag: Executing inline script violates the following Content Security Policy directive 'script-src 'self' www.google-analytics.com ssl.google-analytics.com stats.g.doubleclick.net www.googletagmanager.com www.region1.google-analytics.com region1.google-analytics.com www.google.co.uk analytics.google.com *.analytics.google.com www.google.com www.gstatic.com *.ytimg.com www.youtube.com www.youtube-nocookie.com 'nonce-WXAk+K+Fmvx+dpBDO4zfrw==''. Either the 'unsafe-inline' keyword, a hash ('sha256-KqJA1m/a7A+KctYBKJR75bChscDI9FIV+NeO58+zJmA='), or a nonce ('nonce-...') is required to enable inline execution. The action has been blocked.",false,0,0,0,0,,Skipped (not requested),0,,Adult placement service registration (Wales) - GOV.UK
58,GOV.UK,chromium,both,desktop,1280,800,https://gov.uk/find-licences/adult-placement-services-registration-northern-ireland,https://www.gov.uk/find-licences/adult-placement-services-registration-northern-ireland,200,true,true,26681,false,0,0,0,0,,Skipped (not requested),true,537,2,0,48,region,,false,0,0,0,0,0,0,,Skipped (not requested),false,0,0,0,0,0,0,,"page.addScriptTag: Executing inline script violates the following Content Security Policy directive 'script-src 'self' www.google-analytics.com ssl.google-analytics.com stats.g.doubleclick.net www.googletagmanager.com www.region1.google-analytics.com region1.google-analytics.com www.google.co.uk analytics.google.com *.analytics.google.com www.google.com www.gstatic.com *.ytimg.com www.youtube.com www.youtube-nocookie.com 'nonce-6zr7mfbDLde30MD5U0MZDw==''. Either the 'unsafe-inline' keyword, a hash ('sha256-KqJA1m/a7A+KctYBKJR75bChscDI9FIV+NeO58+zJmA='), or a nonce ('nonce-...') is required to enable inline execution. The action has been blocked.",false,0,0,0,0,,Skipped (not requested),0,,Adult placement services registration (Northern Ireland) - GOV.UK
58,GOV.UK,chromium,both,desktop,1280,800,https://gov.uk/find-licences/adult-placement-services-registration-scotland,https://www.gov.uk/find-licences/adult-placement-services-registration-scotland,200,true,true,27490,false,0,0,0,0,,Skipped (not requested),true,595,2,0,48,region,,false,0,0,0,0,0,0,,Skipped (not requested),false,0,0,0,0,0,0,,"page.addScriptTag: Executing inline script violates the following Content Security Policy directive 'script-src 'self' www.google-analytics.com ssl.google-analytics.com stats.g.doubleclick.net www.googletagmanager.com www.region1.google-analytics.com region1.google-analytics.com www.google.co.uk analytics.google.com *.analytics.google.com www.google.com www.gstatic.com *.ytimg.com www.youtube.com www.youtube-nocookie.com 'nonce-b+Xhvnjl4OsT20dPYKVUtA==''. Either the 'unsafe-inline' keyword, a hash ('sha256-KqJA1m/a7A+KctYBKJR75bChscDI9FIV+NeO58+zJmA='), or a nonce ('nonce-...') is required to enable inline execution. The action has been blocked.",false,0,0,0,0,,Skipped (not requested),0,,Adult placement services registration (Scotland) - GOV.UK
58,GOV.UK,chromium,both,desktop,1280,800,https://gov.uk/find-licences/apply-for-a-thames-accommodation-licence,https://www.gov.uk/find-licences/apply-for-a-thames-accommodation-licence,200,true,true,28256,false,0,0,0,0,,Skipped (not requested),true,530,2,0,48,region,,false,0,0,0,0,0,0,,Skipped (not requested),false,0,0,0,0,0,0,,"page.addScriptTag: Executing inline script violates the following Content Security Policy directive 'script-src 'self' www.google-analytics.com ssl.google-analytics.com stats.g.doubleclick.net www.googletagmanager.com www.region1.google-analytics.com region1.google-analytics.com www.google.co.uk analytics.google.com *.analytics.google.com www.google.com www.gstatic.com *.ytimg.com www.youtube.com www.youtube-nocookie.com 'nonce-k5GNchI3D2ob5TPjqem01A==''. Either the 'unsafe-inline' keyword, a hash ('sha256-KqJA1m/a7A+KctYBKJR75bChscDI9FIV+NeO58+zJmA='), or a nonce ('nonce-...') is required to enable inline execution. The action has been blocked.",false,0,0,0,0,,Skipped (not requested),0,,Apply for a River Thames accommodation licence - GOV.UK
58,GOV.UK,chromium,both,desktop,1280,800,https://gov.uk/find-licences/booking-office-licence-scotland,https://www.gov.uk/find-licences/booking-office-licence-scotland,200,true,true,27381,false,0,0,0,0,,Skipped (not requested),true,518,2,0,48,region,,false,0,0,0,0,0,0,,Skipped (not requested),false,0,0,0,0,0,0,,"page.addScriptTag: Executing inline script violates the following Content Security Policy directive 'script-src 'self' www.google-analytics.com ssl.google-analytics.com stats.g.doubleclick.net www.googletagmanager.com www.region1.google-analytics.com region1.google-analytics.com www.google.co.uk analytics.google.com *.analytics.google.com www.google.com www.gstatic.com *.ytimg.com www.youtube.com www.youtube-nocookie.com 'nonce-LPFWqtZ1pWgtkbq1pKn3IQ==''. Either the 'unsafe-inline' keyword, a hash ('sha256-KqJA1m/a7A+KctYBKJR75bChscDI9FIV+NeO58+zJmA='), or a nonce ('nonce-...') is required to enable inline execution. The action has been blocked.",false,0,0,0,0,,Skipped (not requested),0,,Booking office licence (Scotland): contact your council - GOV.UK
58,GOV.UK,chromium,both,desktop,1280,800,https://gov.uk/find-licences/bookmaker-s-premises-licence-scotland,https://www.gov.uk/find-licences/bookmaker-s-premises-licence-scotland,200,true,true,27773,false,0,0,0,0,,Skipped (not requested),true,469,2,0,48,region,,false,0,0,0,0,0,0,,Skipped (not requested),false,0,0,0,0,0,0,,"page.addScriptTag: Executing inline script violates the following Content Security Policy directive 'script-src 'self' www.google-analytics.com ssl.google-analytics.com stats.g.doubleclick.net www.googletagmanager.com www.region1.google-analytics.com region1.google-analytics.com www.google.co.uk analytics.google.com *.analytics.google.com www.google.com www.gstatic.com *.ytimg.com www.youtube.com www.youtube-nocookie.com 'nonce-dp0q0inqquF+PkTpbtXydQ==''. Either the 'unsafe-inline' keyword, a hash ('sha256-KqJA1m/a7A+KctYBKJR75bChscDI9FIV+NeO58+zJmA='), or a nonce ('nonce-...') is required to enable inline execution. The action has been blocked.",false,0,0,0,0,,Skipped (not requested),0,,Bookmaker&#39;s premises licence (Scotland): contact your council - GOV.UK
58,GOV.UK,chromium,both,desktop,1280,800,https://gov.uk/find-licences/bookmaking-office-licence-northern-ireland,https://www.gov.uk/find-licences/bookmaking-office-licence-northern-ireland,200,true,true,27523,false,0,0,0,0,,Skipped (not requested),true,481,2,0,48,region,,false,0,0,0,0,0,0,,Skipped (not requested),false,0,0,0,0,0,0,,"page.addScriptTag: Executing inline script violates the following Content Security Policy directive 'script-src 'self' www.google-analytics.com ssl.google-analytics.com stats.g.doubleclick.net www.googletagmanager.com www.region1.google-analytics.com region1.google-analytics.com www.google.co.uk analytics.google.com *.analytics.google.com www.google.com www.gstatic.com *.ytimg.com www.youtube.com www.youtube-nocookie.com 'nonce-po/nDOpkKR6K+V41KxLqVA==''. Either the 'unsafe-inline' keyword, a hash ('sha256-KqJA1m/a7A+KctYBKJR75bChscDI9FIV+NeO58+zJmA='), or a nonce ('nonce-...') is required to enable inline execution. The action has been blocked.",false,0,0,0,0,,Skipped (not requested),0,,Bookmaking office licence (Northern Ireland): contact your council - GOV.UK
58,GOV.UK,chromium,both,desktop,1280,800,https://gov.uk/find-licences/care-at-home-services-registration-scotland,https://www.gov.uk/find-licences/care-at-home-services-registration-scotland,200,true,true,27533,false,0,0,0,0,,Skipped (not requested),true,541,2,0,48,region,,false,0,0,0,0,0,0,,Skipped (not requested),false,0,0,0,0,0,0,,"page.addScriptTag: Executing inline script violates the following Content Security Policy directive 'script-src 'self' www.google-analytics.com ssl.google-analytics.com stats.g.doubleclick.net www.googletagmanager.com www.region1.google-analytics.com region1.google-analytics.com www.google.co.uk analytics.google.com *.analytics.google.com www.google.com www.gstatic.com *.ytimg.com www.youtube.com www.youtube-nocookie.com 'nonce-6xwM5T/nYMD0iaPfAZPWJQ==''. Either the 'unsafe-inline' keyword, a hash ('sha256-KqJA1m/a7A+KctYBKJR75bChscDI9FIV+NeO58+zJmA='), or a nonce ('nonce-...') is required to enable inline execution. The action has been blocked.",false,0,0,0,0,,Skipped (not requested),0,,Care at home services registration (Scotland) - GOV.UK
58,GOV.UK,chromium,both,desktop,1280,800,https://gov.uk/find-licences/care-home-service-registration-wales,https://www.gov.uk/find-licences/care-home-service-registration-wales,200,true,true,27562,false,0,0,0,0,,Skipped (not requested),true,499,2,0,48,region,,false,0,0,0,0,0,0,,Skipped (not requested),false,0,0,0,0,0,0,,"page.addScriptTag: Executing inline script violates the following Content Security Policy directive 'script-src 'self' www.google-analytics.com ssl.google-analytics.com stats.g.doubleclick.net www.googletagmanager.com www.region1.google-analytics.com region1.google-analytics.com www.google.co.uk analytics.google.com *.analytics.google.com www.google.com www.gstatic.com *.ytimg.com www.youtube.com www.youtube-nocookie.com 'nonce-ji2/gEs2NFQDjB/8yytuQw==''. Either the 'unsafe-inline' keyword, a hash ('sha256-KqJA1m/a7A+KctYBKJR75bChscDI9FIV+NeO58+zJmA='), or a nonce ('nonce-...') is required to enable inline execution. The action has been blocked.",false,0,0,0,0,,Skipped (not requested),0,,Care home service registration (Wales) - GOV.UK
58,GOV.UK,chromium,both,desktop,1280,800,https://gov.uk/find-licences/domiciliary-care-service-registration-ni,https://www.gov.uk/find-licences/domiciliary-care-service-registration-ni,200,true,true,26597,false,0,0,0,0,,Skipped (not requested),true,496,2,0,48,region,,false,0,0,0,0,0,0,,Skipped (not requested),false,0,0,0,0,0,0,,"page.addScriptTag: Executing inline script violates the following Content Security Policy directive 'script-src 'self' www.google-analytics.com ssl.google-analytics.com stats.g.doubleclick.net www.googletagmanager.com www.region1.google-analytics.com region1.google-analytics.com www.google.co.uk analytics.google.com *.analytics.google.com www.google.com www.gstatic.com *.ytimg.com www.youtube.com www.youtube-nocookie.com 'nonce-zKpaacNXdhBJXX/OVnjIzA==''. Either the 'unsafe-inline' keyword, a hash ('sha256-KqJA1m/a7A+KctYBKJR75bChscDI9FIV+NeO58+zJmA='), or a nonce ('nonce-...') is required to enable inline execution. The action has been blocked.",false,0,0,0,0,,Skipped (not requested),0,,Domiciliary care service registration (Northern Ireland) - GOV.UK
58,GOV.UK,chromium,both,desktop,1280,800,https://gov.uk/find-licences/fostering-service-manager-registration-wales,https://www.gov.uk/find-licences/fostering-service-manager-registration-wales,200,true,true,27633,false,0,0,0,0,,Skipped (not requested),true,535,2,0,48,region,,false,0,0,0,0,0,0,,Skipped (not requested),false,0,0,0,0,0,0,,"page.addScriptTag: Executing inline script violates the following Content Security Policy directive 'script-src 'self' www.google-analytics.com ssl.google-analytics.com stats.g.doubleclick.net www.googletagmanager.com www.region1.google-analytics.com region1.google-analytics.com www.google.co.uk analytics.google.com *.analytics.google.com www.google.com www.gstatic.com *.ytimg.com www.youtube.com www.youtube-nocookie.com 'nonce-6/Qal3S7A5yeRHV8QywKAg==''. Either the 'unsafe-inline' keyword, a hash ('sha256-KqJA1m/a7A+KctYBKJR75bChscDI9FIV+NeO58+zJmA='), or a nonce ('nonce-...') is required to enable inline execution. The action has been blocked.",false,0,0,0,0,,Skipped (not requested),0,,Fostering service manager registration (Wales) - GOV.UK
58,GOV.UK,chromium,both,desktop,1280,800,https://gov.uk/find-licences/general-aviation-report-notification-northern-ireland,https://www.gov.uk/find-licences/general-aviation-report-notification-northern-ireland,200,true,true,27378,false,0,0,0,0,,Skipped (not requested),true,540,2,0,48,region,,false,0,0,0,0,0,0,,Skipped (not requested),false,0,0,0,0,0,0,,"page.addScriptTag: Executing inline script violates the following Content Security Policy directive 'script-src 'self' www.google-analytics.com ssl.google-analytics.com stats.g.doubleclick.net www.googletagmanager.com www.region1.google-analytics.com region1.google-analytics.com www.google.co.uk analytics.google.com *.analytics.google.com www.google.com www.gstatic.com *.ytimg.com www.youtube.com www.youtube-nocookie.com 'nonce-PR8459yZiwP1LWeWc3OLoA==''. Either the 'unsafe-inline' keyword, a hash ('sha256-KqJA1m/a7A+KctYBKJR75bChscDI9FIV+NeO58+zJmA='), or a nonce ('nonce-...') is required to enable inline execution. The action has been blocked.",false,0,0,0,0,,Skipped (not requested),0,,General Aviation Report notification (Northern Ireland) - GOV.UK
58,GOV.UK,chromium,both,desktop,1280,800,https://gov.uk/find-licences/pollution-data-reporting-scotland,https://www.gov.uk/find-licences/pollution-data-reporting-scotland,200,true,true,27553,false,0,0,0,0,,Skipped (not requested),true,526,2,0,48,region,,false,0,0,0,0,0,0,,Skipped (not requested),false,0,0,0,0,0,0,,"page.addScriptTag: Executing inline script violates the following Content Security Policy directive 'script-src 'self' www.google-analytics.com ssl.google-analytics.com stats.g.doubleclick.net www.googletagmanager.com www.region1.google-analytics.com region1.google-analytics.com www.google.co.uk analytics.google.com *.analytics.google.com www.google.com www.gstatic.com *.ytimg.com www.youtube.com www.youtube-nocookie.com 'nonce-i+4G7SuuWNs3qfdcJ8oZWA==''. Either the 'unsafe-inline' keyword, a hash ('sha256-KqJA1m/a7A+KctYBKJR75bChscDI9FIV+NeO58+zJmA='), or a nonce ('nonce-...') is required to enable inline execution. The action has been blocked.",false,0,0,0,0,,Skipped (not requested),0,,Pollution data reporting (Scotland) - GOV.UK
58,GOV.UK,chromium,both,desktop,1280,800,https://gov.uk/find-licences/register-a-hairdressing-business,https://www.gov.uk/find-licences/register-a-hairdressing-business,200,true,true,28380,false,0,0,0,0,,Skipped (not requested),true,519,2,0,44,region,,false,0,0,0,0,0,0,,Skipped (not requested),false,0,0,0,0,0,0,,"page.addScriptTag: Executing inline script violates the following Content Security Policy directive 'script-src 'self' www.google-analytics.com ssl.google-analytics.com stats.g.doubleclick.net www.googletagmanager.com www.region1.google-analytics.com region1.google-analytics.com www.google.co.uk analytics.google.com *.analytics.google.com www.google.com www.gstatic.com *.ytimg.com www.youtube.com www.youtube-nocookie.com 'nonce-m5TlPLh+Hp9kCQV/oKZqCQ==''. Either the 'unsafe-inline' keyword, a hash ('sha256-KqJA1m/a7A+KctYBKJR75bChscDI9FIV+NeO58+zJmA='), or a nonce ('nonce-...') is required to enable inline execution. The action has been blocked.",false,0,0,0,0,,Skipped (not requested),0,,Hairdresser registration (England) - GOV.UK
58,GOV.UK,chromium,both,desktop,1280,800,https://gov.uk/find-licences/register-as-number-plate-supplier,https://www.gov.uk/find-licences/register-as-number-plate-supplier/dvla,200,true,true,27020,false,0,0,0,0,,Skipped (not requested),true,626,2,0,48,region,,false,0,0,0,0,0,0,,Skipped (not requested),false,0,0,0,0,0,0,,"page.addScriptTag: Executing inline script violates the following Content Security Policy directive 'script-src 'self' www.google-analytics.com ssl.google-analytics.com stats.g.doubleclick.net www.googletagmanager.com www.region1.google-analytics.com region1.google-analytics.com www.google.co.uk analytics.google.com *.analytics.google.com www.google.com www.gstatic.com *.ytimg.com www.youtube.com www.youtube-nocookie.com 'nonce-PvZ4QbdZ0zd6g5/tvcxcWQ==''. Either the 'unsafe-inline' keyword, a hash ('sha256-KqJA1m/a7A+KctYBKJR75bChscDI9FIV+NeO58+zJmA='), or a nonce ('nonce-...') is required to enable inline execution. The action has been blocked.",false,0,0,0,0,,Skipped (not requested),0,,Register as a number plate supplier: Driver and Vehicle Licensing Agency - GOV.UK
58,GOV.UK,chromium,both,desktop,1280,800,https://gov.uk/find-licences/register-cattle-northern-ireland,https://www.gov.uk/find-licences/register-cattle-northern-ireland,200,true,true,26829,false,0,0,0,0,,Skipped (not requested),true,543,2,0,48,region,,false,0,0,0,0,0,0,,Skipped (not requested),false,0,0,0,0,0,0,,"page.addScriptTag: Executing inline script violates the following Content Security Policy directive 'script-src 'self' www.google-analytics.com ssl.google-analytics.com stats.g.doubleclick.net www.googletagmanager.com www.region1.google-analytics.com region1.google-analytics.com www.google.co.uk analytics.google.com *.analytics.google.com www.google.com www.gstatic.com *.ytimg.com www.youtube.com www.youtube-nocookie.com 'nonce-b/TVjRNStNsQarOCHkz97g==''. Either the 'unsafe-inline' keyword, a hash ('sha256-KqJA1m/a7A+KctYBKJR75bChscDI9FIV+NeO58+zJmA='), or a nonce ('nonce-...') is required to enable inline execution. The action has been blocked.",false,0,0,0,0,,Skipped (not requested),0,,Register cattle (Northern Ireland) - GOV.UK
58,GOV.UK,chromium,both,desktop,1280,800,https://gov.uk/find-licences/register-hairdressing-wales,https://www.gov.uk/find-licences/register-hairdressing-wales,200,true,true,26700,false,0,0,0,0,,Skipped (not requested),true,519,2,0,44,region,,false,0,0,0,0,0,0,,Skipped (not requested),false,0,0,0,0,0,0,,"page.addScriptTag: Executing inline script violates the following Content Security Policy directive 'script-src 'self' www.google-analytics.com ssl.google-analytics.com stats.g.doubleclick.net www.googletagmanager.com www.region1.google-analytics.com region1.google-analytics.com www.google.co.uk analytics.google.com *.analytics.google.com www.google.com www.gstatic.com *.ytimg.com www.youtube.com www.youtube-nocookie.com 'nonce-Ww2o/a263mMXD0jUG868Qw==''. Either the 'unsafe-inline' keyword, a hash ('sha256-KqJA1m/a7A+KctYBKJR75bChscDI9FIV+NeO58+zJmA='), or a nonce ('nonce-...') is required to enable inline execution. The action has been blocked.",false,0,0,0,0,,Skipped (not requested),0,,Register a hairdressing business (Wales) - GOV.UK
58,GOV.UK,chromium,both,desktop,1280,800,https://gov.uk/find-licences/register-physiotherapist,https://www.gov.uk/find-licences/register-physiotherapist,200,true,true,27383,false,0,0,0,0,,Skipped (not requested),true,507,2,0,48,region,,false,0,0,0,0,0,0,,Skipped (not requested),false,0,0,0,0,0,0,,"page.addScriptTag: Executing inline script violates the following Content Security Policy directive 'script-src 'self' www.google-analytics.com ssl.google-analytics.com stats.g.doubleclick.net www.googletagmanager.com www.region1.google-analytics.com region1.google-analytics.com www.google.co.uk analytics.google.com *.analytics.google.com www.google.com www.gstatic.com *.ytimg.com www.youtube.com www.youtube-nocookie.com 'nonce-0oIVYyr7T2hE3g3D3VpdRg==''. Either the 'unsafe-inline' keyword, a hash ('sha256-KqJA1m/a7A+KctYBKJR75bChscDI9FIV+NeO58+zJmA='), or a nonce ('nonce-...') is required to enable inline execution. The action has been blocked.",false,0,0,0,0,,Skipped (not requested),0,,Register as a physiotherapist - GOV.UK
58,GOV.UK,chromium,both,desktop,1280,800,https://gov.uk/find-licences/register-to-practise-as-a-veterinarian,https://www.gov.uk/find-licences/register-to-practise-as-a-veterinarian,200,true,true,27598,false,0,0,0,0,,Skipped (not requested),true,545,2,0,48,region,,false,0,0,0,0,0,0,,Skipped (not requested),false,0,0,0,0,0,0,,"page.addScriptTag: Executing inline script violates the following Content Security Policy directive 'script-src 'self' www.google-analytics.com ssl.google-analytics.com stats.g.doubleclick.net www.googletagmanager.com www.region1.google-analytics.com region1.google-analytics.com www.google.co.uk analytics.google.com *.analytics.google.com www.google.com www.gstatic.com *.ytimg.com www.youtube.com www.youtube-nocookie.com 'nonce-SN+5s3WO4TSo4z5IbC1xWw==''. Either the 'unsafe-inline' keyword, a hash ('sha256-KqJA1m/a7A+KctYBKJR75bChscDI9FIV+NeO58+zJmA='), or a nonce ('nonce-...') is required to enable inline execution. The action has been blocked.",false,0,0,0,0,,Skipped (not requested),0,,Register to practise as a veterinarian - GOV.UK
58,GOV.UK,chromium,both,desktop,1280,800,https://gov.uk/find-licences/registration-independent-healthcare-service-scotland,https://www.gov.uk/find-licences/registration-independent-healthcare-service-scotland,200,true,true,27263,false,0,0,0,0,,Skipped (not requested),true,582,2,0,48,region,,false,0,0,0,0,0,0,,Skipped (not requested),false,0,0,0,0,0,0,,"page.addScriptTag: Executing inline script violates the following Content Security Policy directive 'script-src 'self' www.google-analytics.com ssl.google-analytics.com stats.g.doubleclick.net www.googletagmanager.com www.region1.google-analytics.com region1.google-analytics.com www.google.co.uk analytics.google.com *.analytics.google.com www.google.com www.gstatic.com *.ytimg.com www.youtube.com www.youtube-nocookie.com 'nonce-KaSfmGnOb2s09kQb4DH6Jg==''. Either the 'unsafe-inline' keyword, a hash ('sha256-KqJA1m/a7A+KctYBKJR75bChscDI9FIV+NeO58+zJmA='), or a nonce ('nonce-...') is required to enable inline execution. The action has been blocked.",false,0,0,0,0,,Skipped (not requested),0,,Registration of independent healthcare service (Scotland) - GOV.UK
58,GOV.UK,chromium,both,desktop,1280,800,https://gov.uk/find-licences/registration-of-independent-health-care-service-england-wales,https://www.gov.uk/find-licences/registration-of-independent-health-care-service-england-wales,200,true,true,28184,false,0,0,0,0,,Skipped (not requested),true,476,2,0,48,region,,false,0,0,0,0,0,0,,Skipped (not requested),false,0,0,0,0,0,0,,"page.addScriptTag: Executing inline script violates the following Content Security Policy directive 'script-src 'self' www.google-analytics.com ssl.google-analytics.com stats.g.doubleclick.net www.googletagmanager.com www.region1.google-analytics.com region1.google-analytics.com www.google.co.uk analytics.google.com *.analytics.google.com www.google.com www.gstatic.com *.ytimg.com www.youtube.com www.youtube-nocookie.com 'nonce-T1k0rmFdWmYREuvxVJkRsw==''. Either the 'unsafe-inline' keyword, a hash ('sha256-KqJA1m/a7A+KctYBKJR75bChscDI9FIV+NeO58+zJmA='), or a nonce ('nonce-...') is required to enable inline execution. The action has been blocked.",false,0,0,0,0,,Skipped (not requested),0,,Registration of independent health care service (England and Wales): contact your council - GOV.UK
58,GOV.UK,chromium,both,desktop,1280,800,https://gov.uk/find-licences/secure-accommodation-service-registration-wales,https://www.gov.uk/find-licences/secure-accommodation-service-registration-wales,200,true,true,26680,false,0,0,0,0,,Skipped (not requested),true,499,2,0,48,region,,false,0,0,0,0,0,0,,Skipped (not requested),false,0,0,0,0,0,0,,"page.addScriptTag: Executing inline script violates the following Content Security Policy directive 'script-src 'self' www.google-analytics.com ssl.google-analytics.com stats.g.doubleclick.net www.googletagmanager.com www.region1.google-analytics.com region1.google-analytics.com www.google.co.uk analytics.google.com *.analytics.google.com www.google.com www.gstatic.com *.ytimg.com www.youtube.com www.youtube-nocookie.com 'nonce-O5ukTi25PKEjXEKcvXPYJg==''. Either the 'unsafe-inline' keyword, a hash ('sha256-KqJA1m/a7A+KctYBKJR75bChscDI9FIV+NeO58+zJmA='), or a nonce ('nonce-...') is required to enable inline execution. The action has been blocked.",false,0,0,0,0,,Skipped (not requested),0,,Secure accommodation service registration (Wales) - GOV.UK
58,GOV.UK,chromium,both,desktop,1280,800,https://gov.uk/find-licences/vessel-traffic-services-vts-licence,https://www.gov.uk/find-licences/vessel-traffic-services-vts-licence,200,true,true,26566,false,0,0,0,0,,Skipped (not requested),true,532,2,0,48,region,,false,0,0,0,0,0,0,,Skipped (not requested),false,0,0,0,0,0,0,,"page.addScriptTag: Executing inline script violates the following Content Security Policy directive 'script-src 'self' www.google-analytics.com ssl.google-analytics.com stats.g.doubleclick.net www.googletagmanager.com www.region1.google-analytics.com region1.google-analytics.com www.google.co.uk analytics.google.com *.analytics.google.com www.google.com www.gstatic.com *.ytimg.com www.youtube.com www.youtube-nocookie.com 'nonce-663q9IQ0zMJl99ApWpg3fQ==''. Either the 'unsafe-inline' keyword, a hash ('sha256-KqJA1m/a7A+KctYBKJR75bChscDI9FIV+NeO58+zJmA='), or a nonce ('nonce-...') is required to enable inline execution. The action has been blocked.",false,0,0,0,0,,Skipped (not requested),0,,Vessel traffic services (VTS) licence - GOV.UK
58,GOV.UK,chromium,both,desktop,1280,800,https://gov.uk/flood-and-coastal-erosion-risk-management-research-reports/adapting-to-coastal-erosion-evaluation-of-rollback-and-leaseback-schemes-in-coastal-change-pathfinder-projects,https://www.gov.uk/flood-and-coastal-erosion-risk-management-research-reports/adapting-to-coastal-erosion-evaluation-of-rollback-and-leaseback-schemes-in-coastal-change-pathfinder-projects,200,true,true,28090,false,0,0,0,0,,Skipped (not requested),true,660,2,0,46,region,,false,0,0,0,0,0,0,,Skipped (not requested),false,0,0,0,0,0,0,,"page.addScriptTag: Executing inline script violates the following Content Security Policy directive 'script-src 'self' www.google-analytics.com ssl.google-analytics.com stats.g.doubleclick.net www.googletagmanager.com www.region1.google-analytics.com region1.google-analytics.com www.google.co.uk analytics.google.com *.analytics.google.com www.google.com www.gstatic.com *.ytimg.com www.youtube.com www.youtube-nocookie.com 'nonce-2iT+SW1iw+Cht8X9qBAJjA==''. Either the 'unsafe-inline' keyword, a hash ('sha256-KqJA1m/a7A+KctYBKJR75bChscDI9FIV+NeO58+zJmA='), or a nonce ('nonce-...') is required to enable inline execution. The action has been blocked.",false,0,0,0,0,,Skipped (not requested),0,,Adapting to coastal erosion - evaluation of rollback and leaseback schemes in coastal change pathfinder projects - GOV.UK
