issue_number,scan_title,scan_browser,scan_color_scheme,scan_viewport_preset,scan_viewport_width,scan_viewport_height,submitted_url,final_url,http_status,fetch_ok,redirected,elapsed_ms,alfa_executed,alfa_passed,alfa_failed,alfa_cant_tell,alfa_inapplicable,alfa_failed_rules,alfa_error,axe_executed,axe_passed,axe_failed,axe_cant_tell,axe_inapplicable,axe_failed_rules,axe_error,equal_access_executed,equal_access_passed,equal_access_failed,equal_access_failed_unique,equal_access_failed_duplicates,equal_access_cant_tell,equal_access_inapplicable,equal_access_failed_rules,equal_access_error,accesslint_executed,accesslint_passed,accesslint_failed,accesslint_failed_unique,accesslint_failed_duplicates,accesslint_cant_tell,accesslint_inapplicable,accesslint_failed_rules,accesslint_error,qualweb_executed,qualweb_passed,qualweb_failed,qualweb_cant_tell,qualweb_inapplicable,qualweb_failed_rules,qualweb_error,duplicate_findings,fetch_error,page_title
169,NSF.gov —,chromium,both,desktop,1280,800,https://nsf.gov/,https://www.nsf.gov/,200,true,true,8805,false,0,0,0,0,,"Error: Could not find Chrome (ver. 145.0.7632.77). This can occur if either
 1. you did not perform an installation before running the script (e.g. `npx puppeteer browsers install chrome`) or
 2. your cache path is incorrectly configured (which is: /home/runner/.cache/puppeteer).
For (2), check out our guide on configuring puppeteer at https://pptr.dev/guides/configuration.
    at ChromeLauncher.resolveExecutablePath (file:///home/runner/work/open-scans/open-scans/node_modules/puppeteer-core/lib/esm/puppeteer/node/BrowserLauncher.js:298:27)
    at ChromeLauncher.computeLaunchArguments (file:///home/runner/work/open-scans/open-scans/node_modules/puppeteer-core/lib/esm/puppeteer/node/ChromeLauncher.js:86:24)
    at async ChromeLauncher.launch (file:///home/runner/work/open-scans/open-scans/node_modules/puppeteer-core/lib/esm/puppeteer/node/BrowserLauncher.js:49:28)
    at async Scraper.of (file:///home/runner/work/open-scans/open-scans/node_modules/@siteimprove/alfa-scraper/dist/scraper.js:29:28)
    at async Module.run (file:///home/runner/work/open-scans/open-scans/node_modules/@siteimprove/alfa-cli/bin/alfa/command/scrape/run.js:94:21)
    at async run (file:///home/runner/work/open-scans/open-scans/node_modules/@siteimprove/alfa-cli/bin/alfa/command/audit/run.js:31:24)",true,1008,2,24,45,landmark-complementary-is-top-level;region,,false,0,0,0,0,0,0,,Skipped (not requested),false,0,0,0,0,0,0,,Skipped (not requested),false,0,0,0,0,,Skipped (not requested),0,,NSF - U.S. National Science Foundation
169,NSF.gov —,chromium,both,desktop,1280,800,https://nsf.gov/funding/,https://www.nsf.gov/funding,200,true,true,9023,false,0,0,0,0,,"Error: Could not find Chrome (ver. 145.0.7632.77). This can occur if either
 1. you did not perform an installation before running the script (e.g. `npx puppeteer browsers install chrome`) or
 2. your cache path is incorrectly configured (which is: /home/runner/.cache/puppeteer).
For (2), check out our guide on configuring puppeteer at https://pptr.dev/guides/configuration.
    at ChromeLauncher.resolveExecutablePath (file:///home/runner/work/open-scans/open-scans/node_modules/puppeteer-core/lib/esm/puppeteer/node/BrowserLauncher.js:298:27)
    at ChromeLauncher.computeLaunchArguments (file:///home/runner/work/open-scans/open-scans/node_modules/puppeteer-core/lib/esm/puppeteer/node/ChromeLauncher.js:86:24)
    at async ChromeLauncher.launch (file:///home/runner/work/open-scans/open-scans/node_modules/puppeteer-core/lib/esm/puppeteer/node/BrowserLauncher.js:49:28)
    at async Scraper.of (file:///home/runner/work/open-scans/open-scans/node_modules/@siteimprove/alfa-scraper/dist/scraper.js:29:28)
    at async Module.run (file:///home/runner/work/open-scans/open-scans/node_modules/@siteimprove/alfa-cli/bin/alfa/command/scrape/run.js:94:21)
    at async run (file:///home/runner/work/open-scans/open-scans/node_modules/@siteimprove/alfa-cli/bin/alfa/command/audit/run.js:31:24)",true,1986,4,28,90,region,,false,0,0,0,0,0,0,,Skipped (not requested),false,0,0,0,0,0,0,,Skipped (not requested),false,0,0,0,0,,Skipped (not requested),0,,Funding at NSF | NSF - U.S. National Science Foundation
169,NSF.gov —,chromium,both,desktop,1280,800,https://nsf.gov/about/,https://www.nsf.gov/about,200,true,true,9729,false,0,0,0,0,,"Error: Could not find Chrome (ver. 145.0.7632.77). This can occur if either
 1. you did not perform an installation before running the script (e.g. `npx puppeteer browsers install chrome`) or
 2. your cache path is incorrectly configured (which is: /home/runner/.cache/puppeteer).
For (2), check out our guide on configuring puppeteer at https://pptr.dev/guides/configuration.
    at ChromeLauncher.resolveExecutablePath (file:///home/runner/work/open-scans/open-scans/node_modules/puppeteer-core/lib/esm/puppeteer/node/BrowserLauncher.js:298:27)
    at ChromeLauncher.computeLaunchArguments (file:///home/runner/work/open-scans/open-scans/node_modules/puppeteer-core/lib/esm/puppeteer/node/ChromeLauncher.js:86:24)
    at async ChromeLauncher.launch (file:///home/runner/work/open-scans/open-scans/node_modules/puppeteer-core/lib/esm/puppeteer/node/BrowserLauncher.js:49:28)
    at async Scraper.of (file:///home/runner/work/open-scans/open-scans/node_modules/@siteimprove/alfa-scraper/dist/scraper.js:29:28)
    at async Module.run (file:///home/runner/work/open-scans/open-scans/node_modules/@siteimprove/alfa-cli/bin/alfa/command/scrape/run.js:94:21)
    at async run (file:///home/runner/work/open-scans/open-scans/node_modules/@siteimprove/alfa-cli/bin/alfa/command/audit/run.js:31:24)",true,2688,8,26,76,aria-prohibited-attr;button-name;landmark-complementary-is-top-level;region,,false,0,0,0,0,0,0,,Skipped (not requested),false,0,0,0,0,0,0,,Skipped (not requested),false,0,0,0,0,,Skipped (not requested),2,,About NSF | NSF - U.S. National Science Foundation
169,NSF.gov —,chromium,both,desktop,1280,800,https://nsf.gov/news/,https://www.nsf.gov/news,200,true,true,7911,false,0,0,0,0,,"Error: Could not find Chrome (ver. 145.0.7632.77). This can occur if either
 1. you did not perform an installation before running the script (e.g. `npx puppeteer browsers install chrome`) or
 2. your cache path is incorrectly configured (which is: /home/runner/.cache/puppeteer).
For (2), check out our guide on configuring puppeteer at https://pptr.dev/guides/configuration.
    at ChromeLauncher.resolveExecutablePath (file:///home/runner/work/open-scans/open-scans/node_modules/puppeteer-core/lib/esm/puppeteer/node/BrowserLauncher.js:298:27)
    at ChromeLauncher.computeLaunchArguments (file:///home/runner/work/open-scans/open-scans/node_modules/puppeteer-core/lib/esm/puppeteer/node/ChromeLauncher.js:86:24)
    at async ChromeLauncher.launch (file:///home/runner/work/open-scans/open-scans/node_modules/puppeteer-core/lib/esm/puppeteer/node/BrowserLauncher.js:49:28)
    at async Scraper.of (file:///home/runner/work/open-scans/open-scans/node_modules/@siteimprove/alfa-scraper/dist/scraper.js:29:28)
    at async Module.run (file:///home/runner/work/open-scans/open-scans/node_modules/@siteimprove/alfa-cli/bin/alfa/command/scrape/run.js:94:21)
    at async run (file:///home/runner/work/open-scans/open-scans/node_modules/@siteimprove/alfa-cli/bin/alfa/command/audit/run.js:31:24)",true,973,2,7,45,region,,false,0,0,0,0,0,0,,Skipped (not requested),false,0,0,0,0,0,0,,Skipped (not requested),false,0,0,0,0,,Skipped (not requested),0,,News | NSF - U.S. National Science Foundation
169,NSF.gov —,chromium,both,desktop,1280,800,https://nsf.gov/search/,https://search.nsf.gov/search?query=&affiliate=nsf&search=,202,true,true,7123,false,0,0,0,0,,"Error: Could not find Chrome (ver. 145.0.7632.77). This can occur if either
 1. you did not perform an installation before running the script (e.g. `npx puppeteer browsers install chrome`) or
 2. your cache path is incorrectly configured (which is: /home/runner/.cache/puppeteer).
For (2), check out our guide on configuring puppeteer at https://pptr.dev/guides/configuration.
    at ChromeLauncher.resolveExecutablePath (file:///home/runner/work/open-scans/open-scans/node_modules/puppeteer-core/lib/esm/puppeteer/node/BrowserLauncher.js:298:27)
    at ChromeLauncher.computeLaunchArguments (file:///home/runner/work/open-scans/open-scans/node_modules/puppeteer-core/lib/esm/puppeteer/node/ChromeLauncher.js:86:24)
    at async ChromeLauncher.launch (file:///home/runner/work/open-scans/open-scans/node_modules/puppeteer-core/lib/esm/puppeteer/node/BrowserLauncher.js:49:28)
    at async Scraper.of (file:///home/runner/work/open-scans/open-scans/node_modules/@siteimprove/alfa-scraper/dist/scraper.js:29:28)
    at async Module.run (file:///home/runner/work/open-scans/open-scans/node_modules/@siteimprove/alfa-cli/bin/alfa/command/scrape/run.js:94:21)
    at async run (file:///home/runner/work/open-scans/open-scans/node_modules/@siteimprove/alfa-cli/bin/alfa/command/audit/run.js:31:24)",true,165,7,1,48,heading-order;landmark-no-duplicate-banner;landmark-one-main;landmark-unique;region;skip-link,,false,0,0,0,0,0,0,,Skipped (not requested),false,0,0,0,0,0,0,,Skipped (not requested),false,0,0,0,0,,Skipped (not requested),0,,
169,NSF.gov —,chromium,both,desktop,1280,800,https://nsf.gov/sitemap/,https://www.nsf.gov/sitemap,200,true,true,8497,false,0,0,0,0,,"Error: Could not find Chrome (ver. 145.0.7632.77). This can occur if either
 1. you did not perform an installation before running the script (e.g. `npx puppeteer browsers install chrome`) or
 2. your cache path is incorrectly configured (which is: /home/runner/.cache/puppeteer).
For (2), check out our guide on configuring puppeteer at https://pptr.dev/guides/configuration.
    at ChromeLauncher.resolveExecutablePath (file:///home/runner/work/open-scans/open-scans/node_modules/puppeteer-core/lib/esm/puppeteer/node/BrowserLauncher.js:298:27)
    at ChromeLauncher.computeLaunchArguments (file:///home/runner/work/open-scans/open-scans/node_modules/puppeteer-core/lib/esm/puppeteer/node/ChromeLauncher.js:86:24)
    at async ChromeLauncher.launch (file:///home/runner/work/open-scans/open-scans/node_modules/puppeteer-core/lib/esm/puppeteer/node/BrowserLauncher.js:49:28)
    at async Scraper.of (file:///home/runner/work/open-scans/open-scans/node_modules/@siteimprove/alfa-scraper/dist/scraper.js:29:28)
    at async Module.run (file:///home/runner/work/open-scans/open-scans/node_modules/@siteimprove/alfa-cli/bin/alfa/command/scrape/run.js:94:21)
    at async run (file:///home/runner/work/open-scans/open-scans/node_modules/@siteimprove/alfa-cli/bin/alfa/command/audit/run.js:31:24)",true,1472,2,7,44,region,,false,0,0,0,0,0,0,,Skipped (not requested),false,0,0,0,0,0,0,,Skipped (not requested),false,0,0,0,0,,Skipped (not requested),0,,Sitemap | NSF - U.S. National Science Foundation
169,NSF.gov —,chromium,both,desktop,1280,800,https://nsf.gov/digital/strategy,https://www.nsf.gov/digital/strategy,200,true,true,9298,false,0,0,0,0,,"Error: Could not find Chrome (ver. 145.0.7632.77). This can occur if either
 1. you did not perform an installation before running the script (e.g. `npx puppeteer browsers install chrome`) or
 2. your cache path is incorrectly configured (which is: /home/runner/.cache/puppeteer).
For (2), check out our guide on configuring puppeteer at https://pptr.dev/guides/configuration.
    at ChromeLauncher.resolveExecutablePath (file:///home/runner/work/open-scans/open-scans/node_modules/puppeteer-core/lib/esm/puppeteer/node/BrowserLauncher.js:298:27)
    at ChromeLauncher.computeLaunchArguments (file:///home/runner/work/open-scans/open-scans/node_modules/puppeteer-core/lib/esm/puppeteer/node/ChromeLauncher.js:86:24)
    at async ChromeLauncher.launch (file:///home/runner/work/open-scans/open-scans/node_modules/puppeteer-core/lib/esm/puppeteer/node/BrowserLauncher.js:49:28)
    at async Scraper.of (file:///home/runner/work/open-scans/open-scans/node_modules/@siteimprove/alfa-scraper/dist/scraper.js:29:28)
    at async Module.run (file:///home/runner/work/open-scans/open-scans/node_modules/@siteimprove/alfa-cli/bin/alfa/command/scrape/run.js:94:21)
    at async run (file:///home/runner/work/open-scans/open-scans/node_modules/@siteimprove/alfa-cli/bin/alfa/command/audit/run.js:31:24)",true,847,2,7,44,region,,false,0,0,0,0,0,0,,Skipped (not requested),false,0,0,0,0,0,0,,Skipped (not requested),false,0,0,0,0,,Skipped (not requested),0,,Digital Strategy at NSF - Open Government | NSF - U.S. National Science Foundation
169,NSF.gov —,chromium,both,desktop,1280,800,https://nsf.gov/about/history/big-ideas,https://www.nsf.gov/about/history/big-ideas,200,true,true,8159,false,0,0,0,0,,"Error: Could not find Chrome (ver. 145.0.7632.77). This can occur if either
 1. you did not perform an installation before running the script (e.g. `npx puppeteer browsers install chrome`) or
 2. your cache path is incorrectly configured (which is: /home/runner/.cache/puppeteer).
For (2), check out our guide on configuring puppeteer at https://pptr.dev/guides/configuration.
    at ChromeLauncher.resolveExecutablePath (file:///home/runner/work/open-scans/open-scans/node_modules/puppeteer-core/lib/esm/puppeteer/node/BrowserLauncher.js:298:27)
    at ChromeLauncher.computeLaunchArguments (file:///home/runner/work/open-scans/open-scans/node_modules/puppeteer-core/lib/esm/puppeteer/node/ChromeLauncher.js:86:24)
    at async ChromeLauncher.launch (file:///home/runner/work/open-scans/open-scans/node_modules/puppeteer-core/lib/esm/puppeteer/node/BrowserLauncher.js:49:28)
    at async Scraper.of (file:///home/runner/work/open-scans/open-scans/node_modules/@siteimprove/alfa-scraper/dist/scraper.js:29:28)
    at async Module.run (file:///home/runner/work/open-scans/open-scans/node_modules/@siteimprove/alfa-cli/bin/alfa/command/scrape/run.js:94:21)
    at async run (file:///home/runner/work/open-scans/open-scans/node_modules/@siteimprove/alfa-cli/bin/alfa/command/audit/run.js:31:24)",true,1454,2,45,42,landmark-complementary-is-top-level;region,,false,0,0,0,0,0,0,,Skipped (not requested),false,0,0,0,0,0,0,,Skipped (not requested),false,0,0,0,0,,Skipped (not requested),0,,NSF&#039;s 10 Big Ideas - About NSF | NSF - U.S. National Science Foundation
169,NSF.gov —,chromium,both,desktop,1280,800,https://nsf.gov/about/research-areas,https://www.nsf.gov/about/research-areas,403,false,true,8591,false,0,0,0,0,,"Error: Could not find Chrome (ver. 145.0.7632.77). This can occur if either
 1. you did not perform an installation before running the script (e.g. `npx puppeteer browsers install chrome`) or
 2. your cache path is incorrectly configured (which is: /home/runner/.cache/puppeteer).
For (2), check out our guide on configuring puppeteer at https://pptr.dev/guides/configuration.
    at ChromeLauncher.resolveExecutablePath (file:///home/runner/work/open-scans/open-scans/node_modules/puppeteer-core/lib/esm/puppeteer/node/BrowserLauncher.js:298:27)
    at ChromeLauncher.computeLaunchArguments (file:///home/runner/work/open-scans/open-scans/node_modules/puppeteer-core/lib/esm/puppeteer/node/ChromeLauncher.js:86:24)
    at async ChromeLauncher.launch (file:///home/runner/work/open-scans/open-scans/node_modules/puppeteer-core/lib/esm/puppeteer/node/BrowserLauncher.js:49:28)
    at async Scraper.of (file:///home/runner/work/open-scans/open-scans/node_modules/@siteimprove/alfa-scraper/dist/scraper.js:29:28)
    at async Module.run (file:///home/runner/work/open-scans/open-scans/node_modules/@siteimprove/alfa-cli/bin/alfa/command/scrape/run.js:94:21)
    at async run (file:///home/runner/work/open-scans/open-scans/node_modules/@siteimprove/alfa-cli/bin/alfa/command/audit/run.js:31:24)",true,668,2,8,44,landmark-complementary-is-top-level;region,,false,0,0,0,0,0,0,,Skipped (not requested),false,0,0,0,0,0,0,,Skipped (not requested),false,0,0,0,0,,Skipped (not requested),0,,Access Denied | NSF - U.S. National Science Foundation
169,NSF.gov —,chromium,both,desktop,1280,800,https://nsf.gov/updates-on-priorities,https://www.nsf.gov/updates-on-priorities,200,true,true,8378,false,0,0,0,0,,"Error: Could not find Chrome (ver. 145.0.7632.77). This can occur if either
 1. you did not perform an installation before running the script (e.g. `npx puppeteer browsers install chrome`) or
 2. your cache path is incorrectly configured (which is: /home/runner/.cache/puppeteer).
For (2), check out our guide on configuring puppeteer at https://pptr.dev/guides/configuration.
    at ChromeLauncher.resolveExecutablePath (file:///home/runner/work/open-scans/open-scans/node_modules/puppeteer-core/lib/esm/puppeteer/node/BrowserLauncher.js:298:27)
    at ChromeLauncher.computeLaunchArguments (file:///home/runner/work/open-scans/open-scans/node_modules/puppeteer-core/lib/esm/puppeteer/node/ChromeLauncher.js:86:24)
    at async ChromeLauncher.launch (file:///home/runner/work/open-scans/open-scans/node_modules/puppeteer-core/lib/esm/puppeteer/node/BrowserLauncher.js:49:28)
    at async Scraper.of (file:///home/runner/work/open-scans/open-scans/node_modules/@siteimprove/alfa-scraper/dist/scraper.js:29:28)
    at async Module.run (file:///home/runner/work/open-scans/open-scans/node_modules/@siteimprove/alfa-cli/bin/alfa/command/scrape/run.js:94:21)
    at async run (file:///home/runner/work/open-scans/open-scans/node_modules/@siteimprove/alfa-cli/bin/alfa/command/audit/run.js:31:24)",true,1619,3,9,43,heading-order;region,,false,0,0,0,0,0,0,,Skipped (not requested),false,0,0,0,0,0,0,,Skipped (not requested),false,0,0,0,0,,Skipped (not requested),0,,Updates on NSF Priorities | NSF - U.S. National Science Foundation
169,NSF.gov —,chromium,both,desktop,1280,800,https://nsf.gov/about/governance,https://www.nsf.gov/about/governance,404,false,true,8833,false,0,0,0,0,,"Error: Could not find Chrome (ver. 145.0.7632.77). This can occur if either
 1. you did not perform an installation before running the script (e.g. `npx puppeteer browsers install chrome`) or
 2. your cache path is incorrectly configured (which is: /home/runner/.cache/puppeteer).
For (2), check out our guide on configuring puppeteer at https://pptr.dev/guides/configuration.
    at ChromeLauncher.resolveExecutablePath (file:///home/runner/work/open-scans/open-scans/node_modules/puppeteer-core/lib/esm/puppeteer/node/BrowserLauncher.js:298:27)
    at ChromeLauncher.computeLaunchArguments (file:///home/runner/work/open-scans/open-scans/node_modules/puppeteer-core/lib/esm/puppeteer/node/ChromeLauncher.js:86:24)
    at async ChromeLauncher.launch (file:///home/runner/work/open-scans/open-scans/node_modules/puppeteer-core/lib/esm/puppeteer/node/BrowserLauncher.js:49:28)
    at async Scraper.of (file:///home/runner/work/open-scans/open-scans/node_modules/@siteimprove/alfa-scraper/dist/scraper.js:29:28)
    at async Module.run (file:///home/runner/work/open-scans/open-scans/node_modules/@siteimprove/alfa-cli/bin/alfa/command/scrape/run.js:94:21)
    at async run (file:///home/runner/work/open-scans/open-scans/node_modules/@siteimprove/alfa-cli/bin/alfa/command/audit/run.js:31:24)",true,666,2,8,44,landmark-complementary-is-top-level;region,,false,0,0,0,0,0,0,,Skipped (not requested),false,0,0,0,0,0,0,,Skipped (not requested),false,0,0,0,0,,Skipped (not requested),0,,Page Not Found | NSF - U.S. National Science Foundation
169,NSF.gov —,chromium,both,desktop,1280,800,https://nsf.gov/about/career-opportunities,https://www.nsf.gov/about/career-opportunities,404,false,true,8743,false,0,0,0,0,,"Error: Could not find Chrome (ver. 145.0.7632.77). This can occur if either
 1. you did not perform an installation before running the script (e.g. `npx puppeteer browsers install chrome`) or
 2. your cache path is incorrectly configured (which is: /home/runner/.cache/puppeteer).
For (2), check out our guide on configuring puppeteer at https://pptr.dev/guides/configuration.
    at ChromeLauncher.resolveExecutablePath (file:///home/runner/work/open-scans/open-scans/node_modules/puppeteer-core/lib/esm/puppeteer/node/BrowserLauncher.js:298:27)
    at ChromeLauncher.computeLaunchArguments (file:///home/runner/work/open-scans/open-scans/node_modules/puppeteer-core/lib/esm/puppeteer/node/ChromeLauncher.js:86:24)
    at async ChromeLauncher.launch (file:///home/runner/work/open-scans/open-scans/node_modules/puppeteer-core/lib/esm/puppeteer/node/BrowserLauncher.js:49:28)
    at async Scraper.of (file:///home/runner/work/open-scans/open-scans/node_modules/@siteimprove/alfa-scraper/dist/scraper.js:29:28)
    at async Module.run (file:///home/runner/work/open-scans/open-scans/node_modules/@siteimprove/alfa-cli/bin/alfa/command/scrape/run.js:94:21)
    at async run (file:///home/runner/work/open-scans/open-scans/node_modules/@siteimprove/alfa-cli/bin/alfa/command/audit/run.js:31:24)",true,666,2,8,44,landmark-complementary-is-top-level;region,,false,0,0,0,0,0,0,,Skipped (not requested),false,0,0,0,0,0,0,,Skipped (not requested),false,0,0,0,0,,Skipped (not requested),0,,Page Not Found | NSF - U.S. National Science Foundation
169,NSF.gov —,chromium,both,desktop,1280,800,https://nsf.gov/about/contact,https://www.nsf.gov/about/contact,404,false,true,8623,false,0,0,0,0,,"Error: Could not find Chrome (ver. 145.0.7632.77). This can occur if either
 1. you did not perform an installation before running the script (e.g. `npx puppeteer browsers install chrome`) or
 2. your cache path is incorrectly configured (which is: /home/runner/.cache/puppeteer).
For (2), check out our guide on configuring puppeteer at https://pptr.dev/guides/configuration.
    at ChromeLauncher.resolveExecutablePath (file:///home/runner/work/open-scans/open-scans/node_modules/puppeteer-core/lib/esm/puppeteer/node/BrowserLauncher.js:298:27)
    at ChromeLauncher.computeLaunchArguments (file:///home/runner/work/open-scans/open-scans/node_modules/puppeteer-core/lib/esm/puppeteer/node/ChromeLauncher.js:86:24)
    at async ChromeLauncher.launch (file:///home/runner/work/open-scans/open-scans/node_modules/puppeteer-core/lib/esm/puppeteer/node/BrowserLauncher.js:49:28)
    at async Scraper.of (file:///home/runner/work/open-scans/open-scans/node_modules/@siteimprove/alfa-scraper/dist/scraper.js:29:28)
    at async Module.run (file:///home/runner/work/open-scans/open-scans/node_modules/@siteimprove/alfa-cli/bin/alfa/command/scrape/run.js:94:21)
    at async run (file:///home/runner/work/open-scans/open-scans/node_modules/@siteimprove/alfa-cli/bin/alfa/command/audit/run.js:31:24)",true,666,2,8,44,landmark-complementary-is-top-level;region,,false,0,0,0,0,0,0,,Skipped (not requested),false,0,0,0,0,0,0,,Skipped (not requested),false,0,0,0,0,,Skipped (not requested),0,,Page Not Found | NSF - U.S. National Science Foundation
169,NSF.gov —,chromium,both,desktop,1280,800,https://nsf.gov/about/foia/,https://www.nsf.gov/about/foia/,404,false,true,8672,false,0,0,0,0,,"Error: Could not find Chrome (ver. 145.0.7632.77). This can occur if either
 1. you did not perform an installation before running the script (e.g. `npx puppeteer browsers install chrome`) or
 2. your cache path is incorrectly configured (which is: /home/runner/.cache/puppeteer).
For (2), check out our guide on configuring puppeteer at https://pptr.dev/guides/configuration.
    at ChromeLauncher.resolveExecutablePath (file:///home/runner/work/open-scans/open-scans/node_modules/puppeteer-core/lib/esm/puppeteer/node/BrowserLauncher.js:298:27)
    at ChromeLauncher.computeLaunchArguments (file:///home/runner/work/open-scans/open-scans/node_modules/puppeteer-core/lib/esm/puppeteer/node/ChromeLauncher.js:86:24)
    at async ChromeLauncher.launch (file:///home/runner/work/open-scans/open-scans/node_modules/puppeteer-core/lib/esm/puppeteer/node/BrowserLauncher.js:49:28)
    at async Scraper.of (file:///home/runner/work/open-scans/open-scans/node_modules/@siteimprove/alfa-scraper/dist/scraper.js:29:28)
    at async Module.run (file:///home/runner/work/open-scans/open-scans/node_modules/@siteimprove/alfa-cli/bin/alfa/command/scrape/run.js:94:21)
    at async run (file:///home/runner/work/open-scans/open-scans/node_modules/@siteimprove/alfa-cli/bin/alfa/command/audit/run.js:31:24)",true,666,2,8,44,landmark-complementary-is-top-level;region,,false,0,0,0,0,0,0,,Skipped (not requested),false,0,0,0,0,0,0,,Skipped (not requested),false,0,0,0,0,,Skipped (not requested),0,,Page Not Found | NSF - U.S. National Science Foundation
169,NSF.gov —,chromium,both,desktop,1280,800,https://nsf.gov/about/visit,https://www.nsf.gov/about/contact-us,200,true,true,9015,false,0,0,0,0,,"Error: Could not find Chrome (ver. 145.0.7632.77). This can occur if either
 1. you did not perform an installation before running the script (e.g. `npx puppeteer browsers install chrome`) or
 2. your cache path is incorrectly configured (which is: /home/runner/.cache/puppeteer).
For (2), check out our guide on configuring puppeteer at https://pptr.dev/guides/configuration.
    at ChromeLauncher.resolveExecutablePath (file:///home/runner/work/open-scans/open-scans/node_modules/puppeteer-core/lib/esm/puppeteer/node/BrowserLauncher.js:298:27)
    at ChromeLauncher.computeLaunchArguments (file:///home/runner/work/open-scans/open-scans/node_modules/puppeteer-core/lib/esm/puppeteer/node/ChromeLauncher.js:86:24)
    at async ChromeLauncher.launch (file:///home/runner/work/open-scans/open-scans/node_modules/puppeteer-core/lib/esm/puppeteer/node/BrowserLauncher.js:49:28)
    at async Scraper.of (file:///home/runner/work/open-scans/open-scans/node_modules/@siteimprove/alfa-scraper/dist/scraper.js:29:28)
    at async Module.run (file:///home/runner/work/open-scans/open-scans/node_modules/@siteimprove/alfa-cli/bin/alfa/command/scrape/run.js:94:21)
    at async run (file:///home/runner/work/open-scans/open-scans/node_modules/@siteimprove/alfa-cli/bin/alfa/command/audit/run.js:31:24)",true,2016,4,20,86,region,,false,0,0,0,0,0,0,,Skipped (not requested),false,0,0,0,0,0,0,,Skipped (not requested),false,0,0,0,0,,Skipped (not requested),0,,Contact Us - About NSF | NSF - U.S. National Science Foundation
169,NSF.gov —,chromium,both,desktop,1280,800,https://nsf.gov/funding/award-search,https://www.nsf.gov/funding/award-search,200,true,true,7940,false,0,0,0,0,,"Error: Could not find Chrome (ver. 145.0.7632.77). This can occur if either
 1. you did not perform an installation before running the script (e.g. `npx puppeteer browsers install chrome`) or
 2. your cache path is incorrectly configured (which is: /home/runner/.cache/puppeteer).
For (2), check out our guide on configuring puppeteer at https://pptr.dev/guides/configuration.
    at ChromeLauncher.resolveExecutablePath (file:///home/runner/work/open-scans/open-scans/node_modules/puppeteer-core/lib/esm/puppeteer/node/BrowserLauncher.js:298:27)
    at ChromeLauncher.computeLaunchArguments (file:///home/runner/work/open-scans/open-scans/node_modules/puppeteer-core/lib/esm/puppeteer/node/ChromeLauncher.js:86:24)
    at async ChromeLauncher.launch (file:///home/runner/work/open-scans/open-scans/node_modules/puppeteer-core/lib/esm/puppeteer/node/BrowserLauncher.js:49:28)
    at async Scraper.of (file:///home/runner/work/open-scans/open-scans/node_modules/@siteimprove/alfa-scraper/dist/scraper.js:29:28)
    at async Module.run (file:///home/runner/work/open-scans/open-scans/node_modules/@siteimprove/alfa-cli/bin/alfa/command/scrape/run.js:94:21)
    at async run (file:///home/runner/work/open-scans/open-scans/node_modules/@siteimprove/alfa-cli/bin/alfa/command/audit/run.js:31:24)",true,1045,3,20,43,landmark-complementary-is-top-level;region,,false,0,0,0,0,0,0,,Skipped (not requested),false,0,0,0,0,0,0,,Skipped (not requested),false,0,0,0,0,,Skipped (not requested),0,,Award Search Overview - Funding at NSF | NSF - U.S. National Science Foundation
169,NSF.gov —,chromium,both,desktop,1280,800,https://nsf.gov/funding/opportunities,https://www.nsf.gov/funding/opportunities,202,true,true,5452,false,0,0,0,0,,"Error: Could not find Chrome (ver. 145.0.7632.77). This can occur if either
 1. you did not perform an installation before running the script (e.g. `npx puppeteer browsers install chrome`) or
 2. your cache path is incorrectly configured (which is: /home/runner/.cache/puppeteer).
For (2), check out our guide on configuring puppeteer at https://pptr.dev/guides/configuration.
    at ChromeLauncher.resolveExecutablePath (file:///home/runner/work/open-scans/open-scans/node_modules/puppeteer-core/lib/esm/puppeteer/node/BrowserLauncher.js:298:27)
    at ChromeLauncher.computeLaunchArguments (file:///home/runner/work/open-scans/open-scans/node_modules/puppeteer-core/lib/esm/puppeteer/node/ChromeLauncher.js:86:24)
    at async ChromeLauncher.launch (file:///home/runner/work/open-scans/open-scans/node_modules/puppeteer-core/lib/esm/puppeteer/node/BrowserLauncher.js:49:28)
    at async Scraper.of (file:///home/runner/work/open-scans/open-scans/node_modules/@siteimprove/alfa-scraper/dist/scraper.js:29:28)
    at async Module.run (file:///home/runner/work/open-scans/open-scans/node_modules/@siteimprove/alfa-cli/bin/alfa/command/scrape/run.js:94:21)
    at async run (file:///home/runner/work/open-scans/open-scans/node_modules/@siteimprove/alfa-cli/bin/alfa/command/audit/run.js:31:24)",true,18,5,0,79,html-has-lang;landmark-one-main;region,,false,0,0,0,0,0,0,,Skipped (not requested),false,0,0,0,0,0,0,,Skipped (not requested),false,0,0,0,0,,Skipped (not requested),0,,
169,NSF.gov —,chromium,both,desktop,1280,800,https://nsf.gov/funding/how-to-apply,https://www.nsf.gov/funding/how-to-apply,404,false,true,8899,false,0,0,0,0,,"Error: Could not find Chrome (ver. 145.0.7632.77). This can occur if either
 1. you did not perform an installation before running the script (e.g. `npx puppeteer browsers install chrome`) or
 2. your cache path is incorrectly configured (which is: /home/runner/.cache/puppeteer).
For (2), check out our guide on configuring puppeteer at https://pptr.dev/guides/configuration.
    at ChromeLauncher.resolveExecutablePath (file:///home/runner/work/open-scans/open-scans/node_modules/puppeteer-core/lib/esm/puppeteer/node/BrowserLauncher.js:298:27)
    at ChromeLauncher.computeLaunchArguments (file:///home/runner/work/open-scans/open-scans/node_modules/puppeteer-core/lib/esm/puppeteer/node/ChromeLauncher.js:86:24)
    at async ChromeLauncher.launch (file:///home/runner/work/open-scans/open-scans/node_modules/puppeteer-core/lib/esm/puppeteer/node/BrowserLauncher.js:49:28)
    at async Scraper.of (file:///home/runner/work/open-scans/open-scans/node_modules/@siteimprove/alfa-scraper/dist/scraper.js:29:28)
    at async Module.run (file:///home/runner/work/open-scans/open-scans/node_modules/@siteimprove/alfa-cli/bin/alfa/command/scrape/run.js:94:21)
    at async run (file:///home/runner/work/open-scans/open-scans/node_modules/@siteimprove/alfa-cli/bin/alfa/command/audit/run.js:31:24)",true,666,2,8,44,landmark-complementary-is-top-level;region,,false,0,0,0,0,0,0,,Skipped (not requested),false,0,0,0,0,0,0,,Skipped (not requested),false,0,0,0,0,,Skipped (not requested),0,,Page Not Found | NSF - U.S. National Science Foundation
169,NSF.gov —,chromium,both,desktop,1280,800,https://nsf.gov/funding/preparing-proposals,https://www.nsf.gov/funding/preparing-proposals,404,false,true,9448,false,0,0,0,0,,"Error: Could not find Chrome (ver. 145.0.7632.77). This can occur if either
 1. you did not perform an installation before running the script (e.g. `npx puppeteer browsers install chrome`) or
 2. your cache path is incorrectly configured (which is: /home/runner/.cache/puppeteer).
For (2), check out our guide on configuring puppeteer at https://pptr.dev/guides/configuration.
    at ChromeLauncher.resolveExecutablePath (file:///home/runner/work/open-scans/open-scans/node_modules/puppeteer-core/lib/esm/puppeteer/node/BrowserLauncher.js:298:27)
    at ChromeLauncher.computeLaunchArguments (file:///home/runner/work/open-scans/open-scans/node_modules/puppeteer-core/lib/esm/puppeteer/node/ChromeLauncher.js:86:24)
    at async ChromeLauncher.launch (file:///home/runner/work/open-scans/open-scans/node_modules/puppeteer-core/lib/esm/puppeteer/node/BrowserLauncher.js:49:28)
    at async Scraper.of (file:///home/runner/work/open-scans/open-scans/node_modules/@siteimprove/alfa-scraper/dist/scraper.js:29:28)
    at async Module.run (file:///home/runner/work/open-scans/open-scans/node_modules/@siteimprove/alfa-cli/bin/alfa/command/scrape/run.js:94:21)
    at async run (file:///home/runner/work/open-scans/open-scans/node_modules/@siteimprove/alfa-cli/bin/alfa/command/audit/run.js:31:24)",true,666,2,8,44,landmark-complementary-is-top-level;region,,false,0,0,0,0,0,0,,Skipped (not requested),false,0,0,0,0,0,0,,Skipped (not requested),false,0,0,0,0,,Skipped (not requested),0,,Page Not Found | NSF - U.S. National Science Foundation
169,NSF.gov —,chromium,both,desktop,1280,800,https://nsf.gov/funding/submission-methods,https://www.nsf.gov/funding/submission-methods,404,false,true,8316,false,0,0,0,0,,"Error: Could not find Chrome (ver. 145.0.7632.77). This can occur if either
 1. you did not perform an installation before running the script (e.g. `npx puppeteer browsers install chrome`) or
 2. your cache path is incorrectly configured (which is: /home/runner/.cache/puppeteer).
For (2), check out our guide on configuring puppeteer at https://pptr.dev/guides/configuration.
    at ChromeLauncher.resolveExecutablePath (file:///home/runner/work/open-scans/open-scans/node_modules/puppeteer-core/lib/esm/puppeteer/node/BrowserLauncher.js:298:27)
    at ChromeLauncher.computeLaunchArguments (file:///home/runner/work/open-scans/open-scans/node_modules/puppeteer-core/lib/esm/puppeteer/node/ChromeLauncher.js:86:24)
    at async ChromeLauncher.launch (file:///home/runner/work/open-scans/open-scans/node_modules/puppeteer-core/lib/esm/puppeteer/node/BrowserLauncher.js:49:28)
    at async Scraper.of (file:///home/runner/work/open-scans/open-scans/node_modules/@siteimprove/alfa-scraper/dist/scraper.js:29:28)
    at async Module.run (file:///home/runner/work/open-scans/open-scans/node_modules/@siteimprove/alfa-cli/bin/alfa/command/scrape/run.js:94:21)
    at async run (file:///home/runner/work/open-scans/open-scans/node_modules/@siteimprove/alfa-cli/bin/alfa/command/audit/run.js:31:24)",true,666,2,8,44,landmark-complementary-is-top-level;region,,false,0,0,0,0,0,0,,Skipped (not requested),false,0,0,0,0,0,0,,Skipped (not requested),false,0,0,0,0,,Skipped (not requested),0,,Page Not Found | NSF - U.S. National Science Foundation
169,NSF.gov —,chromium,both,desktop,1280,800,https://nsf.gov/funding/graduate-students,https://www.nsf.gov/funding/graduate-students,200,true,true,9567,false,0,0,0,0,,"Error: Could not find Chrome (ver. 145.0.7632.77). This can occur if either
 1. you did not perform an installation before running the script (e.g. `npx puppeteer browsers install chrome`) or
 2. your cache path is incorrectly configured (which is: /home/runner/.cache/puppeteer).
For (2), check out our guide on configuring puppeteer at https://pptr.dev/guides/configuration.
    at ChromeLauncher.resolveExecutablePath (file:///home/runner/work/open-scans/open-scans/node_modules/puppeteer-core/lib/esm/puppeteer/node/BrowserLauncher.js:298:27)
    at ChromeLauncher.computeLaunchArguments (file:///home/runner/work/open-scans/open-scans/node_modules/puppeteer-core/lib/esm/puppeteer/node/ChromeLauncher.js:86:24)
    at async ChromeLauncher.launch (file:///home/runner/work/open-scans/open-scans/node_modules/puppeteer-core/lib/esm/puppeteer/node/BrowserLauncher.js:49:28)
    at async Scraper.of (file:///home/runner/work/open-scans/open-scans/node_modules/@siteimprove/alfa-scraper/dist/scraper.js:29:28)
    at async Module.run (file:///home/runner/work/open-scans/open-scans/node_modules/@siteimprove/alfa-cli/bin/alfa/command/scrape/run.js:94:21)
    at async run (file:///home/runner/work/open-scans/open-scans/node_modules/@siteimprove/alfa-cli/bin/alfa/command/audit/run.js:31:24)",true,2814,6,56,84,landmark-complementary-is-top-level;region,,false,0,0,0,0,0,0,,Skipped (not requested),false,0,0,0,0,0,0,,Skipped (not requested),false,0,0,0,0,,Skipped (not requested),0,,Funding for Graduate Students - Funding at NSF | NSF - U.S. National Science Foundation
169,NSF.gov —,chromium,both,desktop,1280,800,https://nsf.gov/funding/postdoctoral-fellows,https://www.nsf.gov/funding/postdoctoral-fellows,404,false,true,8383,false,0,0,0,0,,"Error: Could not find Chrome (ver. 145.0.7632.77). This can occur if either
 1. you did not perform an installation before running the script (e.g. `npx puppeteer browsers install chrome`) or
 2. your cache path is incorrectly configured (which is: /home/runner/.cache/puppeteer).
For (2), check out our guide on configuring puppeteer at https://pptr.dev/guides/configuration.
    at ChromeLauncher.resolveExecutablePath (file:///home/runner/work/open-scans/open-scans/node_modules/puppeteer-core/lib/esm/puppeteer/node/BrowserLauncher.js:298:27)
    at ChromeLauncher.computeLaunchArguments (file:///home/runner/work/open-scans/open-scans/node_modules/puppeteer-core/lib/esm/puppeteer/node/ChromeLauncher.js:86:24)
    at async ChromeLauncher.launch (file:///home/runner/work/open-scans/open-scans/node_modules/puppeteer-core/lib/esm/puppeteer/node/BrowserLauncher.js:49:28)
    at async Scraper.of (file:///home/runner/work/open-scans/open-scans/node_modules/@siteimprove/alfa-scraper/dist/scraper.js:29:28)
    at async Module.run (file:///home/runner/work/open-scans/open-scans/node_modules/@siteimprove/alfa-cli/bin/alfa/command/scrape/run.js:94:21)
    at async run (file:///home/runner/work/open-scans/open-scans/node_modules/@siteimprove/alfa-cli/bin/alfa/command/audit/run.js:31:24)",true,666,2,8,44,landmark-complementary-is-top-level;region,,false,0,0,0,0,0,0,,Skipped (not requested),false,0,0,0,0,0,0,,Skipped (not requested),false,0,0,0,0,,Skipped (not requested),0,,Page Not Found | NSF - U.S. National Science Foundation
169,NSF.gov —,chromium,both,desktop,1280,800,https://nsf.gov/funding/small-business,https://www.nsf.gov/funding/small-business,404,false,true,8356,false,0,0,0,0,,"Error: Could not find Chrome (ver. 145.0.7632.77). This can occur if either
 1. you did not perform an installation before running the script (e.g. `npx puppeteer browsers install chrome`) or
 2. your cache path is incorrectly configured (which is: /home/runner/.cache/puppeteer).
For (2), check out our guide on configuring puppeteer at https://pptr.dev/guides/configuration.
    at ChromeLauncher.resolveExecutablePath (file:///home/runner/work/open-scans/open-scans/node_modules/puppeteer-core/lib/esm/puppeteer/node/BrowserLauncher.js:298:27)
    at ChromeLauncher.computeLaunchArguments (file:///home/runner/work/open-scans/open-scans/node_modules/puppeteer-core/lib/esm/puppeteer/node/ChromeLauncher.js:86:24)
    at async ChromeLauncher.launch (file:///home/runner/work/open-scans/open-scans/node_modules/puppeteer-core/lib/esm/puppeteer/node/BrowserLauncher.js:49:28)
    at async Scraper.of (file:///home/runner/work/open-scans/open-scans/node_modules/@siteimprove/alfa-scraper/dist/scraper.js:29:28)
    at async Module.run (file:///home/runner/work/open-scans/open-scans/node_modules/@siteimprove/alfa-cli/bin/alfa/command/scrape/run.js:94:21)
    at async run (file:///home/runner/work/open-scans/open-scans/node_modules/@siteimprove/alfa-cli/bin/alfa/command/audit/run.js:31:24)",true,666,2,8,44,landmark-complementary-is-top-level;region,,false,0,0,0,0,0,0,,Skipped (not requested),false,0,0,0,0,0,0,,Skipped (not requested),false,0,0,0,0,,Skipped (not requested),0,,Page Not Found | NSF - U.S. National Science Foundation
169,NSF.gov —,chromium,both,desktop,1280,800,https://nsf.gov/funding/opportunities/search-tips,https://www.nsf.gov/funding/opportunities/search-tips,200,true,true,8150,false,0,0,0,0,,"Error: Could not find Chrome (ver. 145.0.7632.77). This can occur if either
 1. you did not perform an installation before running the script (e.g. `npx puppeteer browsers install chrome`) or
 2. your cache path is incorrectly configured (which is: /home/runner/.cache/puppeteer).
For (2), check out our guide on configuring puppeteer at https://pptr.dev/guides/configuration.
    at ChromeLauncher.resolveExecutablePath (file:///home/runner/work/open-scans/open-scans/node_modules/puppeteer-core/lib/esm/puppeteer/node/BrowserLauncher.js:298:27)
    at ChromeLauncher.computeLaunchArguments (file:///home/runner/work/open-scans/open-scans/node_modules/puppeteer-core/lib/esm/puppeteer/node/ChromeLauncher.js:86:24)
    at async ChromeLauncher.launch (file:///home/runner/work/open-scans/open-scans/node_modules/puppeteer-core/lib/esm/puppeteer/node/BrowserLauncher.js:49:28)
    at async Scraper.of (file:///home/runner/work/open-scans/open-scans/node_modules/@siteimprove/alfa-scraper/dist/scraper.js:29:28)
    at async Module.run (file:///home/runner/work/open-scans/open-scans/node_modules/@siteimprove/alfa-cli/bin/alfa/command/scrape/run.js:94:21)
    at async run (file:///home/runner/work/open-scans/open-scans/node_modules/@siteimprove/alfa-cli/bin/alfa/command/audit/run.js:31:24)",true,1055,3,8,42,heading-order;region,,false,0,0,0,0,0,0,,Skipped (not requested),false,0,0,0,0,0,0,,Skipped (not requested),false,0,0,0,0,,Skipped (not requested),0,,Search Tips | NSF - U.S. National Science Foundation
169,NSF.gov —,chromium,both,desktop,1280,800,https://nsf.gov/funding/initiatives/convergence-accelerator,https://www.nsf.gov/funding/initiatives/convergence-accelerator,200,true,true,9203,false,0,0,0,0,,"Error: Could not find Chrome (ver. 145.0.7632.77). This can occur if either
 1. you did not perform an installation before running the script (e.g. `npx puppeteer browsers install chrome`) or
 2. your cache path is incorrectly configured (which is: /home/runner/.cache/puppeteer).
For (2), check out our guide on configuring puppeteer at https://pptr.dev/guides/configuration.
    at ChromeLauncher.resolveExecutablePath (file:///home/runner/work/open-scans/open-scans/node_modules/puppeteer-core/lib/esm/puppeteer/node/BrowserLauncher.js:298:27)
    at ChromeLauncher.computeLaunchArguments (file:///home/runner/work/open-scans/open-scans/node_modules/puppeteer-core/lib/esm/puppeteer/node/ChromeLauncher.js:86:24)
    at async ChromeLauncher.launch (file:///home/runner/work/open-scans/open-scans/node_modules/puppeteer-core/lib/esm/puppeteer/node/BrowserLauncher.js:49:28)
    at async Scraper.of (file:///home/runner/work/open-scans/open-scans/node_modules/@siteimprove/alfa-scraper/dist/scraper.js:29:28)
    at async Module.run (file:///home/runner/work/open-scans/open-scans/node_modules/@siteimprove/alfa-cli/bin/alfa/command/scrape/run.js:94:21)
    at async run (file:///home/runner/work/open-scans/open-scans/node_modules/@siteimprove/alfa-cli/bin/alfa/command/audit/run.js:31:24)",true,2342,4,36,82,landmark-complementary-is-top-level;region,,false,0,0,0,0,0,0,,Skipped (not requested),false,0,0,0,0,0,0,,Skipped (not requested),false,0,0,0,0,,Skipped (not requested),0,,Convergence Accelerator | NSF - U.S. National Science Foundation
169,NSF.gov —,chromium,both,desktop,1280,800,https://nsf.gov/funding/initiatives/nairr,https://www.nsf.gov/funding/initiatives/nairr,404,false,true,8665,false,0,0,0,0,,"Error: Could not find Chrome (ver. 145.0.7632.77). This can occur if either
 1. you did not perform an installation before running the script (e.g. `npx puppeteer browsers install chrome`) or
 2. your cache path is incorrectly configured (which is: /home/runner/.cache/puppeteer).
For (2), check out our guide on configuring puppeteer at https://pptr.dev/guides/configuration.
    at ChromeLauncher.resolveExecutablePath (file:///home/runner/work/open-scans/open-scans/node_modules/puppeteer-core/lib/esm/puppeteer/node/BrowserLauncher.js:298:27)
    at ChromeLauncher.computeLaunchArguments (file:///home/runner/work/open-scans/open-scans/node_modules/puppeteer-core/lib/esm/puppeteer/node/ChromeLauncher.js:86:24)
    at async ChromeLauncher.launch (file:///home/runner/work/open-scans/open-scans/node_modules/puppeteer-core/lib/esm/puppeteer/node/BrowserLauncher.js:49:28)
    at async Scraper.of (file:///home/runner/work/open-scans/open-scans/node_modules/@siteimprove/alfa-scraper/dist/scraper.js:29:28)
    at async Module.run (file:///home/runner/work/open-scans/open-scans/node_modules/@siteimprove/alfa-cli/bin/alfa/command/scrape/run.js:94:21)
    at async run (file:///home/runner/work/open-scans/open-scans/node_modules/@siteimprove/alfa-cli/bin/alfa/command/audit/run.js:31:24)",true,666,2,8,44,landmark-complementary-is-top-level;region,,false,0,0,0,0,0,0,,Skipped (not requested),false,0,0,0,0,0,0,,Skipped (not requested),false,0,0,0,0,,Skipped (not requested),0,,Page Not Found | NSF - U.S. National Science Foundation
169,NSF.gov —,chromium,both,desktop,1280,800,https://nsf.gov/funding/initiatives/chips-science,https://www.nsf.gov/funding/initiatives/chips-science,404,false,true,8562,false,0,0,0,0,,"Error: Could not find Chrome (ver. 145.0.7632.77). This can occur if either
 1. you did not perform an installation before running the script (e.g. `npx puppeteer browsers install chrome`) or
 2. your cache path is incorrectly configured (which is: /home/runner/.cache/puppeteer).
For (2), check out our guide on configuring puppeteer at https://pptr.dev/guides/configuration.
    at ChromeLauncher.resolveExecutablePath (file:///home/runner/work/open-scans/open-scans/node_modules/puppeteer-core/lib/esm/puppeteer/node/BrowserLauncher.js:298:27)
    at ChromeLauncher.computeLaunchArguments (file:///home/runner/work/open-scans/open-scans/node_modules/puppeteer-core/lib/esm/puppeteer/node/ChromeLauncher.js:86:24)
    at async ChromeLauncher.launch (file:///home/runner/work/open-scans/open-scans/node_modules/puppeteer-core/lib/esm/puppeteer/node/BrowserLauncher.js:49:28)
    at async Scraper.of (file:///home/runner/work/open-scans/open-scans/node_modules/@siteimprove/alfa-scraper/dist/scraper.js:29:28)
    at async Module.run (file:///home/runner/work/open-scans/open-scans/node_modules/@siteimprove/alfa-cli/bin/alfa/command/scrape/run.js:94:21)
    at async run (file:///home/runner/work/open-scans/open-scans/node_modules/@siteimprove/alfa-cli/bin/alfa/command/audit/run.js:31:24)",true,666,2,8,44,landmark-complementary-is-top-level;region,,false,0,0,0,0,0,0,,Skipped (not requested),false,0,0,0,0,0,0,,Skipped (not requested),false,0,0,0,0,,Skipped (not requested),0,,Page Not Found | NSF - U.S. National Science Foundation
169,NSF.gov —,chromium,both,desktop,1280,800,https://nsf.gov/bfa/dias/policy/pappg,https://www.nsf.gov/bfa/dias/policy/pappg,404,false,true,8568,false,0,0,0,0,,"Error: Could not find Chrome (ver. 145.0.7632.77). This can occur if either
 1. you did not perform an installation before running the script (e.g. `npx puppeteer browsers install chrome`) or
 2. your cache path is incorrectly configured (which is: /home/runner/.cache/puppeteer).
For (2), check out our guide on configuring puppeteer at https://pptr.dev/guides/configuration.
    at ChromeLauncher.resolveExecutablePath (file:///home/runner/work/open-scans/open-scans/node_modules/puppeteer-core/lib/esm/puppeteer/node/BrowserLauncher.js:298:27)
    at ChromeLauncher.computeLaunchArguments (file:///home/runner/work/open-scans/open-scans/node_modules/puppeteer-core/lib/esm/puppeteer/node/ChromeLauncher.js:86:24)
    at async ChromeLauncher.launch (file:///home/runner/work/open-scans/open-scans/node_modules/puppeteer-core/lib/esm/puppeteer/node/BrowserLauncher.js:49:28)
    at async Scraper.of (file:///home/runner/work/open-scans/open-scans/node_modules/@siteimprove/alfa-scraper/dist/scraper.js:29:28)
    at async Module.run (file:///home/runner/work/open-scans/open-scans/node_modules/@siteimprove/alfa-cli/bin/alfa/command/scrape/run.js:94:21)
    at async run (file:///home/runner/work/open-scans/open-scans/node_modules/@siteimprove/alfa-cli/bin/alfa/command/audit/run.js:31:24)",true,666,2,8,44,landmark-complementary-is-top-level;region,,false,0,0,0,0,0,0,,Skipped (not requested),false,0,0,0,0,0,0,,Skipped (not requested),false,0,0,0,0,,Skipped (not requested),0,,Page Not Found | NSF - U.S. National Science Foundation
169,NSF.gov —,chromium,both,desktop,1280,800,https://nsf.gov/bfa/dias/policy/rppr,https://www.nsf.gov/policies/research-performance-progress-reports,200,true,true,8662,false,0,0,0,0,,"Error: Could not find Chrome (ver. 145.0.7632.77). This can occur if either
 1. you did not perform an installation before running the script (e.g. `npx puppeteer browsers install chrome`) or
 2. your cache path is incorrectly configured (which is: /home/runner/.cache/puppeteer).
For (2), check out our guide on configuring puppeteer at https://pptr.dev/guides/configuration.
    at ChromeLauncher.resolveExecutablePath (file:///home/runner/work/open-scans/open-scans/node_modules/puppeteer-core/lib/esm/puppeteer/node/BrowserLauncher.js:298:27)
    at ChromeLauncher.computeLaunchArguments (file:///home/runner/work/open-scans/open-scans/node_modules/puppeteer-core/lib/esm/puppeteer/node/ChromeLauncher.js:86:24)
    at async ChromeLauncher.launch (file:///home/runner/work/open-scans/open-scans/node_modules/puppeteer-core/lib/esm/puppeteer/node/BrowserLauncher.js:49:28)
    at async Scraper.of (file:///home/runner/work/open-scans/open-scans/node_modules/@siteimprove/alfa-scraper/dist/scraper.js:29:28)
    at async Module.run (file:///home/runner/work/open-scans/open-scans/node_modules/@siteimprove/alfa-cli/bin/alfa/command/scrape/run.js:94:21)
    at async run (file:///home/runner/work/open-scans/open-scans/node_modules/@siteimprove/alfa-cli/bin/alfa/command/audit/run.js:31:24)",true,1419,7,13,43,heading-order;region,,false,0,0,0,0,0,0,,Skipped (not requested),false,0,0,0,0,0,0,,Skipped (not requested),false,0,0,0,0,,Skipped (not requested),0,,Research Performance Progress Reports - Policies | NSF - U.S. National Science Foundation
169,NSF.gov —,chromium,both,desktop,1280,800,https://nsf.gov/bfa/dias/policy/sampling-plans,https://www.nsf.gov/bfa/dias/policy/sampling-plans,404,false,true,9007,false,0,0,0,0,,"Error: Could not find Chrome (ver. 145.0.7632.77). This can occur if either
 1. you did not perform an installation before running the script (e.g. `npx puppeteer browsers install chrome`) or
 2. your cache path is incorrectly configured (which is: /home/runner/.cache/puppeteer).
For (2), check out our guide on configuring puppeteer at https://pptr.dev/guides/configuration.
    at ChromeLauncher.resolveExecutablePath (file:///home/runner/work/open-scans/open-scans/node_modules/puppeteer-core/lib/esm/puppeteer/node/BrowserLauncher.js:298:27)
    at ChromeLauncher.computeLaunchArguments (file:///home/runner/work/open-scans/open-scans/node_modules/puppeteer-core/lib/esm/puppeteer/node/ChromeLauncher.js:86:24)
    at async ChromeLauncher.launch (file:///home/runner/work/open-scans/open-scans/node_modules/puppeteer-core/lib/esm/puppeteer/node/BrowserLauncher.js:49:28)
    at async Scraper.of (file:///home/runner/work/open-scans/open-scans/node_modules/@siteimprove/alfa-scraper/dist/scraper.js:29:28)
    at async Module.run (file:///home/runner/work/open-scans/open-scans/node_modules/@siteimprove/alfa-cli/bin/alfa/command/scrape/run.js:94:21)
    at async run (file:///home/runner/work/open-scans/open-scans/node_modules/@siteimprove/alfa-cli/bin/alfa/command/audit/run.js:31:24)",true,666,2,8,44,landmark-complementary-is-top-level;region,,false,0,0,0,0,0,0,,Skipped (not requested),false,0,0,0,0,0,0,,Skipped (not requested),false,0,0,0,0,,Skipped (not requested),0,,Page Not Found | NSF - U.S. National Science Foundation
169,NSF.gov —,chromium,both,desktop,1280,800,https://nsf.gov/policies/accessibility,https://www.nsf.gov/policies/accessibility,200,true,true,7770,false,0,0,0,0,,"Error: Could not find Chrome (ver. 145.0.7632.77). This can occur if either
 1. you did not perform an installation before running the script (e.g. `npx puppeteer browsers install chrome`) or
 2. your cache path is incorrectly configured (which is: /home/runner/.cache/puppeteer).
For (2), check out our guide on configuring puppeteer at https://pptr.dev/guides/configuration.
    at ChromeLauncher.resolveExecutablePath (file:///home/runner/work/open-scans/open-scans/node_modules/puppeteer-core/lib/esm/puppeteer/node/BrowserLauncher.js:298:27)
    at ChromeLauncher.computeLaunchArguments (file:///home/runner/work/open-scans/open-scans/node_modules/puppeteer-core/lib/esm/puppeteer/node/ChromeLauncher.js:86:24)
    at async ChromeLauncher.launch (file:///home/runner/work/open-scans/open-scans/node_modules/puppeteer-core/lib/esm/puppeteer/node/BrowserLauncher.js:49:28)
    at async Scraper.of (file:///home/runner/work/open-scans/open-scans/node_modules/@siteimprove/alfa-scraper/dist/scraper.js:29:28)
    at async Module.run (file:///home/runner/work/open-scans/open-scans/node_modules/@siteimprove/alfa-cli/bin/alfa/command/scrape/run.js:94:21)
    at async run (file:///home/runner/work/open-scans/open-scans/node_modules/@siteimprove/alfa-cli/bin/alfa/command/audit/run.js:31:24)",true,948,2,7,42,region,,false,0,0,0,0,0,0,,Skipped (not requested),false,0,0,0,0,0,0,,Skipped (not requested),false,0,0,0,0,,Skipped (not requested),0,,Accessibility at NSF - Policies | NSF - U.S. National Science Foundation
169,NSF.gov —,chromium,both,desktop,1280,800,https://nsf.gov/author-tools/accessibility,https://www.nsf.gov/author-tools/accessibility,200,true,true,8610,false,0,0,0,0,,"Error: Could not find Chrome (ver. 145.0.7632.77). This can occur if either
 1. you did not perform an installation before running the script (e.g. `npx puppeteer browsers install chrome`) or
 2. your cache path is incorrectly configured (which is: /home/runner/.cache/puppeteer).
For (2), check out our guide on configuring puppeteer at https://pptr.dev/guides/configuration.
    at ChromeLauncher.resolveExecutablePath (file:///home/runner/work/open-scans/open-scans/node_modules/puppeteer-core/lib/esm/puppeteer/node/BrowserLauncher.js:298:27)
    at ChromeLauncher.computeLaunchArguments (file:///home/runner/work/open-scans/open-scans/node_modules/puppeteer-core/lib/esm/puppeteer/node/ChromeLauncher.js:86:24)
    at async ChromeLauncher.launch (file:///home/runner/work/open-scans/open-scans/node_modules/puppeteer-core/lib/esm/puppeteer/node/BrowserLauncher.js:49:28)
    at async Scraper.of (file:///home/runner/work/open-scans/open-scans/node_modules/@siteimprove/alfa-scraper/dist/scraper.js:29:28)
    at async Module.run (file:///home/runner/work/open-scans/open-scans/node_modules/@siteimprove/alfa-cli/bin/alfa/command/scrape/run.js:94:21)
    at async run (file:///home/runner/work/open-scans/open-scans/node_modules/@siteimprove/alfa-cli/bin/alfa/command/audit/run.js:31:24)",true,1172,2,13,43,region,,false,0,0,0,0,0,0,,Skipped (not requested),false,0,0,0,0,0,0,,Skipped (not requested),false,0,0,0,0,,Skipped (not requested),0,,Accessibility for Authors - Author Tools | NSF - U.S. National Science Foundation
169,NSF.gov —,chromium,both,desktop,1280,800,https://nsf.gov/about/about-nsf-by-the-numbers/web-accessibility,https://www.nsf.gov/about/about-nsf-by-the-numbers/web-accessibility,200,true,true,8785,false,0,0,0,0,,"Error: Could not find Chrome (ver. 145.0.7632.77). This can occur if either
 1. you did not perform an installation before running the script (e.g. `npx puppeteer browsers install chrome`) or
 2. your cache path is incorrectly configured (which is: /home/runner/.cache/puppeteer).
For (2), check out our guide on configuring puppeteer at https://pptr.dev/guides/configuration.
    at ChromeLauncher.resolveExecutablePath (file:///home/runner/work/open-scans/open-scans/node_modules/puppeteer-core/lib/esm/puppeteer/node/BrowserLauncher.js:298:27)
    at ChromeLauncher.computeLaunchArguments (file:///home/runner/work/open-scans/open-scans/node_modules/puppeteer-core/lib/esm/puppeteer/node/ChromeLauncher.js:86:24)
    at async ChromeLauncher.launch (file:///home/runner/work/open-scans/open-scans/node_modules/puppeteer-core/lib/esm/puppeteer/node/BrowserLauncher.js:49:28)
    at async Scraper.of (file:///home/runner/work/open-scans/open-scans/node_modules/@siteimprove/alfa-scraper/dist/scraper.js:29:28)
    at async Module.run (file:///home/runner/work/open-scans/open-scans/node_modules/@siteimprove/alfa-cli/bin/alfa/command/scrape/run.js:94:21)
    at async run (file:///home/runner/work/open-scans/open-scans/node_modules/@siteimprove/alfa-cli/bin/alfa/command/audit/run.js:31:24)",true,709,2,7,44,region,,false,0,0,0,0,0,0,,Skipped (not requested),false,0,0,0,0,0,0,,Skipped (not requested),false,0,0,0,0,,Skipped (not requested),0,,Web Accessibility - NSF by the Numbers | NSF - U.S. National Science Foundation
169,NSF.gov —,chromium,both,desktop,1280,800,https://nsf.gov/about/section-508,https://www.nsf.gov/about/section-508,404,false,true,6092,false,0,0,0,0,,"Error: Could not find Chrome (ver. 145.0.7632.77). This can occur if either
 1. you did not perform an installation before running the script (e.g. `npx puppeteer browsers install chrome`) or
 2. your cache path is incorrectly configured (which is: /home/runner/.cache/puppeteer).
For (2), check out our guide on configuring puppeteer at https://pptr.dev/guides/configuration.
    at ChromeLauncher.resolveExecutablePath (file:///home/runner/work/open-scans/open-scans/node_modules/puppeteer-core/lib/esm/puppeteer/node/BrowserLauncher.js:298:27)
    at ChromeLauncher.computeLaunchArguments (file:///home/runner/work/open-scans/open-scans/node_modules/puppeteer-core/lib/esm/puppeteer/node/ChromeLauncher.js:86:24)
    at async ChromeLauncher.launch (file:///home/runner/work/open-scans/open-scans/node_modules/puppeteer-core/lib/esm/puppeteer/node/BrowserLauncher.js:49:28)
    at async Scraper.of (file:///home/runner/work/open-scans/open-scans/node_modules/@siteimprove/alfa-scraper/dist/scraper.js:29:28)
    at async Module.run (file:///home/runner/work/open-scans/open-scans/node_modules/@siteimprove/alfa-cli/bin/alfa/command/scrape/run.js:94:21)
    at async run (file:///home/runner/work/open-scans/open-scans/node_modules/@siteimprove/alfa-cli/bin/alfa/command/audit/run.js:31:24)",true,36,0,0,67,,,false,0,0,0,0,0,0,,Skipped (not requested),false,0,0,0,0,0,0,,Skipped (not requested),false,0,0,0,0,,Skipped (not requested),0,,Page Not Found | NSF - U.S. National Science Foundation
169,NSF.gov —,chromium,both,desktop,1280,800,https://nsf.gov/policies/privacy,https://www.nsf.gov/policies/privacy,403,false,true,5163,false,0,0,0,0,,"Error: Could not find Chrome (ver. 145.0.7632.77). This can occur if either
 1. you did not perform an installation before running the script (e.g. `npx puppeteer browsers install chrome`) or
 2. your cache path is incorrectly configured (which is: /home/runner/.cache/puppeteer).
For (2), check out our guide on configuring puppeteer at https://pptr.dev/guides/configuration.
    at ChromeLauncher.resolveExecutablePath (file:///home/runner/work/open-scans/open-scans/node_modules/puppeteer-core/lib/esm/puppeteer/node/BrowserLauncher.js:298:27)
    at ChromeLauncher.computeLaunchArguments (file:///home/runner/work/open-scans/open-scans/node_modules/puppeteer-core/lib/esm/puppeteer/node/ChromeLauncher.js:86:24)
    at async ChromeLauncher.launch (file:///home/runner/work/open-scans/open-scans/node_modules/puppeteer-core/lib/esm/puppeteer/node/BrowserLauncher.js:49:28)
    at async Scraper.of (file:///home/runner/work/open-scans/open-scans/node_modules/@siteimprove/alfa-scraper/dist/scraper.js:29:28)
    at async Module.run (file:///home/runner/work/open-scans/open-scans/node_modules/@siteimprove/alfa-cli/bin/alfa/command/scrape/run.js:94:21)
    at async run (file:///home/runner/work/open-scans/open-scans/node_modules/@siteimprove/alfa-cli/bin/alfa/command/audit/run.js:31:24)",true,36,0,0,67,,,false,0,0,0,0,0,0,,Skipped (not requested),false,0,0,0,0,0,0,,Skipped (not requested),false,0,0,0,0,,Skipped (not requested),0,,Request blocked | NSF - U.S. National Science Foundation
169,NSF.gov —,chromium,both,desktop,1280,800,https://nsf.gov/policies/vulnerability-disclosure,https://www.nsf.gov/policies/vulnerability-disclosure,403,false,true,5186,false,0,0,0,0,,"Error: Could not find Chrome (ver. 145.0.7632.77). This can occur if either
 1. you did not perform an installation before running the script (e.g. `npx puppeteer browsers install chrome`) or
 2. your cache path is incorrectly configured (which is: /home/runner/.cache/puppeteer).
For (2), check out our guide on configuring puppeteer at https://pptr.dev/guides/configuration.
    at ChromeLauncher.resolveExecutablePath (file:///home/runner/work/open-scans/open-scans/node_modules/puppeteer-core/lib/esm/puppeteer/node/BrowserLauncher.js:298:27)
    at ChromeLauncher.computeLaunchArguments (file:///home/runner/work/open-scans/open-scans/node_modules/puppeteer-core/lib/esm/puppeteer/node/ChromeLauncher.js:86:24)
    at async ChromeLauncher.launch (file:///home/runner/work/open-scans/open-scans/node_modules/puppeteer-core/lib/esm/puppeteer/node/BrowserLauncher.js:49:28)
    at async Scraper.of (file:///home/runner/work/open-scans/open-scans/node_modules/@siteimprove/alfa-scraper/dist/scraper.js:29:28)
    at async Module.run (file:///home/runner/work/open-scans/open-scans/node_modules/@siteimprove/alfa-cli/bin/alfa/command/scrape/run.js:94:21)
    at async run (file:///home/runner/work/open-scans/open-scans/node_modules/@siteimprove/alfa-cli/bin/alfa/command/audit/run.js:31:24)",true,36,0,0,67,,,false,0,0,0,0,0,0,,Skipped (not requested),false,0,0,0,0,0,0,,Skipped (not requested),false,0,0,0,0,,Skipped (not requested),0,,Request blocked | NSF - U.S. National Science Foundation
169,NSF.gov —,chromium,both,desktop,1280,800,https://nsf.gov/policies/linking,https://www.nsf.gov/policies/linking,403,false,true,5178,false,0,0,0,0,,"Error: Could not find Chrome (ver. 145.0.7632.77). This can occur if either
 1. you did not perform an installation before running the script (e.g. `npx puppeteer browsers install chrome`) or
 2. your cache path is incorrectly configured (which is: /home/runner/.cache/puppeteer).
For (2), check out our guide on configuring puppeteer at https://pptr.dev/guides/configuration.
    at ChromeLauncher.resolveExecutablePath (file:///home/runner/work/open-scans/open-scans/node_modules/puppeteer-core/lib/esm/puppeteer/node/BrowserLauncher.js:298:27)
    at ChromeLauncher.computeLaunchArguments (file:///home/runner/work/open-scans/open-scans/node_modules/puppeteer-core/lib/esm/puppeteer/node/ChromeLauncher.js:86:24)
    at async ChromeLauncher.launch (file:///home/runner/work/open-scans/open-scans/node_modules/puppeteer-core/lib/esm/puppeteer/node/BrowserLauncher.js:49:28)
    at async Scraper.of (file:///home/runner/work/open-scans/open-scans/node_modules/@siteimprove/alfa-scraper/dist/scraper.js:29:28)
    at async Module.run (file:///home/runner/work/open-scans/open-scans/node_modules/@siteimprove/alfa-cli/bin/alfa/command/scrape/run.js:94:21)
    at async run (file:///home/runner/work/open-scans/open-scans/node_modules/@siteimprove/alfa-cli/bin/alfa/command/audit/run.js:31:24)",true,36,0,0,67,,,false,0,0,0,0,0,0,,Skipped (not requested),false,0,0,0,0,0,0,,Skipped (not requested),false,0,0,0,0,,Skipped (not requested),0,,Request blocked | NSF - U.S. National Science Foundation
169,NSF.gov —,chromium,both,desktop,1280,800,https://nsf.gov/policies/disclaimer,https://www.nsf.gov/policies/disclaimer,403,false,true,5230,false,0,0,0,0,,"Error: Could not find Chrome (ver. 145.0.7632.77). This can occur if either
 1. you did not perform an installation before running the script (e.g. `npx puppeteer browsers install chrome`) or
 2. your cache path is incorrectly configured (which is: /home/runner/.cache/puppeteer).
For (2), check out our guide on configuring puppeteer at https://pptr.dev/guides/configuration.
    at ChromeLauncher.resolveExecutablePath (file:///home/runner/work/open-scans/open-scans/node_modules/puppeteer-core/lib/esm/puppeteer/node/BrowserLauncher.js:298:27)
    at ChromeLauncher.computeLaunchArguments (file:///home/runner/work/open-scans/open-scans/node_modules/puppeteer-core/lib/esm/puppeteer/node/ChromeLauncher.js:86:24)
    at async ChromeLauncher.launch (file:///home/runner/work/open-scans/open-scans/node_modules/puppeteer-core/lib/esm/puppeteer/node/BrowserLauncher.js:49:28)
    at async Scraper.of (file:///home/runner/work/open-scans/open-scans/node_modules/@siteimprove/alfa-scraper/dist/scraper.js:29:28)
    at async Module.run (file:///home/runner/work/open-scans/open-scans/node_modules/@siteimprove/alfa-cli/bin/alfa/command/scrape/run.js:94:21)
    at async run (file:///home/runner/work/open-scans/open-scans/node_modules/@siteimprove/alfa-cli/bin/alfa/command/audit/run.js:31:24)",true,36,0,0,67,,,false,0,0,0,0,0,0,,Skipped (not requested),false,0,0,0,0,0,0,,Skipped (not requested),false,0,0,0,0,,Skipped (not requested),0,,Request blocked | NSF - U.S. National Science Foundation
169,NSF.gov —,chromium,both,desktop,1280,800,https://nsf.gov/policies/copyright,https://www.nsf.gov/policies/copyright,403,false,true,5287,false,0,0,0,0,,"Error: Could not find Chrome (ver. 145.0.7632.77). This can occur if either
 1. you did not perform an installation before running the script (e.g. `npx puppeteer browsers install chrome`) or
 2. your cache path is incorrectly configured (which is: /home/runner/.cache/puppeteer).
For (2), check out our guide on configuring puppeteer at https://pptr.dev/guides/configuration.
    at ChromeLauncher.resolveExecutablePath (file:///home/runner/work/open-scans/open-scans/node_modules/puppeteer-core/lib/esm/puppeteer/node/BrowserLauncher.js:298:27)
    at ChromeLauncher.computeLaunchArguments (file:///home/runner/work/open-scans/open-scans/node_modules/puppeteer-core/lib/esm/puppeteer/node/ChromeLauncher.js:86:24)
    at async ChromeLauncher.launch (file:///home/runner/work/open-scans/open-scans/node_modules/puppeteer-core/lib/esm/puppeteer/node/BrowserLauncher.js:49:28)
    at async Scraper.of (file:///home/runner/work/open-scans/open-scans/node_modules/@siteimprove/alfa-scraper/dist/scraper.js:29:28)
    at async Module.run (file:///home/runner/work/open-scans/open-scans/node_modules/@siteimprove/alfa-cli/bin/alfa/command/scrape/run.js:94:21)
    at async run (file:///home/runner/work/open-scans/open-scans/node_modules/@siteimprove/alfa-cli/bin/alfa/command/audit/run.js:31:24)",true,36,0,0,67,,,false,0,0,0,0,0,0,,Skipped (not requested),false,0,0,0,0,0,0,,Skipped (not requested),false,0,0,0,0,,Skipped (not requested),0,,Request blocked | NSF - U.S. National Science Foundation
169,NSF.gov —,chromium,both,desktop,1280,800,https://nsf.gov/policies/quality-standards,https://www.nsf.gov/policies/quality-standards,403,false,true,5208,false,0,0,0,0,,"Error: Could not find Chrome (ver. 145.0.7632.77). This can occur if either
 1. you did not perform an installation before running the script (e.g. `npx puppeteer browsers install chrome`) or
 2. your cache path is incorrectly configured (which is: /home/runner/.cache/puppeteer).
For (2), check out our guide on configuring puppeteer at https://pptr.dev/guides/configuration.
    at ChromeLauncher.resolveExecutablePath (file:///home/runner/work/open-scans/open-scans/node_modules/puppeteer-core/lib/esm/puppeteer/node/BrowserLauncher.js:298:27)
    at ChromeLauncher.computeLaunchArguments (file:///home/runner/work/open-scans/open-scans/node_modules/puppeteer-core/lib/esm/puppeteer/node/ChromeLauncher.js:86:24)
    at async ChromeLauncher.launch (file:///home/runner/work/open-scans/open-scans/node_modules/puppeteer-core/lib/esm/puppeteer/node/BrowserLauncher.js:49:28)
    at async Scraper.of (file:///home/runner/work/open-scans/open-scans/node_modules/@siteimprove/alfa-scraper/dist/scraper.js:29:28)
    at async Module.run (file:///home/runner/work/open-scans/open-scans/node_modules/@siteimprove/alfa-cli/bin/alfa/command/scrape/run.js:94:21)
    at async run (file:///home/runner/work/open-scans/open-scans/node_modules/@siteimprove/alfa-cli/bin/alfa/command/audit/run.js:31:24)",true,36,0,0,67,,,false,0,0,0,0,0,0,,Skipped (not requested),false,0,0,0,0,0,0,,Skipped (not requested),false,0,0,0,0,,Skipped (not requested),0,,Request blocked | NSF - U.S. National Science Foundation
169,NSF.gov —,chromium,both,desktop,1280,800,https://nsf.gov/about/performance/strategic-plan,https://www.nsf.gov/about/performance/strategic-plan,403,false,true,5199,false,0,0,0,0,,"Error: Could not find Chrome (ver. 145.0.7632.77). This can occur if either
 1. you did not perform an installation before running the script (e.g. `npx puppeteer browsers install chrome`) or
 2. your cache path is incorrectly configured (which is: /home/runner/.cache/puppeteer).
For (2), check out our guide on configuring puppeteer at https://pptr.dev/guides/configuration.
    at ChromeLauncher.resolveExecutablePath (file:///home/runner/work/open-scans/open-scans/node_modules/puppeteer-core/lib/esm/puppeteer/node/BrowserLauncher.js:298:27)
    at ChromeLauncher.computeLaunchArguments (file:///home/runner/work/open-scans/open-scans/node_modules/puppeteer-core/lib/esm/puppeteer/node/ChromeLauncher.js:86:24)
    at async ChromeLauncher.launch (file:///home/runner/work/open-scans/open-scans/node_modules/puppeteer-core/lib/esm/puppeteer/node/BrowserLauncher.js:49:28)
    at async Scraper.of (file:///home/runner/work/open-scans/open-scans/node_modules/@siteimprove/alfa-scraper/dist/scraper.js:29:28)
    at async Module.run (file:///home/runner/work/open-scans/open-scans/node_modules/@siteimprove/alfa-cli/bin/alfa/command/scrape/run.js:94:21)
    at async run (file:///home/runner/work/open-scans/open-scans/node_modules/@siteimprove/alfa-cli/bin/alfa/command/audit/run.js:31:24)",true,36,0,0,67,,,false,0,0,0,0,0,0,,Skipped (not requested),false,0,0,0,0,0,0,,Skipped (not requested),false,0,0,0,0,,Skipped (not requested),0,,Request blocked | NSF - U.S. National Science Foundation
169,NSF.gov —,chromium,both,desktop,1280,800,https://nsf.gov/about/performance/annual-performance-reports,https://www.nsf.gov/about/performance/annual-performance-reports,200,true,true,10328,false,0,0,0,0,,"Error: Could not find Chrome (ver. 145.0.7632.77). This can occur if either
 1. you did not perform an installation before running the script (e.g. `npx puppeteer browsers install chrome`) or
 2. your cache path is incorrectly configured (which is: /home/runner/.cache/puppeteer).
For (2), check out our guide on configuring puppeteer at https://pptr.dev/guides/configuration.
    at ChromeLauncher.resolveExecutablePath (file:///home/runner/work/open-scans/open-scans/node_modules/puppeteer-core/lib/esm/puppeteer/node/BrowserLauncher.js:298:27)
    at ChromeLauncher.computeLaunchArguments (file:///home/runner/work/open-scans/open-scans/node_modules/puppeteer-core/lib/esm/puppeteer/node/ChromeLauncher.js:86:24)
    at async ChromeLauncher.launch (file:///home/runner/work/open-scans/open-scans/node_modules/puppeteer-core/lib/esm/puppeteer/node/BrowserLauncher.js:49:28)
    at async Scraper.of (file:///home/runner/work/open-scans/open-scans/node_modules/@siteimprove/alfa-scraper/dist/scraper.js:29:28)
    at async Module.run (file:///home/runner/work/open-scans/open-scans/node_modules/@siteimprove/alfa-cli/bin/alfa/command/scrape/run.js:94:21)
    at async run (file:///home/runner/work/open-scans/open-scans/node_modules/@siteimprove/alfa-cli/bin/alfa/command/audit/run.js:31:24)",true,1165,3,11,43,landmark-complementary-is-top-level;region,,false,0,0,0,0,0,0,,Skipped (not requested),false,0,0,0,0,0,0,,Skipped (not requested),false,0,0,0,0,,Skipped (not requested),0,,Annual Performance Plans and Reports - About NSF | NSF - U.S. National Science Foundation
169,NSF.gov —,chromium,both,desktop,1280,800,https://nsf.gov/about/performance/financial-annual-reports,https://www.nsf.gov/about/performance/financial-annual-reports,200,true,true,8320,false,0,0,0,0,,"Error: Could not find Chrome (ver. 145.0.7632.77). This can occur if either
 1. you did not perform an installation before running the script (e.g. `npx puppeteer browsers install chrome`) or
 2. your cache path is incorrectly configured (which is: /home/runner/.cache/puppeteer).
For (2), check out our guide on configuring puppeteer at https://pptr.dev/guides/configuration.
    at ChromeLauncher.resolveExecutablePath (file:///home/runner/work/open-scans/open-scans/node_modules/puppeteer-core/lib/esm/puppeteer/node/BrowserLauncher.js:298:27)
    at ChromeLauncher.computeLaunchArguments (file:///home/runner/work/open-scans/open-scans/node_modules/puppeteer-core/lib/esm/puppeteer/node/ChromeLauncher.js:86:24)
    at async ChromeLauncher.launch (file:///home/runner/work/open-scans/open-scans/node_modules/puppeteer-core/lib/esm/puppeteer/node/BrowserLauncher.js:49:28)
    at async Scraper.of (file:///home/runner/work/open-scans/open-scans/node_modules/@siteimprove/alfa-scraper/dist/scraper.js:29:28)
    at async Module.run (file:///home/runner/work/open-scans/open-scans/node_modules/@siteimprove/alfa-cli/bin/alfa/command/scrape/run.js:94:21)
    at async run (file:///home/runner/work/open-scans/open-scans/node_modules/@siteimprove/alfa-cli/bin/alfa/command/audit/run.js:31:24)",true,1649,3,11,44,landmark-complementary-is-top-level;region,,false,0,0,0,0,0,0,,Skipped (not requested),false,0,0,0,0,0,0,,Skipped (not requested),false,0,0,0,0,,Skipped (not requested),0,,Financial and Annual Reports - About NSF | NSF - U.S. National Science Foundation
169,NSF.gov —,chromium,both,desktop,1280,800,https://nsf.gov/about/congress/wastebooks,https://www.nsf.gov/about/congress/wastebooks,200,true,true,7690,false,0,0,0,0,,"Error: Could not find Chrome (ver. 145.0.7632.77). This can occur if either
 1. you did not perform an installation before running the script (e.g. `npx puppeteer browsers install chrome`) or
 2. your cache path is incorrectly configured (which is: /home/runner/.cache/puppeteer).
For (2), check out our guide on configuring puppeteer at https://pptr.dev/guides/configuration.
    at ChromeLauncher.resolveExecutablePath (file:///home/runner/work/open-scans/open-scans/node_modules/puppeteer-core/lib/esm/puppeteer/node/BrowserLauncher.js:298:27)
    at ChromeLauncher.computeLaunchArguments (file:///home/runner/work/open-scans/open-scans/node_modules/puppeteer-core/lib/esm/puppeteer/node/ChromeLauncher.js:86:24)
    at async ChromeLauncher.launch (file:///home/runner/work/open-scans/open-scans/node_modules/puppeteer-core/lib/esm/puppeteer/node/BrowserLauncher.js:49:28)
    at async Scraper.of (file:///home/runner/work/open-scans/open-scans/node_modules/@siteimprove/alfa-scraper/dist/scraper.js:29:28)
    at async Module.run (file:///home/runner/work/open-scans/open-scans/node_modules/@siteimprove/alfa-cli/bin/alfa/command/scrape/run.js:94:21)
    at async run (file:///home/runner/work/open-scans/open-scans/node_modules/@siteimprove/alfa-cli/bin/alfa/command/audit/run.js:31:24)",true,892,3,7,44,heading-order;region,,false,0,0,0,0,0,0,,Skipped (not requested),false,0,0,0,0,0,0,,Skipped (not requested),false,0,0,0,0,,Skipped (not requested),0,,Responses to Congressional Wastebooks - NSF and Congress | NSF - U.S. National Science Foundation
169,NSF.gov —,chromium,both,desktop,1280,800,https://nsf.gov/about/budget/fy2026,https://www.nsf.gov/about/budget/fy2026,200,true,true,9545,false,0,0,0,0,,"Error: Could not find Chrome (ver. 145.0.7632.77). This can occur if either
 1. you did not perform an installation before running the script (e.g. `npx puppeteer browsers install chrome`) or
 2. your cache path is incorrectly configured (which is: /home/runner/.cache/puppeteer).
For (2), check out our guide on configuring puppeteer at https://pptr.dev/guides/configuration.
    at ChromeLauncher.resolveExecutablePath (file:///home/runner/work/open-scans/open-scans/node_modules/puppeteer-core/lib/esm/puppeteer/node/BrowserLauncher.js:298:27)
    at ChromeLauncher.computeLaunchArguments (file:///home/runner/work/open-scans/open-scans/node_modules/puppeteer-core/lib/esm/puppeteer/node/ChromeLauncher.js:86:24)
    at async ChromeLauncher.launch (file:///home/runner/work/open-scans/open-scans/node_modules/puppeteer-core/lib/esm/puppeteer/node/BrowserLauncher.js:49:28)
    at async Scraper.of (file:///home/runner/work/open-scans/open-scans/node_modules/@siteimprove/alfa-scraper/dist/scraper.js:29:28)
    at async Module.run (file:///home/runner/work/open-scans/open-scans/node_modules/@siteimprove/alfa-cli/bin/alfa/command/scrape/run.js:94:21)
    at async run (file:///home/runner/work/open-scans/open-scans/node_modules/@siteimprove/alfa-cli/bin/alfa/command/audit/run.js:31:24)",true,2826,10,50,86,empty-heading;heading-order;landmark-complementary-is-top-level;region,,false,0,0,0,0,0,0,,Skipped (not requested),false,0,0,0,0,0,0,,Skipped (not requested),false,0,0,0,0,,Skipped (not requested),0,,FY 2026 Budget Request to Congress - NSF Budget Requests to Congress and Annual Appropriations | NSF - U.S. National Science Foundation
169,NSF.gov —,chromium,both,desktop,1280,800,https://nsf.gov/statistics/,https://ncses.nsf.gov/,200,true,true,14441,false,0,0,0,0,,"Error: Could not find Chrome (ver. 145.0.7632.77). This can occur if either
 1. you did not perform an installation before running the script (e.g. `npx puppeteer browsers install chrome`) or
 2. your cache path is incorrectly configured (which is: /home/runner/.cache/puppeteer).
For (2), check out our guide on configuring puppeteer at https://pptr.dev/guides/configuration.
    at ChromeLauncher.resolveExecutablePath (file:///home/runner/work/open-scans/open-scans/node_modules/puppeteer-core/lib/esm/puppeteer/node/BrowserLauncher.js:298:27)
    at ChromeLauncher.computeLaunchArguments (file:///home/runner/work/open-scans/open-scans/node_modules/puppeteer-core/lib/esm/puppeteer/node/ChromeLauncher.js:86:24)
    at async ChromeLauncher.launch (file:///home/runner/work/open-scans/open-scans/node_modules/puppeteer-core/lib/esm/puppeteer/node/BrowserLauncher.js:49:28)
    at async Scraper.of (file:///home/runner/work/open-scans/open-scans/node_modules/@siteimprove/alfa-scraper/dist/scraper.js:29:28)
    at async Module.run (file:///home/runner/work/open-scans/open-scans/node_modules/@siteimprove/alfa-cli/bin/alfa/command/scrape/run.js:94:21)
    at async run (file:///home/runner/work/open-scans/open-scans/node_modules/@siteimprove/alfa-cli/bin/alfa/command/audit/run.js:31:24)",true,1028,36,55,44,aria-required-attr;heading-order;landmark-one-main;list;page-has-heading-one;region;role-img-alt,,false,0,0,0,0,0,0,,Skipped (not requested),false,0,0,0,0,0,0,,Skipped (not requested),false,0,0,0,0,,Skipped (not requested),0,,Home | NCSES | NSF
169,NSF.gov —,chromium,both,desktop,1280,800,https://ncses.nsf.gov/accessibility,https://ncses.nsf.gov/accessibility,200,true,false,10327,false,0,0,0,0,,"Error: Could not find Chrome (ver. 145.0.7632.77). This can occur if either
 1. you did not perform an installation before running the script (e.g. `npx puppeteer browsers install chrome`) or
 2. your cache path is incorrectly configured (which is: /home/runner/.cache/puppeteer).
For (2), check out our guide on configuring puppeteer at https://pptr.dev/guides/configuration.
    at ChromeLauncher.resolveExecutablePath (file:///home/runner/work/open-scans/open-scans/node_modules/puppeteer-core/lib/esm/puppeteer/node/BrowserLauncher.js:298:27)
    at ChromeLauncher.computeLaunchArguments (file:///home/runner/work/open-scans/open-scans/node_modules/puppeteer-core/lib/esm/puppeteer/node/ChromeLauncher.js:86:24)
    at async ChromeLauncher.launch (file:///home/runner/work/open-scans/open-scans/node_modules/puppeteer-core/lib/esm/puppeteer/node/BrowserLauncher.js:49:28)
    at async Scraper.of (file:///home/runner/work/open-scans/open-scans/node_modules/@siteimprove/alfa-scraper/dist/scraper.js:29:28)
    at async Module.run (file:///home/runner/work/open-scans/open-scans/node_modules/@siteimprove/alfa-cli/bin/alfa/command/scrape/run.js:94:21)
    at async run (file:///home/runner/work/open-scans/open-scans/node_modules/@siteimprove/alfa-cli/bin/alfa/command/audit/run.js:31:24)",true,569,15,7,45,aria-required-attr;landmark-one-main;link-in-text-block;list;page-has-heading-one;region;role-img-alt,,false,0,0,0,0,0,0,,Skipped (not requested),false,0,0,0,0,0,0,,Skipped (not requested),false,0,0,0,0,,Skipped (not requested),0,,NCSES Section 508 WCAG 2.0 Accessibility | NCSES | NSF
169,NSF.gov —,chromium,both,desktop,1280,800,https://ncses.nsf.gov/indicators,https://ncses.nsf.gov/indicators,200,true,false,10274,false,0,0,0,0,,"Error: Could not find Chrome (ver. 145.0.7632.77). This can occur if either
 1. you did not perform an installation before running the script (e.g. `npx puppeteer browsers install chrome`) or
 2. your cache path is incorrectly configured (which is: /home/runner/.cache/puppeteer).
For (2), check out our guide on configuring puppeteer at https://pptr.dev/guides/configuration.
    at ChromeLauncher.resolveExecutablePath (file:///home/runner/work/open-scans/open-scans/node_modules/puppeteer-core/lib/esm/puppeteer/node/BrowserLauncher.js:298:27)
    at ChromeLauncher.computeLaunchArguments (file:///home/runner/work/open-scans/open-scans/node_modules/puppeteer-core/lib/esm/puppeteer/node/ChromeLauncher.js:86:24)
    at async ChromeLauncher.launch (file:///home/runner/work/open-scans/open-scans/node_modules/puppeteer-core/lib/esm/puppeteer/node/BrowserLauncher.js:49:28)
    at async Scraper.of (file:///home/runner/work/open-scans/open-scans/node_modules/@siteimprove/alfa-scraper/dist/scraper.js:29:28)
    at async Module.run (file:///home/runner/work/open-scans/open-scans/node_modules/@siteimprove/alfa-cli/bin/alfa/command/scrape/run.js:94:21)
    at async run (file:///home/runner/work/open-scans/open-scans/node_modules/@siteimprove/alfa-cli/bin/alfa/command/audit/run.js:31:24)",true,858,6,15,44,aria-input-field-name;aria-required-attr;aria-required-children;page-has-heading-one;region,,false,0,0,0,0,0,0,,Skipped (not requested),false,0,0,0,0,0,0,,Skipped (not requested),false,0,0,0,0,,Skipped (not requested),0,,Indicators | NCSES | NSF
169,NSF.gov —,chromium,both,desktop,1280,800,https://ncses.nsf.gov/data-tools,https://ncses.nsf.gov/data-tools,404,false,false,12277,false,0,0,0,0,,"Error: Could not find Chrome (ver. 145.0.7632.77). This can occur if either
 1. you did not perform an installation before running the script (e.g. `npx puppeteer browsers install chrome`) or
 2. your cache path is incorrectly configured (which is: /home/runner/.cache/puppeteer).
For (2), check out our guide on configuring puppeteer at https://pptr.dev/guides/configuration.
    at ChromeLauncher.resolveExecutablePath (file:///home/runner/work/open-scans/open-scans/node_modules/puppeteer-core/lib/esm/puppeteer/node/BrowserLauncher.js:298:27)
    at ChromeLauncher.computeLaunchArguments (file:///home/runner/work/open-scans/open-scans/node_modules/puppeteer-core/lib/esm/puppeteer/node/ChromeLauncher.js:86:24)
    at async ChromeLauncher.launch (file:///home/runner/work/open-scans/open-scans/node_modules/puppeteer-core/lib/esm/puppeteer/node/BrowserLauncher.js:49:28)
    at async Scraper.of (file:///home/runner/work/open-scans/open-scans/node_modules/@siteimprove/alfa-scraper/dist/scraper.js:29:28)
    at async Module.run (file:///home/runner/work/open-scans/open-scans/node_modules/@siteimprove/alfa-cli/bin/alfa/command/scrape/run.js:94:21)
    at async run (file:///home/runner/work/open-scans/open-scans/node_modules/@siteimprove/alfa-cli/bin/alfa/command/audit/run.js:31:24)",true,477,12,11,43,aria-required-attr;html-lang-valid;link-in-text-block;list;region;role-img-alt,,false,0,0,0,0,0,0,,Skipped (not requested),false,0,0,0,0,0,0,,Skipped (not requested),false,0,0,0,0,,Skipped (not requested),0,,404 Page Not Found | NCSES | NSF
169,NSF.gov —,chromium,both,desktop,1280,800,https://ncses.nsf.gov/surveys,https://ncses.nsf.gov/surveys,200,true,false,10800,false,0,0,0,0,,"Error: Could not find Chrome (ver. 145.0.7632.77). This can occur if either
 1. you did not perform an installation before running the script (e.g. `npx puppeteer browsers install chrome`) or
 2. your cache path is incorrectly configured (which is: /home/runner/.cache/puppeteer).
For (2), check out our guide on configuring puppeteer at https://pptr.dev/guides/configuration.
    at ChromeLauncher.resolveExecutablePath (file:///home/runner/work/open-scans/open-scans/node_modules/puppeteer-core/lib/esm/puppeteer/node/BrowserLauncher.js:298:27)
    at ChromeLauncher.computeLaunchArguments (file:///home/runner/work/open-scans/open-scans/node_modules/puppeteer-core/lib/esm/puppeteer/node/ChromeLauncher.js:86:24)
    at async ChromeLauncher.launch (file:///home/runner/work/open-scans/open-scans/node_modules/puppeteer-core/lib/esm/puppeteer/node/BrowserLauncher.js:49:28)
    at async Scraper.of (file:///home/runner/work/open-scans/open-scans/node_modules/@siteimprove/alfa-scraper/dist/scraper.js:29:28)
    at async Module.run (file:///home/runner/work/open-scans/open-scans/node_modules/@siteimprove/alfa-cli/bin/alfa/command/scrape/run.js:94:21)
    at async run (file:///home/runner/work/open-scans/open-scans/node_modules/@siteimprove/alfa-cli/bin/alfa/command/audit/run.js:31:24)",true,832,13,9,45,aria-required-attr;landmark-one-main;link-in-text-block;list;region;role-img-alt,,false,0,0,0,0,0,0,,Skipped (not requested),false,0,0,0,0,0,0,,Skipped (not requested),false,0,0,0,0,,Skipped (not requested),0,,Surveys | NCSES | NSF
169,NSF.gov —,chromium,both,desktop,1280,800,https://ncses.nsf.gov/pubs/nsb20257/,https://ncses.nsf.gov/pubs/nsb20257/,200,true,false,14969,false,0,0,0,0,,"Error: Could not find Chrome (ver. 145.0.7632.77). This can occur if either
 1. you did not perform an installation before running the script (e.g. `npx puppeteer browsers install chrome`) or
 2. your cache path is incorrectly configured (which is: /home/runner/.cache/puppeteer).
For (2), check out our guide on configuring puppeteer at https://pptr.dev/guides/configuration.
    at ChromeLauncher.resolveExecutablePath (file:///home/runner/work/open-scans/open-scans/node_modules/puppeteer-core/lib/esm/puppeteer/node/BrowserLauncher.js:298:27)
    at ChromeLauncher.computeLaunchArguments (file:///home/runner/work/open-scans/open-scans/node_modules/puppeteer-core/lib/esm/puppeteer/node/ChromeLauncher.js:86:24)
    at async ChromeLauncher.launch (file:///home/runner/work/open-scans/open-scans/node_modules/puppeteer-core/lib/esm/puppeteer/node/BrowserLauncher.js:49:28)
    at async Scraper.of (file:///home/runner/work/open-scans/open-scans/node_modules/@siteimprove/alfa-scraper/dist/scraper.js:29:28)
    at async Module.run (file:///home/runner/work/open-scans/open-scans/node_modules/@siteimprove/alfa-cli/bin/alfa/command/scrape/run.js:94:21)
    at async run (file:///home/runner/work/open-scans/open-scans/node_modules/@siteimprove/alfa-cli/bin/alfa/command/audit/run.js:31:24)",true,3082,2,98,46,aria-required-attr;region,,false,0,0,0,0,0,0,,Skipped (not requested),false,0,0,0,0,0,0,,Skipped (not requested),false,0,0,0,0,,Skipped (not requested),0,,Discovery: R&amp;D Activity and Research Publications | NCSES | NSF
169,NSF.gov —,chromium,both,desktop,1280,800,https://ncses.nsf.gov/interest-areas/government-science-engineering-funding,https://ncses.nsf.gov/interest-areas/government-science-engineering-funding,200,true,false,12185,false,0,0,0,0,,"Error: Could not find Chrome (ver. 145.0.7632.77). This can occur if either
 1. you did not perform an installation before running the script (e.g. `npx puppeteer browsers install chrome`) or
 2. your cache path is incorrectly configured (which is: /home/runner/.cache/puppeteer).
For (2), check out our guide on configuring puppeteer at https://pptr.dev/guides/configuration.
    at ChromeLauncher.resolveExecutablePath (file:///home/runner/work/open-scans/open-scans/node_modules/puppeteer-core/lib/esm/puppeteer/node/BrowserLauncher.js:298:27)
    at ChromeLauncher.computeLaunchArguments (file:///home/runner/work/open-scans/open-scans/node_modules/puppeteer-core/lib/esm/puppeteer/node/ChromeLauncher.js:86:24)
    at async ChromeLauncher.launch (file:///home/runner/work/open-scans/open-scans/node_modules/puppeteer-core/lib/esm/puppeteer/node/BrowserLauncher.js:49:28)
    at async Scraper.of (file:///home/runner/work/open-scans/open-scans/node_modules/@siteimprove/alfa-scraper/dist/scraper.js:29:28)
    at async Module.run (file:///home/runner/work/open-scans/open-scans/node_modules/@siteimprove/alfa-cli/bin/alfa/command/scrape/run.js:94:21)
    at async run (file:///home/runner/work/open-scans/open-scans/node_modules/@siteimprove/alfa-cli/bin/alfa/command/audit/run.js:31:24)",true,935,34,12,45,aria-required-attr;button-name;heading-order;landmark-one-main;list;region;role-img-alt,,false,0,0,0,0,0,0,,Skipped (not requested),false,0,0,0,0,0,0,,Skipped (not requested),false,0,0,0,0,,Skipped (not requested),0,,Government Funding for Science and Engineering | NCSES | NSF
169,NSF.gov —,chromium,both,desktop,1280,800,https://nsf.gov/about/about-nsf-by-the-numbers/codebook,https://www.nsf.gov/about/about-nsf-by-the-numbers/codebook,200,true,true,10030,false,0,0,0,0,,"Error: Could not find Chrome (ver. 145.0.7632.77). This can occur if either
 1. you did not perform an installation before running the script (e.g. `npx puppeteer browsers install chrome`) or
 2. your cache path is incorrectly configured (which is: /home/runner/.cache/puppeteer).
For (2), check out our guide on configuring puppeteer at https://pptr.dev/guides/configuration.
    at ChromeLauncher.resolveExecutablePath (file:///home/runner/work/open-scans/open-scans/node_modules/puppeteer-core/lib/esm/puppeteer/node/BrowserLauncher.js:298:27)
    at ChromeLauncher.computeLaunchArguments (file:///home/runner/work/open-scans/open-scans/node_modules/puppeteer-core/lib/esm/puppeteer/node/ChromeLauncher.js:86:24)
    at async ChromeLauncher.launch (file:///home/runner/work/open-scans/open-scans/node_modules/puppeteer-core/lib/esm/puppeteer/node/BrowserLauncher.js:49:28)
    at async Scraper.of (file:///home/runner/work/open-scans/open-scans/node_modules/@siteimprove/alfa-scraper/dist/scraper.js:29:28)
    at async Module.run (file:///home/runner/work/open-scans/open-scans/node_modules/@siteimprove/alfa-cli/bin/alfa/command/scrape/run.js:94:21)
    at async run (file:///home/runner/work/open-scans/open-scans/node_modules/@siteimprove/alfa-cli/bin/alfa/command/audit/run.js:31:24)",true,2455,9,7,40,empty-heading;heading-order;region,,false,0,0,0,0,0,0,,Skipped (not requested),false,0,0,0,0,0,0,,Skipped (not requested),false,0,0,0,0,,Skipped (not requested),0,,Codebook - NSF by the Numbers | NSF - U.S. National Science Foundation
169,NSF.gov —,chromium,both,desktop,1280,800,https://nsf.gov/reports/statistics/federal-science-engineering-support-academic-institutions,https://www.nsf.gov/reports/statistics/federal-science-engineering-support-academic-institutions,200,true,true,9624,false,0,0,0,0,,"Error: Could not find Chrome (ver. 145.0.7632.77). This can occur if either
 1. you did not perform an installation before running the script (e.g. `npx puppeteer browsers install chrome`) or
 2. your cache path is incorrectly configured (which is: /home/runner/.cache/puppeteer).
For (2), check out our guide on configuring puppeteer at https://pptr.dev/guides/configuration.
    at ChromeLauncher.resolveExecutablePath (file:///home/runner/work/open-scans/open-scans/node_modules/puppeteer-core/lib/esm/puppeteer/node/BrowserLauncher.js:298:27)
    at ChromeLauncher.computeLaunchArguments (file:///home/runner/work/open-scans/open-scans/node_modules/puppeteer-core/lib/esm/puppeteer/node/ChromeLauncher.js:86:24)
    at async ChromeLauncher.launch (file:///home/runner/work/open-scans/open-scans/node_modules/puppeteer-core/lib/esm/puppeteer/node/BrowserLauncher.js:49:28)
    at async Scraper.of (file:///home/runner/work/open-scans/open-scans/node_modules/@siteimprove/alfa-scraper/dist/scraper.js:29:28)
    at async Module.run (file:///home/runner/work/open-scans/open-scans/node_modules/@siteimprove/alfa-cli/bin/alfa/command/scrape/run.js:94:21)
    at async run (file:///home/runner/work/open-scans/open-scans/node_modules/@siteimprove/alfa-cli/bin/alfa/command/audit/run.js:31:24)",true,1454,6,20,86,landmark-complementary-is-top-level;region,,false,0,0,0,0,0,0,,Skipped (not requested),false,0,0,0,0,0,0,,Skipped (not requested),false,0,0,0,0,,Skipped (not requested),0,,Federal Science and Engineering Support for Academic Institutions Increased 3% in FY 2022; Support to HBCUs Increased 19% | NSF - U.S. National Science Foundation
169,NSF.gov —,chromium,both,desktop,1280,800,https://nsf.gov/reports/statistics/update-us-business-innovation-findings-2011-survey/nsf16-308,https://www.nsf.gov/reports/statistics/update-us-business-innovation-findings-2011-survey/nsf16-308,200,true,true,9542,false,0,0,0,0,,"Error: Could not find Chrome (ver. 145.0.7632.77). This can occur if either
 1. you did not perform an installation before running the script (e.g. `npx puppeteer browsers install chrome`) or
 2. your cache path is incorrectly configured (which is: /home/runner/.cache/puppeteer).
For (2), check out our guide on configuring puppeteer at https://pptr.dev/guides/configuration.
    at ChromeLauncher.resolveExecutablePath (file:///home/runner/work/open-scans/open-scans/node_modules/puppeteer-core/lib/esm/puppeteer/node/BrowserLauncher.js:298:27)
    at ChromeLauncher.computeLaunchArguments (file:///home/runner/work/open-scans/open-scans/node_modules/puppeteer-core/lib/esm/puppeteer/node/ChromeLauncher.js:86:24)
    at async ChromeLauncher.launch (file:///home/runner/work/open-scans/open-scans/node_modules/puppeteer-core/lib/esm/puppeteer/node/BrowserLauncher.js:49:28)
    at async Scraper.of (file:///home/runner/work/open-scans/open-scans/node_modules/@siteimprove/alfa-scraper/dist/scraper.js:29:28)
    at async Module.run (file:///home/runner/work/open-scans/open-scans/node_modules/@siteimprove/alfa-cli/bin/alfa/command/scrape/run.js:94:21)
    at async run (file:///home/runner/work/open-scans/open-scans/node_modules/@siteimprove/alfa-cli/bin/alfa/command/audit/run.js:31:24)",true,1480,6,20,86,landmark-complementary-is-top-level;region,,false,0,0,0,0,0,0,,Skipped (not requested),false,0,0,0,0,0,0,,Skipped (not requested),false,0,0,0,0,,Skipped (not requested),0,,Update on U.S. Business Innovation: Findings from 2011 Survey | NSF - U.S. National Science Foundation
169,NSF.gov —,chromium,both,desktop,1280,800,https://nsf.gov/reports/statistics/federal-obligations-rd-increased-nearly-14-fy-2021-supported,https://www.nsf.gov/reports/statistics/federal-obligations-rd-increased-nearly-14-fy-2021-supported,200,true,true,9154,false,0,0,0,0,,"Error: Could not find Chrome (ver. 145.0.7632.77). This can occur if either
 1. you did not perform an installation before running the script (e.g. `npx puppeteer browsers install chrome`) or
 2. your cache path is incorrectly configured (which is: /home/runner/.cache/puppeteer).
For (2), check out our guide on configuring puppeteer at https://pptr.dev/guides/configuration.
    at ChromeLauncher.resolveExecutablePath (file:///home/runner/work/open-scans/open-scans/node_modules/puppeteer-core/lib/esm/puppeteer/node/BrowserLauncher.js:298:27)
    at ChromeLauncher.computeLaunchArguments (file:///home/runner/work/open-scans/open-scans/node_modules/puppeteer-core/lib/esm/puppeteer/node/ChromeLauncher.js:86:24)
    at async ChromeLauncher.launch (file:///home/runner/work/open-scans/open-scans/node_modules/puppeteer-core/lib/esm/puppeteer/node/BrowserLauncher.js:49:28)
    at async Scraper.of (file:///home/runner/work/open-scans/open-scans/node_modules/@siteimprove/alfa-scraper/dist/scraper.js:29:28)
    at async Module.run (file:///home/runner/work/open-scans/open-scans/node_modules/@siteimprove/alfa-cli/bin/alfa/command/scrape/run.js:94:21)
    at async run (file:///home/runner/work/open-scans/open-scans/node_modules/@siteimprove/alfa-cli/bin/alfa/command/audit/run.js:31:24)",true,1464,6,20,86,landmark-complementary-is-top-level;region,,false,0,0,0,0,0,0,,Skipped (not requested),false,0,0,0,0,0,0,,Skipped (not requested),false,0,0,0,0,,Skipped (not requested),0,,"Federal Obligations for R&amp;D Increased Nearly 14% in FY 2021, Supported by COVID-19 Pandemic-Related Funding | NSF - U.S. National Science Foundation"
169,NSF.gov —,chromium,both,desktop,1280,800,https://nsf.gov/reports/statistics/businesses-invested-325-billion-assets-support-their-rd,https://www.nsf.gov/reports/statistics/businesses-invested-325-billion-assets-support-their-rd,200,true,true,9603,false,0,0,0,0,,"Error: Could not find Chrome (ver. 145.0.7632.77). This can occur if either
 1. you did not perform an installation before running the script (e.g. `npx puppeteer browsers install chrome`) or
 2. your cache path is incorrectly configured (which is: /home/runner/.cache/puppeteer).
For (2), check out our guide on configuring puppeteer at https://pptr.dev/guides/configuration.
    at ChromeLauncher.resolveExecutablePath (file:///home/runner/work/open-scans/open-scans/node_modules/puppeteer-core/lib/esm/puppeteer/node/BrowserLauncher.js:298:27)
    at ChromeLauncher.computeLaunchArguments (file:///home/runner/work/open-scans/open-scans/node_modules/puppeteer-core/lib/esm/puppeteer/node/ChromeLauncher.js:86:24)
    at async ChromeLauncher.launch (file:///home/runner/work/open-scans/open-scans/node_modules/puppeteer-core/lib/esm/puppeteer/node/BrowserLauncher.js:49:28)
    at async Scraper.of (file:///home/runner/work/open-scans/open-scans/node_modules/@siteimprove/alfa-scraper/dist/scraper.js:29:28)
    at async Module.run (file:///home/runner/work/open-scans/open-scans/node_modules/@siteimprove/alfa-cli/bin/alfa/command/scrape/run.js:94:21)
    at async run (file:///home/runner/work/open-scans/open-scans/node_modules/@siteimprove/alfa-cli/bin/alfa/command/audit/run.js:31:24)",true,1454,6,20,86,landmark-complementary-is-top-level;region,,false,0,0,0,0,0,0,,Skipped (not requested),false,0,0,0,0,0,0,,Skipped (not requested),false,0,0,0,0,,Skipped (not requested),0,,Businesses Invested $32.5 Billion in Assets to Support Their R&amp;D Activities in the United States in 2020 | NSF - U.S. National Science Foundation
169,NSF.gov —,chromium,both,desktop,1280,800,https://nsf.gov/about/performance/nsf-by-the-numbers,https://www.nsf.gov/about/performance/nsf-by-the-numbers,404,false,true,8724,false,0,0,0,0,,"Error: Could not find Chrome (ver. 145.0.7632.77). This can occur if either
 1. you did not perform an installation before running the script (e.g. `npx puppeteer browsers install chrome`) or
 2. your cache path is incorrectly configured (which is: /home/runner/.cache/puppeteer).
For (2), check out our guide on configuring puppeteer at https://pptr.dev/guides/configuration.
    at ChromeLauncher.resolveExecutablePath (file:///home/runner/work/open-scans/open-scans/node_modules/puppeteer-core/lib/esm/puppeteer/node/BrowserLauncher.js:298:27)
    at ChromeLauncher.computeLaunchArguments (file:///home/runner/work/open-scans/open-scans/node_modules/puppeteer-core/lib/esm/puppeteer/node/ChromeLauncher.js:86:24)
    at async ChromeLauncher.launch (file:///home/runner/work/open-scans/open-scans/node_modules/puppeteer-core/lib/esm/puppeteer/node/BrowserLauncher.js:49:28)
    at async Scraper.of (file:///home/runner/work/open-scans/open-scans/node_modules/@siteimprove/alfa-scraper/dist/scraper.js:29:28)
    at async Module.run (file:///home/runner/work/open-scans/open-scans/node_modules/@siteimprove/alfa-cli/bin/alfa/command/scrape/run.js:94:21)
    at async run (file:///home/runner/work/open-scans/open-scans/node_modules/@siteimprove/alfa-cli/bin/alfa/command/audit/run.js:31:24)",true,666,2,8,44,landmark-complementary-is-top-level;region,,false,0,0,0,0,0,0,,Skipped (not requested),false,0,0,0,0,0,0,,Skipped (not requested),false,0,0,0,0,,Skipped (not requested),0,,Page Not Found | NSF - U.S. National Science Foundation
169,NSF.gov —,chromium,both,desktop,1280,800,https://nsf.gov/reports/topical/description-analysis-best-practice-finding-programs,https://www.nsf.gov/reports/topical/description-analysis-best-practice-finding-programs,200,true,true,9579,false,0,0,0,0,,"Error: Could not find Chrome (ver. 145.0.7632.77). This can occur if either
 1. you did not perform an installation before running the script (e.g. `npx puppeteer browsers install chrome`) or
 2. your cache path is incorrectly configured (which is: /home/runner/.cache/puppeteer).
For (2), check out our guide on configuring puppeteer at https://pptr.dev/guides/configuration.
    at ChromeLauncher.resolveExecutablePath (file:///home/runner/work/open-scans/open-scans/node_modules/puppeteer-core/lib/esm/puppeteer/node/BrowserLauncher.js:298:27)
    at ChromeLauncher.computeLaunchArguments (file:///home/runner/work/open-scans/open-scans/node_modules/puppeteer-core/lib/esm/puppeteer/node/ChromeLauncher.js:86:24)
    at async ChromeLauncher.launch (file:///home/runner/work/open-scans/open-scans/node_modules/puppeteer-core/lib/esm/puppeteer/node/BrowserLauncher.js:49:28)
    at async Scraper.of (file:///home/runner/work/open-scans/open-scans/node_modules/@siteimprove/alfa-scraper/dist/scraper.js:29:28)
    at async Module.run (file:///home/runner/work/open-scans/open-scans/node_modules/@siteimprove/alfa-cli/bin/alfa/command/scrape/run.js:94:21)
    at async run (file:///home/runner/work/open-scans/open-scans/node_modules/@siteimprove/alfa-cli/bin/alfa/command/audit/run.js:31:24)",true,1456,6,20,86,landmark-complementary-is-top-level;region,,false,0,0,0,0,0,0,,Skipped (not requested),false,0,0,0,0,0,0,,Skipped (not requested),false,0,0,0,0,,Skipped (not requested),0,,"A Description and Analysis of Best Practice Finding of Programs promoting participation of underrepresented undergraduate student in Science, Mathematics, Engineering and Technology | NSF - U.S. National Science Foundation"
169,NSF.gov —,chromium,both,desktop,1280,800,https://nsf.gov/about/us-national-science-foundation-fy-2024-service-contract,https://www.nsf.gov/about/us-national-science-foundation-fy-2024-service-contract,200,true,true,9988,false,0,0,0,0,,"Error: Could not find Chrome (ver. 145.0.7632.77). This can occur if either
 1. you did not perform an installation before running the script (e.g. `npx puppeteer browsers install chrome`) or
 2. your cache path is incorrectly configured (which is: /home/runner/.cache/puppeteer).
For (2), check out our guide on configuring puppeteer at https://pptr.dev/guides/configuration.
    at ChromeLauncher.resolveExecutablePath (file:///home/runner/work/open-scans/open-scans/node_modules/puppeteer-core/lib/esm/puppeteer/node/BrowserLauncher.js:298:27)
    at ChromeLauncher.computeLaunchArguments (file:///home/runner/work/open-scans/open-scans/node_modules/puppeteer-core/lib/esm/puppeteer/node/ChromeLauncher.js:86:24)
    at async ChromeLauncher.launch (file:///home/runner/work/open-scans/open-scans/node_modules/puppeteer-core/lib/esm/puppeteer/node/BrowserLauncher.js:49:28)
    at async Scraper.of (file:///home/runner/work/open-scans/open-scans/node_modules/@siteimprove/alfa-scraper/dist/scraper.js:29:28)
    at async Module.run (file:///home/runner/work/open-scans/open-scans/node_modules/@siteimprove/alfa-cli/bin/alfa/command/scrape/run.js:94:21)
    at async run (file:///home/runner/work/open-scans/open-scans/node_modules/@siteimprove/alfa-cli/bin/alfa/command/audit/run.js:31:24)",true,1800,4,20,86,region,,false,0,0,0,0,0,0,,Skipped (not requested),false,0,0,0,0,0,0,,Skipped (not requested),false,0,0,0,0,,Skipped (not requested),0,,U.S. National Science Foundation FY 2024 Service Contract Inventory Analysis Report - About NSF | NSF - U.S. National Science Foundation
169,NSF.gov —,chromium,both,desktop,1280,800,https://nsf.gov/news/mmg/,https://www.nsf.gov/news,200,true,true,7813,false,0,0,0,0,,"Error: Could not find Chrome (ver. 145.0.7632.77). This can occur if either
 1. you did not perform an installation before running the script (e.g. `npx puppeteer browsers install chrome`) or
 2. your cache path is incorrectly configured (which is: /home/runner/.cache/puppeteer).
For (2), check out our guide on configuring puppeteer at https://pptr.dev/guides/configuration.
    at ChromeLauncher.resolveExecutablePath (file:///home/runner/work/open-scans/open-scans/node_modules/puppeteer-core/lib/esm/puppeteer/node/BrowserLauncher.js:298:27)
    at ChromeLauncher.computeLaunchArguments (file:///home/runner/work/open-scans/open-scans/node_modules/puppeteer-core/lib/esm/puppeteer/node/ChromeLauncher.js:86:24)
    at async ChromeLauncher.launch (file:///home/runner/work/open-scans/open-scans/node_modules/puppeteer-core/lib/esm/puppeteer/node/BrowserLauncher.js:49:28)
    at async Scraper.of (file:///home/runner/work/open-scans/open-scans/node_modules/@siteimprove/alfa-scraper/dist/scraper.js:29:28)
    at async Module.run (file:///home/runner/work/open-scans/open-scans/node_modules/@siteimprove/alfa-cli/bin/alfa/command/scrape/run.js:94:21)
    at async run (file:///home/runner/work/open-scans/open-scans/node_modules/@siteimprove/alfa-cli/bin/alfa/command/audit/run.js:31:24)",true,973,2,7,45,region,,false,0,0,0,0,0,0,,Skipped (not requested),false,0,0,0,0,0,0,,Skipped (not requested),false,0,0,0,0,,Skipped (not requested),0,,News | NSF - U.S. National Science Foundation
169,NSF.gov —,chromium,both,desktop,1280,800,https://nsf.gov/news/special_reports/,https://www.nsf.gov/news,200,true,true,7777,false,0,0,0,0,,"Error: Could not find Chrome (ver. 145.0.7632.77). This can occur if either
 1. you did not perform an installation before running the script (e.g. `npx puppeteer browsers install chrome`) or
 2. your cache path is incorrectly configured (which is: /home/runner/.cache/puppeteer).
For (2), check out our guide on configuring puppeteer at https://pptr.dev/guides/configuration.
    at ChromeLauncher.resolveExecutablePath (file:///home/runner/work/open-scans/open-scans/node_modules/puppeteer-core/lib/esm/puppeteer/node/BrowserLauncher.js:298:27)
    at ChromeLauncher.computeLaunchArguments (file:///home/runner/work/open-scans/open-scans/node_modules/puppeteer-core/lib/esm/puppeteer/node/ChromeLauncher.js:86:24)
    at async ChromeLauncher.launch (file:///home/runner/work/open-scans/open-scans/node_modules/puppeteer-core/lib/esm/puppeteer/node/BrowserLauncher.js:49:28)
    at async Scraper.of (file:///home/runner/work/open-scans/open-scans/node_modules/@siteimprove/alfa-scraper/dist/scraper.js:29:28)
    at async Module.run (file:///home/runner/work/open-scans/open-scans/node_modules/@siteimprove/alfa-cli/bin/alfa/command/scrape/run.js:94:21)
    at async run (file:///home/runner/work/open-scans/open-scans/node_modules/@siteimprove/alfa-cli/bin/alfa/command/audit/run.js:31:24)",true,973,2,7,45,region,,false,0,0,0,0,0,0,,Skipped (not requested),false,0,0,0,0,0,0,,Skipped (not requested),false,0,0,0,0,,Skipped (not requested),0,,News | NSF - U.S. National Science Foundation
169,NSF.gov —,chromium,both,desktop,1280,800,https://nsf.gov/news/nsf-releases-usap-sahcs-findings-report,https://www.nsf.gov/news/nsf-releases-usap-sahcs-findings-report,200,true,true,9960,false,0,0,0,0,,"Error: Could not find Chrome (ver. 145.0.7632.77). This can occur if either
 1. you did not perform an installation before running the script (e.g. `npx puppeteer browsers install chrome`) or
 2. your cache path is incorrectly configured (which is: /home/runner/.cache/puppeteer).
For (2), check out our guide on configuring puppeteer at https://pptr.dev/guides/configuration.
    at ChromeLauncher.resolveExecutablePath (file:///home/runner/work/open-scans/open-scans/node_modules/puppeteer-core/lib/esm/puppeteer/node/BrowserLauncher.js:298:27)
    at ChromeLauncher.computeLaunchArguments (file:///home/runner/work/open-scans/open-scans/node_modules/puppeteer-core/lib/esm/puppeteer/node/ChromeLauncher.js:86:24)
    at async ChromeLauncher.launch (file:///home/runner/work/open-scans/open-scans/node_modules/puppeteer-core/lib/esm/puppeteer/node/BrowserLauncher.js:49:28)
    at async Scraper.of (file:///home/runner/work/open-scans/open-scans/node_modules/@siteimprove/alfa-scraper/dist/scraper.js:29:28)
    at async Module.run (file:///home/runner/work/open-scans/open-scans/node_modules/@siteimprove/alfa-cli/bin/alfa/command/scrape/run.js:94:21)
    at async run (file:///home/runner/work/open-scans/open-scans/node_modules/@siteimprove/alfa-cli/bin/alfa/command/audit/run.js:31:24)",true,1552,4,22,88,region,,false,0,0,0,0,0,0,,Skipped (not requested),false,0,0,0,0,0,0,,Skipped (not requested),false,0,0,0,0,,Skipped (not requested),0,,NSF releases USAP SAHCS findings report | NSF - U.S. National Science Foundation
169,NSF.gov —,chromium,both,desktop,1280,800,https://nsf.gov/news/450-million-year-old-organism-finds-new-life-softbotics,https://www.nsf.gov/news/450-million-year-old-organism-finds-new-life-softbotics,200,true,true,10374,false,0,0,0,0,,"Error: Could not find Chrome (ver. 145.0.7632.77). This can occur if either
 1. you did not perform an installation before running the script (e.g. `npx puppeteer browsers install chrome`) or
 2. your cache path is incorrectly configured (which is: /home/runner/.cache/puppeteer).
For (2), check out our guide on configuring puppeteer at https://pptr.dev/guides/configuration.
    at ChromeLauncher.resolveExecutablePath (file:///home/runner/work/open-scans/open-scans/node_modules/puppeteer-core/lib/esm/puppeteer/node/BrowserLauncher.js:298:27)
    at ChromeLauncher.computeLaunchArguments (file:///home/runner/work/open-scans/open-scans/node_modules/puppeteer-core/lib/esm/puppeteer/node/ChromeLauncher.js:86:24)
    at async ChromeLauncher.launch (file:///home/runner/work/open-scans/open-scans/node_modules/puppeteer-core/lib/esm/puppeteer/node/BrowserLauncher.js:49:28)
    at async Scraper.of (file:///home/runner/work/open-scans/open-scans/node_modules/@siteimprove/alfa-scraper/dist/scraper.js:29:28)
    at async Module.run (file:///home/runner/work/open-scans/open-scans/node_modules/@siteimprove/alfa-cli/bin/alfa/command/scrape/run.js:94:21)
    at async run (file:///home/runner/work/open-scans/open-scans/node_modules/@siteimprove/alfa-cli/bin/alfa/command/audit/run.js:31:24)",true,1784,6,26,86,landmark-complementary-is-top-level;region,,false,0,0,0,0,0,0,,Skipped (not requested),false,0,0,0,0,0,0,,Skipped (not requested),false,0,0,0,0,,Skipped (not requested),0,,450 million-year-old organism finds new life in softbotics | NSF - U.S. National Science Foundation
169,NSF.gov —,chromium,both,desktop,1280,800,https://nsf.gov/news/intent-restructure-critical-weather-science-infrastructure,https://www.nsf.gov/news/intent-restructure-critical-weather-science-infrastructure,200,true,true,8244,false,0,0,0,0,,"Error: Could not find Chrome (ver. 145.0.7632.77). This can occur if either
 1. you did not perform an installation before running the script (e.g. `npx puppeteer browsers install chrome`) or
 2. your cache path is incorrectly configured (which is: /home/runner/.cache/puppeteer).
For (2), check out our guide on configuring puppeteer at https://pptr.dev/guides/configuration.
    at ChromeLauncher.resolveExecutablePath (file:///home/runner/work/open-scans/open-scans/node_modules/puppeteer-core/lib/esm/puppeteer/node/BrowserLauncher.js:298:27)
    at ChromeLauncher.computeLaunchArguments (file:///home/runner/work/open-scans/open-scans/node_modules/puppeteer-core/lib/esm/puppeteer/node/ChromeLauncher.js:86:24)
    at async ChromeLauncher.launch (file:///home/runner/work/open-scans/open-scans/node_modules/puppeteer-core/lib/esm/puppeteer/node/BrowserLauncher.js:49:28)
    at async Scraper.of (file:///home/runner/work/open-scans/open-scans/node_modules/@siteimprove/alfa-scraper/dist/scraper.js:29:28)
    at async Module.run (file:///home/runner/work/open-scans/open-scans/node_modules/@siteimprove/alfa-cli/bin/alfa/command/scrape/run.js:94:21)
    at async run (file:///home/runner/work/open-scans/open-scans/node_modules/@siteimprove/alfa-cli/bin/alfa/command/audit/run.js:31:24)",true,1470,4,22,88,region,,false,0,0,0,0,0,0,,Skipped (not requested),false,0,0,0,0,0,0,,Skipped (not requested),false,0,0,0,0,,Skipped (not requested),0,,Intent to restructure critical weather science infrastructure | NSF - U.S. National Science Foundation
169,NSF.gov —,chromium,both,desktop,1280,800,https://nsf.gov/news/astronomers-find-golden-glow-distant-stellar,https://www.nsf.gov/news/astronomers-find-golden-glow-distant-stellar-collision,403,false,true,8632,false,0,0,0,0,,"Error: Could not find Chrome (ver. 145.0.7632.77). This can occur if either
 1. you did not perform an installation before running the script (e.g. `npx puppeteer browsers install chrome`) or
 2. your cache path is incorrectly configured (which is: /home/runner/.cache/puppeteer).
For (2), check out our guide on configuring puppeteer at https://pptr.dev/guides/configuration.
    at ChromeLauncher.resolveExecutablePath (file:///home/runner/work/open-scans/open-scans/node_modules/puppeteer-core/lib/esm/puppeteer/node/BrowserLauncher.js:298:27)
    at ChromeLauncher.computeLaunchArguments (file:///home/runner/work/open-scans/open-scans/node_modules/puppeteer-core/lib/esm/puppeteer/node/ChromeLauncher.js:86:24)
    at async ChromeLauncher.launch (file:///home/runner/work/open-scans/open-scans/node_modules/puppeteer-core/lib/esm/puppeteer/node/BrowserLauncher.js:49:28)
    at async Scraper.of (file:///home/runner/work/open-scans/open-scans/node_modules/@siteimprove/alfa-scraper/dist/scraper.js:29:28)
    at async Module.run (file:///home/runner/work/open-scans/open-scans/node_modules/@siteimprove/alfa-cli/bin/alfa/command/scrape/run.js:94:21)
    at async run (file:///home/runner/work/open-scans/open-scans/node_modules/@siteimprove/alfa-cli/bin/alfa/command/audit/run.js:31:24)",true,668,2,8,44,landmark-complementary-is-top-level;region,,false,0,0,0,0,0,0,,Skipped (not requested),false,0,0,0,0,0,0,,Skipped (not requested),false,0,0,0,0,,Skipped (not requested),0,,Access Denied | NSF - U.S. National Science Foundation
169,NSF.gov —,chromium,both,desktop,1280,800,https://nsf.gov/news/new-research-findings-origami-materials-promise,https://www.nsf.gov/news/new-research-findings-origami-materials-promise-wide,403,false,true,8809,false,0,0,0,0,,"Error: Could not find Chrome (ver. 145.0.7632.77). This can occur if either
 1. you did not perform an installation before running the script (e.g. `npx puppeteer browsers install chrome`) or
 2. your cache path is incorrectly configured (which is: /home/runner/.cache/puppeteer).
For (2), check out our guide on configuring puppeteer at https://pptr.dev/guides/configuration.
    at ChromeLauncher.resolveExecutablePath (file:///home/runner/work/open-scans/open-scans/node_modules/puppeteer-core/lib/esm/puppeteer/node/BrowserLauncher.js:298:27)
    at ChromeLauncher.computeLaunchArguments (file:///home/runner/work/open-scans/open-scans/node_modules/puppeteer-core/lib/esm/puppeteer/node/ChromeLauncher.js:86:24)
    at async ChromeLauncher.launch (file:///home/runner/work/open-scans/open-scans/node_modules/puppeteer-core/lib/esm/puppeteer/node/BrowserLauncher.js:49:28)
    at async Scraper.of (file:///home/runner/work/open-scans/open-scans/node_modules/@siteimprove/alfa-scraper/dist/scraper.js:29:28)
    at async Module.run (file:///home/runner/work/open-scans/open-scans/node_modules/@siteimprove/alfa-cli/bin/alfa/command/scrape/run.js:94:21)
    at async run (file:///home/runner/work/open-scans/open-scans/node_modules/@siteimprove/alfa-cli/bin/alfa/command/audit/run.js:31:24)",true,668,2,8,44,landmark-complementary-is-top-level;region,,false,0,0,0,0,0,0,,Skipped (not requested),false,0,0,0,0,0,0,,Skipped (not requested),false,0,0,0,0,,Skipped (not requested),0,,Access Denied | NSF - U.S. National Science Foundation
169,NSF.gov —,chromium,both,desktop,1280,800,https://nsf.gov/news/novel-analysis-finds-new-mechanism-underlying-red,https://www.nsf.gov/news/novel-analysis-finds-new-mechanism-underlying-red-blood-cell,200,true,true,10541,false,0,0,0,0,,"Error: Could not find Chrome (ver. 145.0.7632.77). This can occur if either
 1. you did not perform an installation before running the script (e.g. `npx puppeteer browsers install chrome`) or
 2. your cache path is incorrectly configured (which is: /home/runner/.cache/puppeteer).
For (2), check out our guide on configuring puppeteer at https://pptr.dev/guides/configuration.
    at ChromeLauncher.resolveExecutablePath (file:///home/runner/work/open-scans/open-scans/node_modules/puppeteer-core/lib/esm/puppeteer/node/BrowserLauncher.js:298:27)
    at ChromeLauncher.computeLaunchArguments (file:///home/runner/work/open-scans/open-scans/node_modules/puppeteer-core/lib/esm/puppeteer/node/ChromeLauncher.js:86:24)
    at async ChromeLauncher.launch (file:///home/runner/work/open-scans/open-scans/node_modules/puppeteer-core/lib/esm/puppeteer/node/BrowserLauncher.js:49:28)
    at async Scraper.of (file:///home/runner/work/open-scans/open-scans/node_modules/@siteimprove/alfa-scraper/dist/scraper.js:29:28)
    at async Module.run (file:///home/runner/work/open-scans/open-scans/node_modules/@siteimprove/alfa-cli/bin/alfa/command/scrape/run.js:94:21)
    at async run (file:///home/runner/work/open-scans/open-scans/node_modules/@siteimprove/alfa-cli/bin/alfa/command/audit/run.js:31:24)",true,1748,6,26,86,landmark-complementary-is-top-level;region,,false,0,0,0,0,0,0,,Skipped (not requested),false,0,0,0,0,0,0,,Skipped (not requested),false,0,0,0,0,,Skipped (not requested),0,,Novel analysis finds new mechanism underlying red blood cell aging | NSF - U.S. National Science Foundation
169,NSF.gov —,chromium,both,desktop,1280,800,https://nsf.gov/news/scientists-find-water-billions-light-years-away,https://www.nsf.gov/news/scientists-find-water-billions-light-years-away,200,true,true,9918,false,0,0,0,0,,"Error: Could not find Chrome (ver. 145.0.7632.77). This can occur if either
 1. you did not perform an installation before running the script (e.g. `npx puppeteer browsers install chrome`) or
 2. your cache path is incorrectly configured (which is: /home/runner/.cache/puppeteer).
For (2), check out our guide on configuring puppeteer at https://pptr.dev/guides/configuration.
    at ChromeLauncher.resolveExecutablePath (file:///home/runner/work/open-scans/open-scans/node_modules/puppeteer-core/lib/esm/puppeteer/node/BrowserLauncher.js:298:27)
    at ChromeLauncher.computeLaunchArguments (file:///home/runner/work/open-scans/open-scans/node_modules/puppeteer-core/lib/esm/puppeteer/node/ChromeLauncher.js:86:24)
    at async ChromeLauncher.launch (file:///home/runner/work/open-scans/open-scans/node_modules/puppeteer-core/lib/esm/puppeteer/node/BrowserLauncher.js:49:28)
    at async Scraper.of (file:///home/runner/work/open-scans/open-scans/node_modules/@siteimprove/alfa-scraper/dist/scraper.js:29:28)
    at async Module.run (file:///home/runner/work/open-scans/open-scans/node_modules/@siteimprove/alfa-cli/bin/alfa/command/scrape/run.js:94:21)
    at async run (file:///home/runner/work/open-scans/open-scans/node_modules/@siteimprove/alfa-cli/bin/alfa/command/audit/run.js:31:24)",true,1784,6,26,86,landmark-complementary-is-top-level;region,,false,0,0,0,0,0,0,,Skipped (not requested),false,0,0,0,0,0,0,,Skipped (not requested),false,0,0,0,0,,Skipped (not requested),0,,Scientists find water billions of light years away | NSF - U.S. National Science Foundation
169,NSF.gov —,chromium,both,desktop,1280,800,https://nsf.gov/science-matters/nsf-101-agency-accessibility-resources,https://www.nsf.gov/science-matters/nsf-101-agency-accessibility-resources,200,true,true,8771,false,0,0,0,0,,"Error: Could not find Chrome (ver. 145.0.7632.77). This can occur if either
 1. you did not perform an installation before running the script (e.g. `npx puppeteer browsers install chrome`) or
 2. your cache path is incorrectly configured (which is: /home/runner/.cache/puppeteer).
For (2), check out our guide on configuring puppeteer at https://pptr.dev/guides/configuration.
    at ChromeLauncher.resolveExecutablePath (file:///home/runner/work/open-scans/open-scans/node_modules/puppeteer-core/lib/esm/puppeteer/node/BrowserLauncher.js:298:27)
    at ChromeLauncher.computeLaunchArguments (file:///home/runner/work/open-scans/open-scans/node_modules/puppeteer-core/lib/esm/puppeteer/node/ChromeLauncher.js:86:24)
    at async ChromeLauncher.launch (file:///home/runner/work/open-scans/open-scans/node_modules/puppeteer-core/lib/esm/puppeteer/node/BrowserLauncher.js:49:28)
    at async Scraper.of (file:///home/runner/work/open-scans/open-scans/node_modules/@siteimprove/alfa-scraper/dist/scraper.js:29:28)
    at async Module.run (file:///home/runner/work/open-scans/open-scans/node_modules/@siteimprove/alfa-cli/bin/alfa/command/scrape/run.js:94:21)
    at async run (file:///home/runner/work/open-scans/open-scans/node_modules/@siteimprove/alfa-cli/bin/alfa/command/audit/run.js:31:24)",true,1850,6,24,86,heading-order;landmark-complementary-is-top-level;region,,false,0,0,0,0,0,0,,Skipped (not requested),false,0,0,0,0,0,0,,Skipped (not requested),false,0,0,0,0,,Skipped (not requested),0,,NSF 101: Agency accessibility resources | NSF - U.S. National Science Foundation
169,NSF.gov —,chromium,both,desktop,1280,800,https://nsf.gov/news/finding-salt-stress-tipping-point-coastal-wetlands,https://www.nsf.gov/news/finding-salt-stress-tipping-point-coastal-wetlands,200,true,true,10495,false,0,0,0,0,,"Error: Could not find Chrome (ver. 145.0.7632.77). This can occur if either
 1. you did not perform an installation before running the script (e.g. `npx puppeteer browsers install chrome`) or
 2. your cache path is incorrectly configured (which is: /home/runner/.cache/puppeteer).
For (2), check out our guide on configuring puppeteer at https://pptr.dev/guides/configuration.
    at ChromeLauncher.resolveExecutablePath (file:///home/runner/work/open-scans/open-scans/node_modules/puppeteer-core/lib/esm/puppeteer/node/BrowserLauncher.js:298:27)
    at ChromeLauncher.computeLaunchArguments (file:///home/runner/work/open-scans/open-scans/node_modules/puppeteer-core/lib/esm/puppeteer/node/ChromeLauncher.js:86:24)
    at async ChromeLauncher.launch (file:///home/runner/work/open-scans/open-scans/node_modules/puppeteer-core/lib/esm/puppeteer/node/BrowserLauncher.js:49:28)
    at async Scraper.of (file:///home/runner/work/open-scans/open-scans/node_modules/@siteimprove/alfa-scraper/dist/scraper.js:29:28)
    at async Module.run (file:///home/runner/work/open-scans/open-scans/node_modules/@siteimprove/alfa-cli/bin/alfa/command/scrape/run.js:94:21)
    at async run (file:///home/runner/work/open-scans/open-scans/node_modules/@siteimprove/alfa-cli/bin/alfa/command/audit/run.js:31:24)",true,1766,6,26,86,landmark-complementary-is-top-level;region,,false,0,0,0,0,0,0,,Skipped (not requested),false,0,0,0,0,0,0,,Skipped (not requested),false,0,0,0,0,,Skipped (not requested),0,,Finding the salt-stress tipping point for coastal wetlands | NSF - U.S. National Science Foundation
169,NSF.gov —,chromium,both,desktop,1280,800,https://nsf.gov/news/collision-detecting-suitcase-wayfinding-app-help,https://www.nsf.gov/news/collision-detecting-suitcase-wayfinding-app-help-blind,403,false,true,8849,false,0,0,0,0,,"Error: Could not find Chrome (ver. 145.0.7632.77). This can occur if either
 1. you did not perform an installation before running the script (e.g. `npx puppeteer browsers install chrome`) or
 2. your cache path is incorrectly configured (which is: /home/runner/.cache/puppeteer).
For (2), check out our guide on configuring puppeteer at https://pptr.dev/guides/configuration.
    at ChromeLauncher.resolveExecutablePath (file:///home/runner/work/open-scans/open-scans/node_modules/puppeteer-core/lib/esm/puppeteer/node/BrowserLauncher.js:298:27)
    at ChromeLauncher.computeLaunchArguments (file:///home/runner/work/open-scans/open-scans/node_modules/puppeteer-core/lib/esm/puppeteer/node/ChromeLauncher.js:86:24)
    at async ChromeLauncher.launch (file:///home/runner/work/open-scans/open-scans/node_modules/puppeteer-core/lib/esm/puppeteer/node/BrowserLauncher.js:49:28)
    at async Scraper.of (file:///home/runner/work/open-scans/open-scans/node_modules/@siteimprove/alfa-scraper/dist/scraper.js:29:28)
    at async Module.run (file:///home/runner/work/open-scans/open-scans/node_modules/@siteimprove/alfa-cli/bin/alfa/command/scrape/run.js:94:21)
    at async run (file:///home/runner/work/open-scans/open-scans/node_modules/@siteimprove/alfa-cli/bin/alfa/command/audit/run.js:31:24)",true,668,2,8,44,landmark-complementary-is-top-level;region,,false,0,0,0,0,0,0,,Skipped (not requested),false,0,0,0,0,0,0,,Skipped (not requested),false,0,0,0,0,,Skipped (not requested),0,,Access Denied | NSF - U.S. National Science Foundation
169,NSF.gov —,chromium,both,desktop,1280,800,https://nsf.gov/news/finding-cures-corals,https://www.nsf.gov/news/finding-cures-corals,403,false,true,8822,false,0,0,0,0,,"Error: Could not find Chrome (ver. 145.0.7632.77). This can occur if either
 1. you did not perform an installation before running the script (e.g. `npx puppeteer browsers install chrome`) or
 2. your cache path is incorrectly configured (which is: /home/runner/.cache/puppeteer).
For (2), check out our guide on configuring puppeteer at https://pptr.dev/guides/configuration.
    at ChromeLauncher.resolveExecutablePath (file:///home/runner/work/open-scans/open-scans/node_modules/puppeteer-core/lib/esm/puppeteer/node/BrowserLauncher.js:298:27)
    at ChromeLauncher.computeLaunchArguments (file:///home/runner/work/open-scans/open-scans/node_modules/puppeteer-core/lib/esm/puppeteer/node/ChromeLauncher.js:86:24)
    at async ChromeLauncher.launch (file:///home/runner/work/open-scans/open-scans/node_modules/puppeteer-core/lib/esm/puppeteer/node/BrowserLauncher.js:49:28)
    at async Scraper.of (file:///home/runner/work/open-scans/open-scans/node_modules/@siteimprove/alfa-scraper/dist/scraper.js:29:28)
    at async Module.run (file:///home/runner/work/open-scans/open-scans/node_modules/@siteimprove/alfa-cli/bin/alfa/command/scrape/run.js:94:21)
    at async run (file:///home/runner/work/open-scans/open-scans/node_modules/@siteimprove/alfa-cli/bin/alfa/command/audit/run.js:31:24)",true,668,2,8,44,landmark-complementary-is-top-level;region,,false,0,0,0,0,0,0,,Skipped (not requested),false,0,0,0,0,0,0,,Skipped (not requested),false,0,0,0,0,,Skipped (not requested),0,,Access Denied | NSF - U.S. National Science Foundation
169,NSF.gov —,chromium,both,desktop,1280,800,https://nsf.gov/news/finding-origins-life-drying-puddle,https://www.nsf.gov/news/finding-origins-life-drying-puddle,403,false,true,8708,false,0,0,0,0,,"Error: Could not find Chrome (ver. 145.0.7632.77). This can occur if either
 1. you did not perform an installation before running the script (e.g. `npx puppeteer browsers install chrome`) or
 2. your cache path is incorrectly configured (which is: /home/runner/.cache/puppeteer).
For (2), check out our guide on configuring puppeteer at https://pptr.dev/guides/configuration.
    at ChromeLauncher.resolveExecutablePath (file:///home/runner/work/open-scans/open-scans/node_modules/puppeteer-core/lib/esm/puppeteer/node/BrowserLauncher.js:298:27)
    at ChromeLauncher.computeLaunchArguments (file:///home/runner/work/open-scans/open-scans/node_modules/puppeteer-core/lib/esm/puppeteer/node/ChromeLauncher.js:86:24)
    at async ChromeLauncher.launch (file:///home/runner/work/open-scans/open-scans/node_modules/puppeteer-core/lib/esm/puppeteer/node/BrowserLauncher.js:49:28)
    at async Scraper.of (file:///home/runner/work/open-scans/open-scans/node_modules/@siteimprove/alfa-scraper/dist/scraper.js:29:28)
    at async Module.run (file:///home/runner/work/open-scans/open-scans/node_modules/@siteimprove/alfa-cli/bin/alfa/command/scrape/run.js:94:21)
    at async run (file:///home/runner/work/open-scans/open-scans/node_modules/@siteimprove/alfa-cli/bin/alfa/command/audit/run.js:31:24)",true,668,2,8,44,landmark-complementary-is-top-level;region,,false,0,0,0,0,0,0,,Skipped (not requested),false,0,0,0,0,0,0,,Skipped (not requested),false,0,0,0,0,,Skipped (not requested),0,,Access Denied | NSF - U.S. National Science Foundation
169,NSF.gov —,chromium,both,desktop,1280,800,https://nsf.gov/news/finding-switches-our-cells-computer,https://www.nsf.gov/news/finding-switches-our-cells-computer,403,false,true,8189,false,0,0,0,0,,"Error: Could not find Chrome (ver. 145.0.7632.77). This can occur if either
 1. you did not perform an installation before running the script (e.g. `npx puppeteer browsers install chrome`) or
 2. your cache path is incorrectly configured (which is: /home/runner/.cache/puppeteer).
For (2), check out our guide on configuring puppeteer at https://pptr.dev/guides/configuration.
    at ChromeLauncher.resolveExecutablePath (file:///home/runner/work/open-scans/open-scans/node_modules/puppeteer-core/lib/esm/puppeteer/node/BrowserLauncher.js:298:27)
    at ChromeLauncher.computeLaunchArguments (file:///home/runner/work/open-scans/open-scans/node_modules/puppeteer-core/lib/esm/puppeteer/node/ChromeLauncher.js:86:24)
    at async ChromeLauncher.launch (file:///home/runner/work/open-scans/open-scans/node_modules/puppeteer-core/lib/esm/puppeteer/node/BrowserLauncher.js:49:28)
    at async Scraper.of (file:///home/runner/work/open-scans/open-scans/node_modules/@siteimprove/alfa-scraper/dist/scraper.js:29:28)
    at async Module.run (file:///home/runner/work/open-scans/open-scans/node_modules/@siteimprove/alfa-cli/bin/alfa/command/scrape/run.js:94:21)
    at async run (file:///home/runner/work/open-scans/open-scans/node_modules/@siteimprove/alfa-cli/bin/alfa/command/audit/run.js:31:24)",true,668,2,8,44,landmark-complementary-is-top-level;region,,false,0,0,0,0,0,0,,Skipped (not requested),false,0,0,0,0,0,0,,Skipped (not requested),false,0,0,0,0,,Skipped (not requested),0,,Access Denied | NSF - U.S. National Science Foundation
169,NSF.gov —,chromium,both,desktop,1280,800,https://nsf.gov/news/astronomers-find-remarkably-small-distant-galaxy,https://www.nsf.gov/news/astronomers-find-remarkably-small-distant-galaxy,200,true,true,10751,false,0,0,0,0,,"Error: Could not find Chrome (ver. 145.0.7632.77). This can occur if either
 1. you did not perform an installation before running the script (e.g. `npx puppeteer browsers install chrome`) or
 2. your cache path is incorrectly configured (which is: /home/runner/.cache/puppeteer).
For (2), check out our guide on configuring puppeteer at https://pptr.dev/guides/configuration.
    at ChromeLauncher.resolveExecutablePath (file:///home/runner/work/open-scans/open-scans/node_modules/puppeteer-core/lib/esm/puppeteer/node/BrowserLauncher.js:298:27)
    at ChromeLauncher.computeLaunchArguments (file:///home/runner/work/open-scans/open-scans/node_modules/puppeteer-core/lib/esm/puppeteer/node/ChromeLauncher.js:86:24)
    at async ChromeLauncher.launch (file:///home/runner/work/open-scans/open-scans/node_modules/puppeteer-core/lib/esm/puppeteer/node/BrowserLauncher.js:49:28)
    at async Scraper.of (file:///home/runner/work/open-scans/open-scans/node_modules/@siteimprove/alfa-scraper/dist/scraper.js:29:28)
    at async Module.run (file:///home/runner/work/open-scans/open-scans/node_modules/@siteimprove/alfa-cli/bin/alfa/command/scrape/run.js:94:21)
    at async run (file:///home/runner/work/open-scans/open-scans/node_modules/@siteimprove/alfa-cli/bin/alfa/command/audit/run.js:31:24)",true,1872,6,26,86,landmark-complementary-is-top-level;region,,false,0,0,0,0,0,0,,Skipped (not requested),false,0,0,0,0,0,0,,Skipped (not requested),false,0,0,0,0,,Skipped (not requested),0,,Astronomers find a remarkably small and distant galaxy | NSF - U.S. National Science Foundation
169,NSF.gov —,chromium,both,desktop,1280,800,https://nsf.gov/news/birds-follow-army-ants-find-prey,https://www.nsf.gov/news/birds-follow-army-ants-find-prey,403,false,true,8162,false,0,0,0,0,,"Error: Could not find Chrome (ver. 145.0.7632.77). This can occur if either
 1. you did not perform an installation before running the script (e.g. `npx puppeteer browsers install chrome`) or
 2. your cache path is incorrectly configured (which is: /home/runner/.cache/puppeteer).
For (2), check out our guide on configuring puppeteer at https://pptr.dev/guides/configuration.
    at ChromeLauncher.resolveExecutablePath (file:///home/runner/work/open-scans/open-scans/node_modules/puppeteer-core/lib/esm/puppeteer/node/BrowserLauncher.js:298:27)
    at ChromeLauncher.computeLaunchArguments (file:///home/runner/work/open-scans/open-scans/node_modules/puppeteer-core/lib/esm/puppeteer/node/ChromeLauncher.js:86:24)
    at async ChromeLauncher.launch (file:///home/runner/work/open-scans/open-scans/node_modules/puppeteer-core/lib/esm/puppeteer/node/BrowserLauncher.js:49:28)
    at async Scraper.of (file:///home/runner/work/open-scans/open-scans/node_modules/@siteimprove/alfa-scraper/dist/scraper.js:29:28)
    at async Module.run (file:///home/runner/work/open-scans/open-scans/node_modules/@siteimprove/alfa-cli/bin/alfa/command/scrape/run.js:94:21)
    at async run (file:///home/runner/work/open-scans/open-scans/node_modules/@siteimprove/alfa-cli/bin/alfa/command/audit/run.js:31:24)",true,668,2,8,44,landmark-complementary-is-top-level;region,,false,0,0,0,0,0,0,,Skipped (not requested),false,0,0,0,0,0,0,,Skipped (not requested),false,0,0,0,0,,Skipped (not requested),0,,Access Denied | NSF - U.S. National Science Foundation
169,NSF.gov —,chromium,both,desktop,1280,800,https://nsf.gov/news/bugs-find-bats-bite-thanks-bacteria,https://www.nsf.gov/news/bugs-find-bats-bite-thanks-bacteria,200,true,true,10707,false,0,0,0,0,,"Error: Could not find Chrome (ver. 145.0.7632.77). This can occur if either
 1. you did not perform an installation before running the script (e.g. `npx puppeteer browsers install chrome`) or
 2. your cache path is incorrectly configured (which is: /home/runner/.cache/puppeteer).
For (2), check out our guide on configuring puppeteer at https://pptr.dev/guides/configuration.
    at ChromeLauncher.resolveExecutablePath (file:///home/runner/work/open-scans/open-scans/node_modules/puppeteer-core/lib/esm/puppeteer/node/BrowserLauncher.js:298:27)
    at ChromeLauncher.computeLaunchArguments (file:///home/runner/work/open-scans/open-scans/node_modules/puppeteer-core/lib/esm/puppeteer/node/ChromeLauncher.js:86:24)
    at async ChromeLauncher.launch (file:///home/runner/work/open-scans/open-scans/node_modules/puppeteer-core/lib/esm/puppeteer/node/BrowserLauncher.js:49:28)
    at async Scraper.of (file:///home/runner/work/open-scans/open-scans/node_modules/@siteimprove/alfa-scraper/dist/scraper.js:29:28)
    at async Module.run (file:///home/runner/work/open-scans/open-scans/node_modules/@siteimprove/alfa-cli/bin/alfa/command/scrape/run.js:94:21)
    at async run (file:///home/runner/work/open-scans/open-scans/node_modules/@siteimprove/alfa-cli/bin/alfa/command/audit/run.js:31:24)",true,1748,6,26,86,landmark-complementary-is-top-level;region,,false,0,0,0,0,0,0,,Skipped (not requested),false,0,0,0,0,0,0,,Skipped (not requested),false,0,0,0,0,,Skipped (not requested),0,,Bugs find bats to bite thanks to bacteria | NSF - U.S. National Science Foundation
169,NSF.gov —,chromium,both,desktop,1280,800,https://nsf.gov/news/chemists-find-path-new-blue-meteorite-minerals,https://www.nsf.gov/news/chemists-find-path-new-blue-meteorite-minerals,403,false,true,8143,false,0,0,0,0,,"Error: Could not find Chrome (ver. 145.0.7632.77). This can occur if either
 1. you did not perform an installation before running the script (e.g. `npx puppeteer browsers install chrome`) or
 2. your cache path is incorrectly configured (which is: /home/runner/.cache/puppeteer).
For (2), check out our guide on configuring puppeteer at https://pptr.dev/guides/configuration.
    at ChromeLauncher.resolveExecutablePath (file:///home/runner/work/open-scans/open-scans/node_modules/puppeteer-core/lib/esm/puppeteer/node/BrowserLauncher.js:298:27)
    at ChromeLauncher.computeLaunchArguments (file:///home/runner/work/open-scans/open-scans/node_modules/puppeteer-core/lib/esm/puppeteer/node/ChromeLauncher.js:86:24)
    at async ChromeLauncher.launch (file:///home/runner/work/open-scans/open-scans/node_modules/puppeteer-core/lib/esm/puppeteer/node/BrowserLauncher.js:49:28)
    at async Scraper.of (file:///home/runner/work/open-scans/open-scans/node_modules/@siteimprove/alfa-scraper/dist/scraper.js:29:28)
    at async Module.run (file:///home/runner/work/open-scans/open-scans/node_modules/@siteimprove/alfa-cli/bin/alfa/command/scrape/run.js:94:21)
    at async run (file:///home/runner/work/open-scans/open-scans/node_modules/@siteimprove/alfa-cli/bin/alfa/command/audit/run.js:31:24)",true,668,2,8,44,landmark-complementary-is-top-level;region,,false,0,0,0,0,0,0,,Skipped (not requested),false,0,0,0,0,0,0,,Skipped (not requested),false,0,0,0,0,,Skipped (not requested),0,,Access Denied | NSF - U.S. National Science Foundation
169,NSF.gov —,chromium,both,desktop,1280,800,https://nsf.gov/news/engineers-find-ankle-exoskeletons-can-greatly,https://www.nsf.gov/news/engineers-find-ankle-exoskeletons-can-greatly-increase,403,false,true,8388,false,0,0,0,0,,"Error: Could not find Chrome (ver. 145.0.7632.77). This can occur if either
 1. you did not perform an installation before running the script (e.g. `npx puppeteer browsers install chrome`) or
 2. your cache path is incorrectly configured (which is: /home/runner/.cache/puppeteer).
For (2), check out our guide on configuring puppeteer at https://pptr.dev/guides/configuration.
    at ChromeLauncher.resolveExecutablePath (file:///home/runner/work/open-scans/open-scans/node_modules/puppeteer-core/lib/esm/puppeteer/node/BrowserLauncher.js:298:27)
    at ChromeLauncher.computeLaunchArguments (file:///home/runner/work/open-scans/open-scans/node_modules/puppeteer-core/lib/esm/puppeteer/node/ChromeLauncher.js:86:24)
    at async ChromeLauncher.launch (file:///home/runner/work/open-scans/open-scans/node_modules/puppeteer-core/lib/esm/puppeteer/node/BrowserLauncher.js:49:28)
    at async Scraper.of (file:///home/runner/work/open-scans/open-scans/node_modules/@siteimprove/alfa-scraper/dist/scraper.js:29:28)
    at async Module.run (file:///home/runner/work/open-scans/open-scans/node_modules/@siteimprove/alfa-cli/bin/alfa/command/scrape/run.js:94:21)
    at async run (file:///home/runner/work/open-scans/open-scans/node_modules/@siteimprove/alfa-cli/bin/alfa/command/audit/run.js:31:24)",true,668,2,8,44,landmark-complementary-is-top-level;region,,false,0,0,0,0,0,0,,Skipped (not requested),false,0,0,0,0,0,0,,Skipped (not requested),false,0,0,0,0,,Skipped (not requested),0,,Access Denied | NSF - U.S. National Science Foundation
169,NSF.gov —,chromium,both,desktop,1280,800,https://nsf.gov/dir/index.jsp?org=BIO,https://www.nsf.gov/bio,200,true,true,9494,false,0,0,0,0,,"Error: Could not find Chrome (ver. 145.0.7632.77). This can occur if either
 1. you did not perform an installation before running the script (e.g. `npx puppeteer browsers install chrome`) or
 2. your cache path is incorrectly configured (which is: /home/runner/.cache/puppeteer).
For (2), check out our guide on configuring puppeteer at https://pptr.dev/guides/configuration.
    at ChromeLauncher.resolveExecutablePath (file:///home/runner/work/open-scans/open-scans/node_modules/puppeteer-core/lib/esm/puppeteer/node/BrowserLauncher.js:298:27)
    at ChromeLauncher.computeLaunchArguments (file:///home/runner/work/open-scans/open-scans/node_modules/puppeteer-core/lib/esm/puppeteer/node/ChromeLauncher.js:86:24)
    at async ChromeLauncher.launch (file:///home/runner/work/open-scans/open-scans/node_modules/puppeteer-core/lib/esm/puppeteer/node/BrowserLauncher.js:49:28)
    at async Scraper.of (file:///home/runner/work/open-scans/open-scans/node_modules/@siteimprove/alfa-scraper/dist/scraper.js:29:28)
    at async Module.run (file:///home/runner/work/open-scans/open-scans/node_modules/@siteimprove/alfa-cli/bin/alfa/command/scrape/run.js:94:21)
    at async run (file:///home/runner/work/open-scans/open-scans/node_modules/@siteimprove/alfa-cli/bin/alfa/command/audit/run.js:31:24)",true,2494,4,36,86,landmark-complementary-is-top-level;region,,false,0,0,0,0,0,0,,Skipped (not requested),false,0,0,0,0,0,0,,Skipped (not requested),false,0,0,0,0,,Skipped (not requested),0,,Directorate for Biological Sciences (BIO) | NSF - U.S. National Science Foundation
169,NSF.gov —,chromium,both,desktop,1280,800,https://nsf.gov/dir/index.jsp?org=CISE,https://www.nsf.gov/cise,200,true,true,9598,false,0,0,0,0,,"Error: Could not find Chrome (ver. 145.0.7632.77). This can occur if either
 1. you did not perform an installation before running the script (e.g. `npx puppeteer browsers install chrome`) or
 2. your cache path is incorrectly configured (which is: /home/runner/.cache/puppeteer).
For (2), check out our guide on configuring puppeteer at https://pptr.dev/guides/configuration.
    at ChromeLauncher.resolveExecutablePath (file:///home/runner/work/open-scans/open-scans/node_modules/puppeteer-core/lib/esm/puppeteer/node/BrowserLauncher.js:298:27)
    at ChromeLauncher.computeLaunchArguments (file:///home/runner/work/open-scans/open-scans/node_modules/puppeteer-core/lib/esm/puppeteer/node/ChromeLauncher.js:86:24)
    at async ChromeLauncher.launch (file:///home/runner/work/open-scans/open-scans/node_modules/puppeteer-core/lib/esm/puppeteer/node/BrowserLauncher.js:49:28)
    at async Scraper.of (file:///home/runner/work/open-scans/open-scans/node_modules/@siteimprove/alfa-scraper/dist/scraper.js:29:28)
    at async Module.run (file:///home/runner/work/open-scans/open-scans/node_modules/@siteimprove/alfa-cli/bin/alfa/command/scrape/run.js:94:21)
    at async run (file:///home/runner/work/open-scans/open-scans/node_modules/@siteimprove/alfa-cli/bin/alfa/command/audit/run.js:31:24)",true,2766,4,36,86,landmark-complementary-is-top-level;region,,false,0,0,0,0,0,0,,Skipped (not requested),false,0,0,0,0,0,0,,Skipped (not requested),false,0,0,0,0,,Skipped (not requested),0,,Directorate for Computer and Information Science and Engineering (CISE) | NSF - U.S. National Science Foundation
169,NSF.gov —,chromium,both,desktop,1280,800,https://nsf.gov/dir/index.jsp?org=ENG,https://www.nsf.gov/eng,200,true,true,9596,false,0,0,0,0,,"Error: Could not find Chrome (ver. 145.0.7632.77). This can occur if either
 1. you did not perform an installation before running the script (e.g. `npx puppeteer browsers install chrome`) or
 2. your cache path is incorrectly configured (which is: /home/runner/.cache/puppeteer).
For (2), check out our guide on configuring puppeteer at https://pptr.dev/guides/configuration.
    at ChromeLauncher.resolveExecutablePath (file:///home/runner/work/open-scans/open-scans/node_modules/puppeteer-core/lib/esm/puppeteer/node/BrowserLauncher.js:298:27)
    at ChromeLauncher.computeLaunchArguments (file:///home/runner/work/open-scans/open-scans/node_modules/puppeteer-core/lib/esm/puppeteer/node/ChromeLauncher.js:86:24)
    at async ChromeLauncher.launch (file:///home/runner/work/open-scans/open-scans/node_modules/puppeteer-core/lib/esm/puppeteer/node/BrowserLauncher.js:49:28)
    at async Scraper.of (file:///home/runner/work/open-scans/open-scans/node_modules/@siteimprove/alfa-scraper/dist/scraper.js:29:28)
    at async Module.run (file:///home/runner/work/open-scans/open-scans/node_modules/@siteimprove/alfa-cli/bin/alfa/command/scrape/run.js:94:21)
    at async run (file:///home/runner/work/open-scans/open-scans/node_modules/@siteimprove/alfa-cli/bin/alfa/command/audit/run.js:31:24)",true,2716,4,36,86,landmark-complementary-is-top-level;region,,false,0,0,0,0,0,0,,Skipped (not requested),false,0,0,0,0,0,0,,Skipped (not requested),false,0,0,0,0,,Skipped (not requested),0,,Directorate for Engineering (ENG) | NSF - U.S. National Science Foundation
169,NSF.gov —,chromium,both,desktop,1280,800,https://nsf.gov/dir/index.jsp?org=GEO,https://www.nsf.gov/dir/index.jsp?org=GEO,403,false,true,5176,false,0,0,0,0,,"Error: Could not find Chrome (ver. 145.0.7632.77). This can occur if either
 1. you did not perform an installation before running the script (e.g. `npx puppeteer browsers install chrome`) or
 2. your cache path is incorrectly configured (which is: /home/runner/.cache/puppeteer).
For (2), check out our guide on configuring puppeteer at https://pptr.dev/guides/configuration.
    at ChromeLauncher.resolveExecutablePath (file:///home/runner/work/open-scans/open-scans/node_modules/puppeteer-core/lib/esm/puppeteer/node/BrowserLauncher.js:298:27)
    at ChromeLauncher.computeLaunchArguments (file:///home/runner/work/open-scans/open-scans/node_modules/puppeteer-core/lib/esm/puppeteer/node/ChromeLauncher.js:86:24)
    at async ChromeLauncher.launch (file:///home/runner/work/open-scans/open-scans/node_modules/puppeteer-core/lib/esm/puppeteer/node/BrowserLauncher.js:49:28)
    at async Scraper.of (file:///home/runner/work/open-scans/open-scans/node_modules/@siteimprove/alfa-scraper/dist/scraper.js:29:28)
    at async Module.run (file:///home/runner/work/open-scans/open-scans/node_modules/@siteimprove/alfa-cli/bin/alfa/command/scrape/run.js:94:21)
    at async run (file:///home/runner/work/open-scans/open-scans/node_modules/@siteimprove/alfa-cli/bin/alfa/command/audit/run.js:31:24)",true,36,0,0,67,,,false,0,0,0,0,0,0,,Skipped (not requested),false,0,0,0,0,0,0,,Skipped (not requested),false,0,0,0,0,,Skipped (not requested),0,,Request blocked | NSF - U.S. National Science Foundation
169,NSF.gov —,chromium,both,desktop,1280,800,https://nsf.gov/dir/index.jsp?org=MPS,https://www.nsf.gov/dir/index.jsp?org=MPS,403,false,true,5346,false,0,0,0,0,,"Error: Could not find Chrome (ver. 145.0.7632.77). This can occur if either
 1. you did not perform an installation before running the script (e.g. `npx puppeteer browsers install chrome`) or
 2. your cache path is incorrectly configured (which is: /home/runner/.cache/puppeteer).
For (2), check out our guide on configuring puppeteer at https://pptr.dev/guides/configuration.
    at ChromeLauncher.resolveExecutablePath (file:///home/runner/work/open-scans/open-scans/node_modules/puppeteer-core/lib/esm/puppeteer/node/BrowserLauncher.js:298:27)
    at ChromeLauncher.computeLaunchArguments (file:///home/runner/work/open-scans/open-scans/node_modules/puppeteer-core/lib/esm/puppeteer/node/ChromeLauncher.js:86:24)
    at async ChromeLauncher.launch (file:///home/runner/work/open-scans/open-scans/node_modules/puppeteer-core/lib/esm/puppeteer/node/BrowserLauncher.js:49:28)
    at async Scraper.of (file:///home/runner/work/open-scans/open-scans/node_modules/@siteimprove/alfa-scraper/dist/scraper.js:29:28)
    at async Module.run (file:///home/runner/work/open-scans/open-scans/node_modules/@siteimprove/alfa-cli/bin/alfa/command/scrape/run.js:94:21)
    at async run (file:///home/runner/work/open-scans/open-scans/node_modules/@siteimprove/alfa-cli/bin/alfa/command/audit/run.js:31:24)",true,36,0,0,67,,,false,0,0,0,0,0,0,,Skipped (not requested),false,0,0,0,0,0,0,,Skipped (not requested),false,0,0,0,0,,Skipped (not requested),0,,Request blocked | NSF - U.S. National Science Foundation
169,NSF.gov —,chromium,both,desktop,1280,800,https://nsf.gov/dir/index.jsp?org=SBE,https://www.nsf.gov/dir/index.jsp?org=SBE,403,false,true,5186,false,0,0,0,0,,"Error: Could not find Chrome (ver. 145.0.7632.77). This can occur if either
 1. you did not perform an installation before running the script (e.g. `npx puppeteer browsers install chrome`) or
 2. your cache path is incorrectly configured (which is: /home/runner/.cache/puppeteer).
For (2), check out our guide on configuring puppeteer at https://pptr.dev/guides/configuration.
    at ChromeLauncher.resolveExecutablePath (file:///home/runner/work/open-scans/open-scans/node_modules/puppeteer-core/lib/esm/puppeteer/node/BrowserLauncher.js:298:27)
    at ChromeLauncher.computeLaunchArguments (file:///home/runner/work/open-scans/open-scans/node_modules/puppeteer-core/lib/esm/puppeteer/node/ChromeLauncher.js:86:24)
    at async ChromeLauncher.launch (file:///home/runner/work/open-scans/open-scans/node_modules/puppeteer-core/lib/esm/puppeteer/node/BrowserLauncher.js:49:28)
    at async Scraper.of (file:///home/runner/work/open-scans/open-scans/node_modules/@siteimprove/alfa-scraper/dist/scraper.js:29:28)
    at async Module.run (file:///home/runner/work/open-scans/open-scans/node_modules/@siteimprove/alfa-cli/bin/alfa/command/scrape/run.js:94:21)
    at async run (file:///home/runner/work/open-scans/open-scans/node_modules/@siteimprove/alfa-cli/bin/alfa/command/audit/run.js:31:24)",true,36,0,0,67,,,false,0,0,0,0,0,0,,Skipped (not requested),false,0,0,0,0,0,0,,Skipped (not requested),false,0,0,0,0,,Skipped (not requested),0,,Request blocked | NSF - U.S. National Science Foundation
169,NSF.gov —,chromium,both,desktop,1280,800,https://nsf.gov/dir/index.jsp?org=EDU,https://www.nsf.gov/dir/index.jsp?org=EDU,403,false,true,5302,false,0,0,0,0,,"Error: Could not find Chrome (ver. 145.0.7632.77). This can occur if either
 1. you did not perform an installation before running the script (e.g. `npx puppeteer browsers install chrome`) or
 2. your cache path is incorrectly configured (which is: /home/runner/.cache/puppeteer).
For (2), check out our guide on configuring puppeteer at https://pptr.dev/guides/configuration.
    at ChromeLauncher.resolveExecutablePath (file:///home/runner/work/open-scans/open-scans/node_modules/puppeteer-core/lib/esm/puppeteer/node/BrowserLauncher.js:298:27)
    at ChromeLauncher.computeLaunchArguments (file:///home/runner/work/open-scans/open-scans/node_modules/puppeteer-core/lib/esm/puppeteer/node/ChromeLauncher.js:86:24)
    at async ChromeLauncher.launch (file:///home/runner/work/open-scans/open-scans/node_modules/puppeteer-core/lib/esm/puppeteer/node/BrowserLauncher.js:49:28)
    at async Scraper.of (file:///home/runner/work/open-scans/open-scans/node_modules/@siteimprove/alfa-scraper/dist/scraper.js:29:28)
    at async Module.run (file:///home/runner/work/open-scans/open-scans/node_modules/@siteimprove/alfa-cli/bin/alfa/command/scrape/run.js:94:21)
    at async run (file:///home/runner/work/open-scans/open-scans/node_modules/@siteimprove/alfa-cli/bin/alfa/command/audit/run.js:31:24)",true,36,0,0,67,,,false,0,0,0,0,0,0,,Skipped (not requested),false,0,0,0,0,0,0,,Skipped (not requested),false,0,0,0,0,,Skipped (not requested),0,,Request blocked | NSF - U.S. National Science Foundation
169,NSF.gov —,chromium,both,desktop,1280,800,https://nsf.gov/dir/index.jsp?org=TIP,https://www.nsf.gov/dir/index.jsp?org=TIP,403,false,true,5194,false,0,0,0,0,,"Error: Could not find Chrome (ver. 145.0.7632.77). This can occur if either
 1. you did not perform an installation before running the script (e.g. `npx puppeteer browsers install chrome`) or
 2. your cache path is incorrectly configured (which is: /home/runner/.cache/puppeteer).
For (2), check out our guide on configuring puppeteer at https://pptr.dev/guides/configuration.
    at ChromeLauncher.resolveExecutablePath (file:///home/runner/work/open-scans/open-scans/node_modules/puppeteer-core/lib/esm/puppeteer/node/BrowserLauncher.js:298:27)
    at ChromeLauncher.computeLaunchArguments (file:///home/runner/work/open-scans/open-scans/node_modules/puppeteer-core/lib/esm/puppeteer/node/ChromeLauncher.js:86:24)
    at async ChromeLauncher.launch (file:///home/runner/work/open-scans/open-scans/node_modules/puppeteer-core/lib/esm/puppeteer/node/BrowserLauncher.js:49:28)
    at async Scraper.of (file:///home/runner/work/open-scans/open-scans/node_modules/@siteimprove/alfa-scraper/dist/scraper.js:29:28)
    at async Module.run (file:///home/runner/work/open-scans/open-scans/node_modules/@siteimprove/alfa-cli/bin/alfa/command/scrape/run.js:94:21)
    at async run (file:///home/runner/work/open-scans/open-scans/node_modules/@siteimprove/alfa-cli/bin/alfa/command/audit/run.js:31:24)",true,36,0,0,67,,,false,0,0,0,0,0,0,,Skipped (not requested),false,0,0,0,0,0,0,,Skipped (not requested),false,0,0,0,0,,Skipped (not requested),0,,Request blocked | NSF - U.S. National Science Foundation
169,NSF.gov —,chromium,both,desktop,1280,800,https://nsf.gov/geo/opp/,https://www.nsf.gov/geo/opp/,403,false,true,5220,false,0,0,0,0,,"Error: Could not find Chrome (ver. 145.0.7632.77). This can occur if either
 1. you did not perform an installation before running the script (e.g. `npx puppeteer browsers install chrome`) or
 2. your cache path is incorrectly configured (which is: /home/runner/.cache/puppeteer).
For (2), check out our guide on configuring puppeteer at https://pptr.dev/guides/configuration.
    at ChromeLauncher.resolveExecutablePath (file:///home/runner/work/open-scans/open-scans/node_modules/puppeteer-core/lib/esm/puppeteer/node/BrowserLauncher.js:298:27)
    at ChromeLauncher.computeLaunchArguments (file:///home/runner/work/open-scans/open-scans/node_modules/puppeteer-core/lib/esm/puppeteer/node/ChromeLauncher.js:86:24)
    at async ChromeLauncher.launch (file:///home/runner/work/open-scans/open-scans/node_modules/puppeteer-core/lib/esm/puppeteer/node/BrowserLauncher.js:49:28)
    at async Scraper.of (file:///home/runner/work/open-scans/open-scans/node_modules/@siteimprove/alfa-scraper/dist/scraper.js:29:28)
    at async Module.run (file:///home/runner/work/open-scans/open-scans/node_modules/@siteimprove/alfa-cli/bin/alfa/command/scrape/run.js:94:21)
    at async run (file:///home/runner/work/open-scans/open-scans/node_modules/@siteimprove/alfa-cli/bin/alfa/command/audit/run.js:31:24)",true,36,0,0,67,,,false,0,0,0,0,0,0,,Skipped (not requested),false,0,0,0,0,0,0,,Skipped (not requested),false,0,0,0,0,,Skipped (not requested),0,,Request blocked | NSF - U.S. National Science Foundation
169,NSF.gov —,chromium,both,desktop,1280,800,https://nsf.gov/focus-areas/ai/,https://www.nsf.gov/focus-areas/ai/,403,false,true,5287,false,0,0,0,0,,"Error: Could not find Chrome (ver. 145.0.7632.77). This can occur if either
 1. you did not perform an installation before running the script (e.g. `npx puppeteer browsers install chrome`) or
 2. your cache path is incorrectly configured (which is: /home/runner/.cache/puppeteer).
For (2), check out our guide on configuring puppeteer at https://pptr.dev/guides/configuration.
    at ChromeLauncher.resolveExecutablePath (file:///home/runner/work/open-scans/open-scans/node_modules/puppeteer-core/lib/esm/puppeteer/node/BrowserLauncher.js:298:27)
    at ChromeLauncher.computeLaunchArguments (file:///home/runner/work/open-scans/open-scans/node_modules/puppeteer-core/lib/esm/puppeteer/node/ChromeLauncher.js:86:24)
    at async ChromeLauncher.launch (file:///home/runner/work/open-scans/open-scans/node_modules/puppeteer-core/lib/esm/puppeteer/node/BrowserLauncher.js:49:28)
    at async Scraper.of (file:///home/runner/work/open-scans/open-scans/node_modules/@siteimprove/alfa-scraper/dist/scraper.js:29:28)
    at async Module.run (file:///home/runner/work/open-scans/open-scans/node_modules/@siteimprove/alfa-cli/bin/alfa/command/scrape/run.js:94:21)
    at async run (file:///home/runner/work/open-scans/open-scans/node_modules/@siteimprove/alfa-cli/bin/alfa/command/audit/run.js:31:24)",true,36,0,0,67,,,false,0,0,0,0,0,0,,Skipped (not requested),false,0,0,0,0,0,0,,Skipped (not requested),false,0,0,0,0,,Skipped (not requested),0,,Request blocked | NSF - U.S. National Science Foundation
169,NSF.gov —,chromium,both,desktop,1280,800,https://nsf.gov/focus-areas/quantum/,https://www.nsf.gov/focus-areas/quantum/,403,false,true,5238,false,0,0,0,0,,"Error: Could not find Chrome (ver. 145.0.7632.77). This can occur if either
 1. you did not perform an installation before running the script (e.g. `npx puppeteer browsers install chrome`) or
 2. your cache path is incorrectly configured (which is: /home/runner/.cache/puppeteer).
For (2), check out our guide on configuring puppeteer at https://pptr.dev/guides/configuration.
    at ChromeLauncher.resolveExecutablePath (file:///home/runner/work/open-scans/open-scans/node_modules/puppeteer-core/lib/esm/puppeteer/node/BrowserLauncher.js:298:27)
    at ChromeLauncher.computeLaunchArguments (file:///home/runner/work/open-scans/open-scans/node_modules/puppeteer-core/lib/esm/puppeteer/node/ChromeLauncher.js:86:24)
    at async ChromeLauncher.launch (file:///home/runner/work/open-scans/open-scans/node_modules/puppeteer-core/lib/esm/puppeteer/node/BrowserLauncher.js:49:28)
    at async Scraper.of (file:///home/runner/work/open-scans/open-scans/node_modules/@siteimprove/alfa-scraper/dist/scraper.js:29:28)
    at async Module.run (file:///home/runner/work/open-scans/open-scans/node_modules/@siteimprove/alfa-cli/bin/alfa/command/scrape/run.js:94:21)
    at async run (file:///home/runner/work/open-scans/open-scans/node_modules/@siteimprove/alfa-cli/bin/alfa/command/audit/run.js:31:24)",true,36,0,0,67,,,false,0,0,0,0,0,0,,Skipped (not requested),false,0,0,0,0,0,0,,Skipped (not requested),false,0,0,0,0,,Skipped (not requested),0,,Request blocked | NSF - U.S. National Science Foundation
169,NSF.gov —,chromium,both,desktop,1280,800,https://nsf.gov/focus-areas/biotechnology/,https://www.nsf.gov/focus-areas/biotechnology/,403,false,true,5207,false,0,0,0,0,,"Error: Could not find Chrome (ver. 145.0.7632.77). This can occur if either
 1. you did not perform an installation before running the script (e.g. `npx puppeteer browsers install chrome`) or
 2. your cache path is incorrectly configured (which is: /home/runner/.cache/puppeteer).
For (2), check out our guide on configuring puppeteer at https://pptr.dev/guides/configuration.
    at ChromeLauncher.resolveExecutablePath (file:///home/runner/work/open-scans/open-scans/node_modules/puppeteer-core/lib/esm/puppeteer/node/BrowserLauncher.js:298:27)
    at ChromeLauncher.computeLaunchArguments (file:///home/runner/work/open-scans/open-scans/node_modules/puppeteer-core/lib/esm/puppeteer/node/ChromeLauncher.js:86:24)
    at async ChromeLauncher.launch (file:///home/runner/work/open-scans/open-scans/node_modules/puppeteer-core/lib/esm/puppeteer/node/BrowserLauncher.js:49:28)
    at async Scraper.of (file:///home/runner/work/open-scans/open-scans/node_modules/@siteimprove/alfa-scraper/dist/scraper.js:29:28)
    at async Module.run (file:///home/runner/work/open-scans/open-scans/node_modules/@siteimprove/alfa-cli/bin/alfa/command/scrape/run.js:94:21)
    at async run (file:///home/runner/work/open-scans/open-scans/node_modules/@siteimprove/alfa-cli/bin/alfa/command/audit/run.js:31:24)",true,36,0,0,67,,,false,0,0,0,0,0,0,,Skipped (not requested),false,0,0,0,0,0,0,,Skipped (not requested),false,0,0,0,0,,Skipped (not requested),0,,Request blocked | NSF - U.S. National Science Foundation
169,NSF.gov —,chromium,both,desktop,1280,800,https://nsf.gov/focus-areas/advanced-manufacturing/,https://www.nsf.gov/focus-areas/advanced-manufacturing/,403,false,true,5202,false,0,0,0,0,,"Error: Could not find Chrome (ver. 145.0.7632.77). This can occur if either
 1. you did not perform an installation before running the script (e.g. `npx puppeteer browsers install chrome`) or
 2. your cache path is incorrectly configured (which is: /home/runner/.cache/puppeteer).
For (2), check out our guide on configuring puppeteer at https://pptr.dev/guides/configuration.
    at ChromeLauncher.resolveExecutablePath (file:///home/runner/work/open-scans/open-scans/node_modules/puppeteer-core/lib/esm/puppeteer/node/BrowserLauncher.js:298:27)
    at ChromeLauncher.computeLaunchArguments (file:///home/runner/work/open-scans/open-scans/node_modules/puppeteer-core/lib/esm/puppeteer/node/ChromeLauncher.js:86:24)
    at async ChromeLauncher.launch (file:///home/runner/work/open-scans/open-scans/node_modules/puppeteer-core/lib/esm/puppeteer/node/BrowserLauncher.js:49:28)
    at async Scraper.of (file:///home/runner/work/open-scans/open-scans/node_modules/@siteimprove/alfa-scraper/dist/scraper.js:29:28)
    at async Module.run (file:///home/runner/work/open-scans/open-scans/node_modules/@siteimprove/alfa-cli/bin/alfa/command/scrape/run.js:94:21)
    at async run (file:///home/runner/work/open-scans/open-scans/node_modules/@siteimprove/alfa-cli/bin/alfa/command/audit/run.js:31:24)",true,36,0,0,67,,,false,0,0,0,0,0,0,,Skipped (not requested),false,0,0,0,0,0,0,,Skipped (not requested),false,0,0,0,0,,Skipped (not requested),0,,Request blocked | NSF - U.S. National Science Foundation
169,NSF.gov —,chromium,both,desktop,1280,800,https://nsf.gov/focus-areas/climate/,https://www.nsf.gov/focus-areas/climate/,403,false,true,5212,false,0,0,0,0,,"Error: Could not find Chrome (ver. 145.0.7632.77). This can occur if either
 1. you did not perform an installation before running the script (e.g. `npx puppeteer browsers install chrome`) or
 2. your cache path is incorrectly configured (which is: /home/runner/.cache/puppeteer).
For (2), check out our guide on configuring puppeteer at https://pptr.dev/guides/configuration.
    at ChromeLauncher.resolveExecutablePath (file:///home/runner/work/open-scans/open-scans/node_modules/puppeteer-core/lib/esm/puppeteer/node/BrowserLauncher.js:298:27)
    at ChromeLauncher.computeLaunchArguments (file:///home/runner/work/open-scans/open-scans/node_modules/puppeteer-core/lib/esm/puppeteer/node/ChromeLauncher.js:86:24)
    at async ChromeLauncher.launch (file:///home/runner/work/open-scans/open-scans/node_modules/puppeteer-core/lib/esm/puppeteer/node/BrowserLauncher.js:49:28)
    at async Scraper.of (file:///home/runner/work/open-scans/open-scans/node_modules/@siteimprove/alfa-scraper/dist/scraper.js:29:28)
    at async Module.run (file:///home/runner/work/open-scans/open-scans/node_modules/@siteimprove/alfa-cli/bin/alfa/command/scrape/run.js:94:21)
    at async run (file:///home/runner/work/open-scans/open-scans/node_modules/@siteimprove/alfa-cli/bin/alfa/command/audit/run.js:31:24)",true,36,0,0,67,,,false,0,0,0,0,0,0,,Skipped (not requested),false,0,0,0,0,0,0,,Skipped (not requested),false,0,0,0,0,,Skipped (not requested),0,,Request blocked | NSF - U.S. National Science Foundation
169,NSF.gov —,chromium,both,desktop,1280,800,https://nsf.gov/focus-areas/equity/,https://www.nsf.gov/focus-areas/equity/,403,false,true,5187,false,0,0,0,0,,"Error: Could not find Chrome (ver. 145.0.7632.77). This can occur if either
 1. you did not perform an installation before running the script (e.g. `npx puppeteer browsers install chrome`) or
 2. your cache path is incorrectly configured (which is: /home/runner/.cache/puppeteer).
For (2), check out our guide on configuring puppeteer at https://pptr.dev/guides/configuration.
    at ChromeLauncher.resolveExecutablePath (file:///home/runner/work/open-scans/open-scans/node_modules/puppeteer-core/lib/esm/puppeteer/node/BrowserLauncher.js:298:27)
    at ChromeLauncher.computeLaunchArguments (file:///home/runner/work/open-scans/open-scans/node_modules/puppeteer-core/lib/esm/puppeteer/node/ChromeLauncher.js:86:24)
    at async ChromeLauncher.launch (file:///home/runner/work/open-scans/open-scans/node_modules/puppeteer-core/lib/esm/puppeteer/node/BrowserLauncher.js:49:28)
    at async Scraper.of (file:///home/runner/work/open-scans/open-scans/node_modules/@siteimprove/alfa-scraper/dist/scraper.js:29:28)
    at async Module.run (file:///home/runner/work/open-scans/open-scans/node_modules/@siteimprove/alfa-cli/bin/alfa/command/scrape/run.js:94:21)
    at async run (file:///home/runner/work/open-scans/open-scans/node_modules/@siteimprove/alfa-cli/bin/alfa/command/audit/run.js:31:24)",true,36,0,0,67,,,false,0,0,0,0,0,0,,Skipped (not requested),false,0,0,0,0,0,0,,Skipped (not requested),false,0,0,0,0,,Skipped (not requested),0,,Request blocked | NSF - U.S. National Science Foundation
169,NSF.gov —,chromium,both,desktop,1280,800,https://nsf.gov/events/,https://www.nsf.gov/events,202,true,true,5677,false,0,0,0,0,,"Error: Could not find Chrome (ver. 145.0.7632.77). This can occur if either
 1. you did not perform an installation before running the script (e.g. `npx puppeteer browsers install chrome`) or
 2. your cache path is incorrectly configured (which is: /home/runner/.cache/puppeteer).
For (2), check out our guide on configuring puppeteer at https://pptr.dev/guides/configuration.
    at ChromeLauncher.resolveExecutablePath (file:///home/runner/work/open-scans/open-scans/node_modules/puppeteer-core/lib/esm/puppeteer/node/BrowserLauncher.js:298:27)
    at ChromeLauncher.computeLaunchArguments (file:///home/runner/work/open-scans/open-scans/node_modules/puppeteer-core/lib/esm/puppeteer/node/ChromeLauncher.js:86:24)
    at async ChromeLauncher.launch (file:///home/runner/work/open-scans/open-scans/node_modules/puppeteer-core/lib/esm/puppeteer/node/BrowserLauncher.js:49:28)
    at async Scraper.of (file:///home/runner/work/open-scans/open-scans/node_modules/@siteimprove/alfa-scraper/dist/scraper.js:29:28)
    at async Module.run (file:///home/runner/work/open-scans/open-scans/node_modules/@siteimprove/alfa-cli/bin/alfa/command/scrape/run.js:94:21)
    at async run (file:///home/runner/work/open-scans/open-scans/node_modules/@siteimprove/alfa-cli/bin/alfa/command/audit/run.js:31:24)",true,18,5,0,79,html-has-lang;landmark-one-main;region,,false,0,0,0,0,0,0,,Skipped (not requested),false,0,0,0,0,0,0,,Skipped (not requested),false,0,0,0,0,,Skipped (not requested),0,,
169,NSF.gov —,chromium,both,desktop,1280,800,https://nsf.gov/events/archived-public-discussionhow-move-quality-research-findings,https://www.nsf.gov/events/archived-public-discussionhow-move-quality-research-findings,200,true,true,10276,false,0,0,0,0,,"Error: Could not find Chrome (ver. 145.0.7632.77). This can occur if either
 1. you did not perform an installation before running the script (e.g. `npx puppeteer browsers install chrome`) or
 2. your cache path is incorrectly configured (which is: /home/runner/.cache/puppeteer).
For (2), check out our guide on configuring puppeteer at https://pptr.dev/guides/configuration.
    at ChromeLauncher.resolveExecutablePath (file:///home/runner/work/open-scans/open-scans/node_modules/puppeteer-core/lib/esm/puppeteer/node/BrowserLauncher.js:298:27)
    at ChromeLauncher.computeLaunchArguments (file:///home/runner/work/open-scans/open-scans/node_modules/puppeteer-core/lib/esm/puppeteer/node/ChromeLauncher.js:86:24)
    at async ChromeLauncher.launch (file:///home/runner/work/open-scans/open-scans/node_modules/puppeteer-core/lib/esm/puppeteer/node/BrowserLauncher.js:49:28)
    at async Scraper.of (file:///home/runner/work/open-scans/open-scans/node_modules/@siteimprove/alfa-scraper/dist/scraper.js:29:28)
    at async Module.run (file:///home/runner/work/open-scans/open-scans/node_modules/@siteimprove/alfa-cli/bin/alfa/command/scrape/run.js:94:21)
    at async run (file:///home/runner/work/open-scans/open-scans/node_modules/@siteimprove/alfa-cli/bin/alfa/command/audit/run.js:31:24)",true,1762,4,18,86,landmark-complementary-is-top-level;region,,false,0,0,0,0,0,0,,Skipped (not requested),false,0,0,0,0,0,0,,Skipped (not requested),false,0,0,0,0,,Skipped (not requested),0,,Archived-Public Discussion:How to Move Quality Research Findings into Effective Educational Practice | NSF - U.S. National Science Foundation
169,NSF.gov —,chromium,both,desktop,1280,800,https://nsf.gov/events/virtual-networking-event-potential-international-us-nsf/2025-07-10,https://www.nsf.gov/events/virtual-networking-event-potential-international-us-nsf/2025-07-10,200,true,true,8677,false,0,0,0,0,,"Error: Could not find Chrome (ver. 145.0.7632.77). This can occur if either
 1. you did not perform an installation before running the script (e.g. `npx puppeteer browsers install chrome`) or
 2. your cache path is incorrectly configured (which is: /home/runner/.cache/puppeteer).
For (2), check out our guide on configuring puppeteer at https://pptr.dev/guides/configuration.
    at ChromeLauncher.resolveExecutablePath (file:///home/runner/work/open-scans/open-scans/node_modules/puppeteer-core/lib/esm/puppeteer/node/BrowserLauncher.js:298:27)
    at ChromeLauncher.computeLaunchArguments (file:///home/runner/work/open-scans/open-scans/node_modules/puppeteer-core/lib/esm/puppeteer/node/ChromeLauncher.js:86:24)
    at async ChromeLauncher.launch (file:///home/runner/work/open-scans/open-scans/node_modules/puppeteer-core/lib/esm/puppeteer/node/BrowserLauncher.js:49:28)
    at async Scraper.of (file:///home/runner/work/open-scans/open-scans/node_modules/@siteimprove/alfa-scraper/dist/scraper.js:29:28)
    at async Module.run (file:///home/runner/work/open-scans/open-scans/node_modules/@siteimprove/alfa-cli/bin/alfa/command/scrape/run.js:94:21)
    at async run (file:///home/runner/work/open-scans/open-scans/node_modules/@siteimprove/alfa-cli/bin/alfa/command/audit/run.js:31:24)",true,1742,4,18,84,landmark-complementary-is-top-level;region,,false,0,0,0,0,0,0,,Skipped (not requested),false,0,0,0,0,0,0,,Skipped (not requested),false,0,0,0,0,,Skipped (not requested),0,,Virtual networking event for potential international-U.S. NSF VINES principal investigators | NSF - U.S. National Science Foundation
169,NSF.gov —,chromium,both,desktop,1280,800,https://nsf.gov/about/meetings/help,https://www.nsf.gov/about/meetings/help,200,true,true,10532,false,0,0,0,0,,"Error: Could not find Chrome (ver. 145.0.7632.77). This can occur if either
 1. you did not perform an installation before running the script (e.g. `npx puppeteer browsers install chrome`) or
 2. your cache path is incorrectly configured (which is: /home/runner/.cache/puppeteer).
For (2), check out our guide on configuring puppeteer at https://pptr.dev/guides/configuration.
    at ChromeLauncher.resolveExecutablePath (file:///home/runner/work/open-scans/open-scans/node_modules/puppeteer-core/lib/esm/puppeteer/node/BrowserLauncher.js:298:27)
    at ChromeLauncher.computeLaunchArguments (file:///home/runner/work/open-scans/open-scans/node_modules/puppeteer-core/lib/esm/puppeteer/node/ChromeLauncher.js:86:24)
    at async ChromeLauncher.launch (file:///home/runner/work/open-scans/open-scans/node_modules/puppeteer-core/lib/esm/puppeteer/node/BrowserLauncher.js:49:28)
    at async Scraper.of (file:///home/runner/work/open-scans/open-scans/node_modules/@siteimprove/alfa-scraper/dist/scraper.js:29:28)
    at async Module.run (file:///home/runner/work/open-scans/open-scans/node_modules/@siteimprove/alfa-cli/bin/alfa/command/scrape/run.js:94:21)
    at async run (file:///home/runner/work/open-scans/open-scans/node_modules/@siteimprove/alfa-cli/bin/alfa/command/audit/run.js:31:24)",true,2008,4,24,84,region,,false,0,0,0,0,0,0,,Skipped (not requested),false,0,0,0,0,0,0,,Skipped (not requested),false,0,0,0,0,,Skipped (not requested),0,,Meeting Help - Meetings at NSF | NSF - U.S. National Science Foundation
169,NSF.gov —,chromium,both,desktop,1280,800,https://nsf.gov/about/meetings/accommodations,https://www.nsf.gov/about/meetings/accommodations,200,true,true,8967,false,0,0,0,0,,"Error: Could not find Chrome (ver. 145.0.7632.77). This can occur if either
 1. you did not perform an installation before running the script (e.g. `npx puppeteer browsers install chrome`) or
 2. your cache path is incorrectly configured (which is: /home/runner/.cache/puppeteer).
For (2), check out our guide on configuring puppeteer at https://pptr.dev/guides/configuration.
    at ChromeLauncher.resolveExecutablePath (file:///home/runner/work/open-scans/open-scans/node_modules/puppeteer-core/lib/esm/puppeteer/node/BrowserLauncher.js:298:27)
    at ChromeLauncher.computeLaunchArguments (file:///home/runner/work/open-scans/open-scans/node_modules/puppeteer-core/lib/esm/puppeteer/node/ChromeLauncher.js:86:24)
    at async ChromeLauncher.launch (file:///home/runner/work/open-scans/open-scans/node_modules/puppeteer-core/lib/esm/puppeteer/node/BrowserLauncher.js:49:28)
    at async Scraper.of (file:///home/runner/work/open-scans/open-scans/node_modules/@siteimprove/alfa-scraper/dist/scraper.js:29:28)
    at async Module.run (file:///home/runner/work/open-scans/open-scans/node_modules/@siteimprove/alfa-cli/bin/alfa/command/scrape/run.js:94:21)
    at async run (file:///home/runner/work/open-scans/open-scans/node_modules/@siteimprove/alfa-cli/bin/alfa/command/audit/run.js:31:24)",true,739,2,7,44,region,,false,0,0,0,0,0,0,,Skipped (not requested),false,0,0,0,0,0,0,,Skipped (not requested),false,0,0,0,0,,Skipped (not requested),0,,Accessibility and Reasonable Accommodations - Meetings at NSF | NSF - U.S. National Science Foundation
169,NSF.gov —,chromium,both,desktop,1280,800,https://nsf.gov/staff/,https://www.nsf.gov/unavailable,404,false,true,7507,false,0,0,0,0,,"Error: Could not find Chrome (ver. 145.0.7632.77). This can occur if either
 1. you did not perform an installation before running the script (e.g. `npx puppeteer browsers install chrome`) or
 2. your cache path is incorrectly configured (which is: /home/runner/.cache/puppeteer).
For (2), check out our guide on configuring puppeteer at https://pptr.dev/guides/configuration.
    at ChromeLauncher.resolveExecutablePath (file:///home/runner/work/open-scans/open-scans/node_modules/puppeteer-core/lib/esm/puppeteer/node/BrowserLauncher.js:298:27)
    at ChromeLauncher.computeLaunchArguments (file:///home/runner/work/open-scans/open-scans/node_modules/puppeteer-core/lib/esm/puppeteer/node/ChromeLauncher.js:86:24)
    at async ChromeLauncher.launch (file:///home/runner/work/open-scans/open-scans/node_modules/puppeteer-core/lib/esm/puppeteer/node/BrowserLauncher.js:49:28)
    at async Scraper.of (file:///home/runner/work/open-scans/open-scans/node_modules/@siteimprove/alfa-scraper/dist/scraper.js:29:28)
    at async Module.run (file:///home/runner/work/open-scans/open-scans/node_modules/@siteimprove/alfa-cli/bin/alfa/command/scrape/run.js:94:21)
    at async run (file:///home/runner/work/open-scans/open-scans/node_modules/@siteimprove/alfa-cli/bin/alfa/command/audit/run.js:31:24)",true,666,2,8,44,landmark-complementary-is-top-level;region,,false,0,0,0,0,0,0,,Skipped (not requested),false,0,0,0,0,0,0,,Skipped (not requested),false,0,0,0,0,,Skipped (not requested),0,,Page Not Found | NSF - U.S. National Science Foundation
169,NSF.gov —,chromium,both,desktop,1280,800,https://nsf.gov/staff/staff_list.jsp?org=NSF&from_org=NSF,https://www.nsf.gov/staff,202,true,true,5515,false,0,0,0,0,,"Error: Could not find Chrome (ver. 145.0.7632.77). This can occur if either
 1. you did not perform an installation before running the script (e.g. `npx puppeteer browsers install chrome`) or
 2. your cache path is incorrectly configured (which is: /home/runner/.cache/puppeteer).
For (2), check out our guide on configuring puppeteer at https://pptr.dev/guides/configuration.
    at ChromeLauncher.resolveExecutablePath (file:///home/runner/work/open-scans/open-scans/node_modules/puppeteer-core/lib/esm/puppeteer/node/BrowserLauncher.js:298:27)
    at ChromeLauncher.computeLaunchArguments (file:///home/runner/work/open-scans/open-scans/node_modules/puppeteer-core/lib/esm/puppeteer/node/ChromeLauncher.js:86:24)
    at async ChromeLauncher.launch (file:///home/runner/work/open-scans/open-scans/node_modules/puppeteer-core/lib/esm/puppeteer/node/BrowserLauncher.js:49:28)
    at async Scraper.of (file:///home/runner/work/open-scans/open-scans/node_modules/@siteimprove/alfa-scraper/dist/scraper.js:29:28)
    at async Module.run (file:///home/runner/work/open-scans/open-scans/node_modules/@siteimprove/alfa-cli/bin/alfa/command/scrape/run.js:94:21)
    at async run (file:///home/runner/work/open-scans/open-scans/node_modules/@siteimprove/alfa-cli/bin/alfa/command/audit/run.js:31:24)",true,18,5,0,79,html-has-lang;landmark-one-main;region,,false,0,0,0,0,0,0,,Skipped (not requested),false,0,0,0,0,0,0,,Skipped (not requested),false,0,0,0,0,,Skipped (not requested),0,,
169,NSF.gov —,chromium,both,desktop,1280,800,https://nsf.gov/publications/,https://www.nsf.gov/documents-reports,200,true,true,7739,false,0,0,0,0,,"Error: Could not find Chrome (ver. 145.0.7632.77). This can occur if either
 1. you did not perform an installation before running the script (e.g. `npx puppeteer browsers install chrome`) or
 2. your cache path is incorrectly configured (which is: /home/runner/.cache/puppeteer).
For (2), check out our guide on configuring puppeteer at https://pptr.dev/guides/configuration.
    at ChromeLauncher.resolveExecutablePath (file:///home/runner/work/open-scans/open-scans/node_modules/puppeteer-core/lib/esm/puppeteer/node/BrowserLauncher.js:298:27)
    at ChromeLauncher.computeLaunchArguments (file:///home/runner/work/open-scans/open-scans/node_modules/puppeteer-core/lib/esm/puppeteer/node/ChromeLauncher.js:86:24)
    at async ChromeLauncher.launch (file:///home/runner/work/open-scans/open-scans/node_modules/puppeteer-core/lib/esm/puppeteer/node/BrowserLauncher.js:49:28)
    at async Scraper.of (file:///home/runner/work/open-scans/open-scans/node_modules/@siteimprove/alfa-scraper/dist/scraper.js:29:28)
    at async Module.run (file:///home/runner/work/open-scans/open-scans/node_modules/@siteimprove/alfa-cli/bin/alfa/command/scrape/run.js:94:21)
    at async run (file:///home/runner/work/open-scans/open-scans/node_modules/@siteimprove/alfa-cli/bin/alfa/command/audit/run.js:31:24)",true,909,2,7,44,region,,false,0,0,0,0,0,0,,Skipped (not requested),false,0,0,0,0,0,0,,Skipped (not requested),false,0,0,0,0,,Skipped (not requested),0,,Documents and Reports | NSF - U.S. National Science Foundation
169,NSF.gov —,chromium,both,desktop,1280,800,https://nsf.gov/publications/obtaining_publications.jsp,https://www.nsf.gov/publications/obtaining_publications.jsp,404,false,true,8338,false,0,0,0,0,,"Error: Could not find Chrome (ver. 145.0.7632.77). This can occur if either
 1. you did not perform an installation before running the script (e.g. `npx puppeteer browsers install chrome`) or
 2. your cache path is incorrectly configured (which is: /home/runner/.cache/puppeteer).
For (2), check out our guide on configuring puppeteer at https://pptr.dev/guides/configuration.
    at ChromeLauncher.resolveExecutablePath (file:///home/runner/work/open-scans/open-scans/node_modules/puppeteer-core/lib/esm/puppeteer/node/BrowserLauncher.js:298:27)
    at ChromeLauncher.computeLaunchArguments (file:///home/runner/work/open-scans/open-scans/node_modules/puppeteer-core/lib/esm/puppeteer/node/ChromeLauncher.js:86:24)
    at async ChromeLauncher.launch (file:///home/runner/work/open-scans/open-scans/node_modules/puppeteer-core/lib/esm/puppeteer/node/BrowserLauncher.js:49:28)
    at async Scraper.of (file:///home/runner/work/open-scans/open-scans/node_modules/@siteimprove/alfa-scraper/dist/scraper.js:29:28)
    at async Module.run (file:///home/runner/work/open-scans/open-scans/node_modules/@siteimprove/alfa-cli/bin/alfa/command/scrape/run.js:94:21)
    at async run (file:///home/runner/work/open-scans/open-scans/node_modules/@siteimprove/alfa-cli/bin/alfa/command/audit/run.js:31:24)",true,666,2,8,44,landmark-complementary-is-top-level;region,,false,0,0,0,0,0,0,,Skipped (not requested),false,0,0,0,0,0,0,,Skipped (not requested),false,0,0,0,0,,Skipped (not requested),0,,Page Not Found | NSF - U.S. National Science Foundation
169,NSF.gov —,chromium,both,desktop,1280,800,https://nsf.gov/help/,https://www.nsf.gov/about/contact-us,200,true,true,8925,false,0,0,0,0,,"Error: Could not find Chrome (ver. 145.0.7632.77). This can occur if either
 1. you did not perform an installation before running the script (e.g. `npx puppeteer browsers install chrome`) or
 2. your cache path is incorrectly configured (which is: /home/runner/.cache/puppeteer).
For (2), check out our guide on configuring puppeteer at https://pptr.dev/guides/configuration.
    at ChromeLauncher.resolveExecutablePath (file:///home/runner/work/open-scans/open-scans/node_modules/puppeteer-core/lib/esm/puppeteer/node/BrowserLauncher.js:298:27)
    at ChromeLauncher.computeLaunchArguments (file:///home/runner/work/open-scans/open-scans/node_modules/puppeteer-core/lib/esm/puppeteer/node/ChromeLauncher.js:86:24)
    at async ChromeLauncher.launch (file:///home/runner/work/open-scans/open-scans/node_modules/puppeteer-core/lib/esm/puppeteer/node/BrowserLauncher.js:49:28)
    at async Scraper.of (file:///home/runner/work/open-scans/open-scans/node_modules/@siteimprove/alfa-scraper/dist/scraper.js:29:28)
    at async Module.run (file:///home/runner/work/open-scans/open-scans/node_modules/@siteimprove/alfa-cli/bin/alfa/command/scrape/run.js:94:21)
    at async run (file:///home/runner/work/open-scans/open-scans/node_modules/@siteimprove/alfa-cli/bin/alfa/command/audit/run.js:31:24)",true,2016,4,20,86,region,,false,0,0,0,0,0,0,,Skipped (not requested),false,0,0,0,0,0,0,,Skipped (not requested),false,0,0,0,0,,Skipped (not requested),0,,Contact Us - About NSF | NSF - U.S. National Science Foundation
169,NSF.gov —,chromium,both,desktop,1280,800,https://nsf.gov/help/contact/,https://www.nsf.gov/help/contact/,404,false,true,8710,false,0,0,0,0,,"Error: Could not find Chrome (ver. 145.0.7632.77). This can occur if either
 1. you did not perform an installation before running the script (e.g. `npx puppeteer browsers install chrome`) or
 2. your cache path is incorrectly configured (which is: /home/runner/.cache/puppeteer).
For (2), check out our guide on configuring puppeteer at https://pptr.dev/guides/configuration.
    at ChromeLauncher.resolveExecutablePath (file:///home/runner/work/open-scans/open-scans/node_modules/puppeteer-core/lib/esm/puppeteer/node/BrowserLauncher.js:298:27)
    at ChromeLauncher.computeLaunchArguments (file:///home/runner/work/open-scans/open-scans/node_modules/puppeteer-core/lib/esm/puppeteer/node/ChromeLauncher.js:86:24)
    at async ChromeLauncher.launch (file:///home/runner/work/open-scans/open-scans/node_modules/puppeteer-core/lib/esm/puppeteer/node/BrowserLauncher.js:49:28)
    at async Scraper.of (file:///home/runner/work/open-scans/open-scans/node_modules/@siteimprove/alfa-scraper/dist/scraper.js:29:28)
    at async Module.run (file:///home/runner/work/open-scans/open-scans/node_modules/@siteimprove/alfa-cli/bin/alfa/command/scrape/run.js:94:21)
    at async run (file:///home/runner/work/open-scans/open-scans/node_modules/@siteimprove/alfa-cli/bin/alfa/command/audit/run.js:31:24)",true,666,2,8,44,landmark-complementary-is-top-level;region,,false,0,0,0,0,0,0,,Skipped (not requested),false,0,0,0,0,0,0,,Skipped (not requested),false,0,0,0,0,,Skipped (not requested),0,,Page Not Found | NSF - U.S. National Science Foundation
169,NSF.gov —,chromium,both,desktop,1280,800,https://nsf.gov/help/funding_help/,https://www.nsf.gov/help/funding_help/,404,false,true,8738,false,0,0,0,0,,"Error: Could not find Chrome (ver. 145.0.7632.77). This can occur if either
 1. you did not perform an installation before running the script (e.g. `npx puppeteer browsers install chrome`) or
 2. your cache path is incorrectly configured (which is: /home/runner/.cache/puppeteer).
For (2), check out our guide on configuring puppeteer at https://pptr.dev/guides/configuration.
    at ChromeLauncher.resolveExecutablePath (file:///home/runner/work/open-scans/open-scans/node_modules/puppeteer-core/lib/esm/puppeteer/node/BrowserLauncher.js:298:27)
    at ChromeLauncher.computeLaunchArguments (file:///home/runner/work/open-scans/open-scans/node_modules/puppeteer-core/lib/esm/puppeteer/node/ChromeLauncher.js:86:24)
    at async ChromeLauncher.launch (file:///home/runner/work/open-scans/open-scans/node_modules/puppeteer-core/lib/esm/puppeteer/node/BrowserLauncher.js:49:28)
    at async Scraper.of (file:///home/runner/work/open-scans/open-scans/node_modules/@siteimprove/alfa-scraper/dist/scraper.js:29:28)
    at async Module.run (file:///home/runner/work/open-scans/open-scans/node_modules/@siteimprove/alfa-cli/bin/alfa/command/scrape/run.js:94:21)
    at async run (file:///home/runner/work/open-scans/open-scans/node_modules/@siteimprove/alfa-cli/bin/alfa/command/audit/run.js:31:24)",true,666,2,8,44,landmark-complementary-is-top-level;region,,false,0,0,0,0,0,0,,Skipped (not requested),false,0,0,0,0,0,0,,Skipped (not requested),false,0,0,0,0,,Skipped (not requested),0,,Page Not Found | NSF - U.S. National Science Foundation
169,NSF.gov —,chromium,both,desktop,1280,800,https://nsf.gov/help/technical_help/,https://www.nsf.gov/help/technical_help/,404,false,true,8636,false,0,0,0,0,,"Error: Could not find Chrome (ver. 145.0.7632.77). This can occur if either
 1. you did not perform an installation before running the script (e.g. `npx puppeteer browsers install chrome`) or
 2. your cache path is incorrectly configured (which is: /home/runner/.cache/puppeteer).
For (2), check out our guide on configuring puppeteer at https://pptr.dev/guides/configuration.
    at ChromeLauncher.resolveExecutablePath (file:///home/runner/work/open-scans/open-scans/node_modules/puppeteer-core/lib/esm/puppeteer/node/BrowserLauncher.js:298:27)
    at ChromeLauncher.computeLaunchArguments (file:///home/runner/work/open-scans/open-scans/node_modules/puppeteer-core/lib/esm/puppeteer/node/ChromeLauncher.js:86:24)
    at async ChromeLauncher.launch (file:///home/runner/work/open-scans/open-scans/node_modules/puppeteer-core/lib/esm/puppeteer/node/BrowserLauncher.js:49:28)
    at async Scraper.of (file:///home/runner/work/open-scans/open-scans/node_modules/@siteimprove/alfa-scraper/dist/scraper.js:29:28)
    at async Module.run (file:///home/runner/work/open-scans/open-scans/node_modules/@siteimprove/alfa-cli/bin/alfa/command/scrape/run.js:94:21)
    at async run (file:///home/runner/work/open-scans/open-scans/node_modules/@siteimprove/alfa-cli/bin/alfa/command/audit/run.js:31:24)",true,666,2,8,44,landmark-complementary-is-top-level;region,,false,0,0,0,0,0,0,,Skipped (not requested),false,0,0,0,0,0,0,,Skipped (not requested),false,0,0,0,0,,Skipped (not requested),0,,Page Not Found | NSF - U.S. National Science Foundation
169,NSF.gov —,chromium,both,desktop,1280,800,https://nsf.gov/help/site_navigation/,https://www.nsf.gov/help/site_navigation/,404,false,true,8364,false,0,0,0,0,,"Error: Could not find Chrome (ver. 145.0.7632.77). This can occur if either
 1. you did not perform an installation before running the script (e.g. `npx puppeteer browsers install chrome`) or
 2. your cache path is incorrectly configured (which is: /home/runner/.cache/puppeteer).
For (2), check out our guide on configuring puppeteer at https://pptr.dev/guides/configuration.
    at ChromeLauncher.resolveExecutablePath (file:///home/runner/work/open-scans/open-scans/node_modules/puppeteer-core/lib/esm/puppeteer/node/BrowserLauncher.js:298:27)
    at ChromeLauncher.computeLaunchArguments (file:///home/runner/work/open-scans/open-scans/node_modules/puppeteer-core/lib/esm/puppeteer/node/ChromeLauncher.js:86:24)
    at async ChromeLauncher.launch (file:///home/runner/work/open-scans/open-scans/node_modules/puppeteer-core/lib/esm/puppeteer/node/BrowserLauncher.js:49:28)
    at async Scraper.of (file:///home/runner/work/open-scans/open-scans/node_modules/@siteimprove/alfa-scraper/dist/scraper.js:29:28)
    at async Module.run (file:///home/runner/work/open-scans/open-scans/node_modules/@siteimprove/alfa-cli/bin/alfa/command/scrape/run.js:94:21)
    at async run (file:///home/runner/work/open-scans/open-scans/node_modules/@siteimprove/alfa-cli/bin/alfa/command/audit/run.js:31:24)",true,666,2,8,44,landmark-complementary-is-top-level;region,,false,0,0,0,0,0,0,,Skipped (not requested),false,0,0,0,0,0,0,,Skipped (not requested),false,0,0,0,0,,Skipped (not requested),0,,Page Not Found | NSF - U.S. National Science Foundation
169,NSF.gov —,chromium,both,desktop,1280,800,https://nsf.gov/about/history/,https://www.nsf.gov/about/history,200,true,true,10587,false,0,0,0,0,,"Error: Could not find Chrome (ver. 145.0.7632.77). This can occur if either
 1. you did not perform an installation before running the script (e.g. `npx puppeteer browsers install chrome`) or
 2. your cache path is incorrectly configured (which is: /home/runner/.cache/puppeteer).
For (2), check out our guide on configuring puppeteer at https://pptr.dev/guides/configuration.
    at ChromeLauncher.resolveExecutablePath (file:///home/runner/work/open-scans/open-scans/node_modules/puppeteer-core/lib/esm/puppeteer/node/BrowserLauncher.js:298:27)
    at ChromeLauncher.computeLaunchArguments (file:///home/runner/work/open-scans/open-scans/node_modules/puppeteer-core/lib/esm/puppeteer/node/ChromeLauncher.js:86:24)
    at async ChromeLauncher.launch (file:///home/runner/work/open-scans/open-scans/node_modules/puppeteer-core/lib/esm/puppeteer/node/BrowserLauncher.js:49:28)
    at async Scraper.of (file:///home/runner/work/open-scans/open-scans/node_modules/@siteimprove/alfa-scraper/dist/scraper.js:29:28)
    at async Module.run (file:///home/runner/work/open-scans/open-scans/node_modules/@siteimprove/alfa-cli/bin/alfa/command/scrape/run.js:94:21)
    at async run (file:///home/runner/work/open-scans/open-scans/node_modules/@siteimprove/alfa-cli/bin/alfa/command/audit/run.js:31:24)",true,3110,6,44,80,landmark-complementary-is-top-level;landmark-unique;region,,false,0,0,0,0,0,0,,Skipped (not requested),false,0,0,0,0,0,0,,Skipped (not requested),false,0,0,0,0,,Skipped (not requested),0,,History - About NSF | NSF - U.S. National Science Foundation
169,NSF.gov —,chromium,both,desktop,1280,800,https://nsf.gov/research-security,https://www.nsf.gov/research-security,200,true,true,8703,false,0,0,0,0,,"Error: Could not find Chrome (ver. 145.0.7632.77). This can occur if either
 1. you did not perform an installation before running the script (e.g. `npx puppeteer browsers install chrome`) or
 2. your cache path is incorrectly configured (which is: /home/runner/.cache/puppeteer).
For (2), check out our guide on configuring puppeteer at https://pptr.dev/guides/configuration.
    at ChromeLauncher.resolveExecutablePath (file:///home/runner/work/open-scans/open-scans/node_modules/puppeteer-core/lib/esm/puppeteer/node/BrowserLauncher.js:298:27)
    at ChromeLauncher.computeLaunchArguments (file:///home/runner/work/open-scans/open-scans/node_modules/puppeteer-core/lib/esm/puppeteer/node/ChromeLauncher.js:86:24)
    at async ChromeLauncher.launch (file:///home/runner/work/open-scans/open-scans/node_modules/puppeteer-core/lib/esm/puppeteer/node/BrowserLauncher.js:49:28)
    at async Scraper.of (file:///home/runner/work/open-scans/open-scans/node_modules/@siteimprove/alfa-scraper/dist/scraper.js:29:28)
    at async Module.run (file:///home/runner/work/open-scans/open-scans/node_modules/@siteimprove/alfa-cli/bin/alfa/command/scrape/run.js:94:21)
    at async run (file:///home/runner/work/open-scans/open-scans/node_modules/@siteimprove/alfa-cli/bin/alfa/command/audit/run.js:31:24)",true,1742,7,23,43,color-contrast;heading-order;landmark-complementary-is-top-level;page-has-heading-one;region,,false,0,0,0,0,0,0,,Skipped (not requested),false,0,0,0,0,0,0,,Skipped (not requested),false,0,0,0,0,,Skipped (not requested),0,,Research Security | NSF - U.S. National Science Foundation
169,NSF.gov —,chromium,both,desktop,1280,800,https://oig.nsf.gov/home/,https://oig.nsf.gov/home/,200,true,false,14258,false,0,0,0,0,,"Error: Could not find Chrome (ver. 145.0.7632.77). This can occur if either
 1. you did not perform an installation before running the script (e.g. `npx puppeteer browsers install chrome`) or
 2. your cache path is incorrectly configured (which is: /home/runner/.cache/puppeteer).
For (2), check out our guide on configuring puppeteer at https://pptr.dev/guides/configuration.
    at ChromeLauncher.resolveExecutablePath (file:///home/runner/work/open-scans/open-scans/node_modules/puppeteer-core/lib/esm/puppeteer/node/BrowserLauncher.js:298:27)
    at ChromeLauncher.computeLaunchArguments (file:///home/runner/work/open-scans/open-scans/node_modules/puppeteer-core/lib/esm/puppeteer/node/ChromeLauncher.js:86:24)
    at async ChromeLauncher.launch (file:///home/runner/work/open-scans/open-scans/node_modules/puppeteer-core/lib/esm/puppeteer/node/BrowserLauncher.js:49:28)
    at async Scraper.of (file:///home/runner/work/open-scans/open-scans/node_modules/@siteimprove/alfa-scraper/dist/scraper.js:29:28)
    at async Module.run (file:///home/runner/work/open-scans/open-scans/node_modules/@siteimprove/alfa-cli/bin/alfa/command/scrape/run.js:94:21)
    at async run (file:///home/runner/work/open-scans/open-scans/node_modules/@siteimprove/alfa-cli/bin/alfa/command/audit/run.js:31:24)",true,1195,11,4,49,color-contrast;heading-order;landmark-one-main;link-name;page-has-heading-one;region,,false,0,0,0,0,0,0,,Skipped (not requested),false,0,0,0,0,0,0,,Skipped (not requested),false,0,0,0,0,,Skipped (not requested),0,,NSF OIG
169,NSF.gov —,chromium,both,desktop,1280,800,https://oig.nsf.gov/home/group/contact/page/contact-us,https://oig.nsf.gov/home/group/contact/page/contact-us,200,true,false,13380,false,0,0,0,0,,"Error: Could not find Chrome (ver. 145.0.7632.77). This can occur if either
 1. you did not perform an installation before running the script (e.g. `npx puppeteer browsers install chrome`) or
 2. your cache path is incorrectly configured (which is: /home/runner/.cache/puppeteer).
For (2), check out our guide on configuring puppeteer at https://pptr.dev/guides/configuration.
    at ChromeLauncher.resolveExecutablePath (file:///home/runner/work/open-scans/open-scans/node_modules/puppeteer-core/lib/esm/puppeteer/node/BrowserLauncher.js:298:27)
    at ChromeLauncher.computeLaunchArguments (file:///home/runner/work/open-scans/open-scans/node_modules/puppeteer-core/lib/esm/puppeteer/node/ChromeLauncher.js:86:24)
    at async ChromeLauncher.launch (file:///home/runner/work/open-scans/open-scans/node_modules/puppeteer-core/lib/esm/puppeteer/node/BrowserLauncher.js:49:28)
    at async Scraper.of (file:///home/runner/work/open-scans/open-scans/node_modules/@siteimprove/alfa-scraper/dist/scraper.js:29:28)
    at async Module.run (file:///home/runner/work/open-scans/open-scans/node_modules/@siteimprove/alfa-cli/bin/alfa/command/scrape/run.js:94:21)
    at async run (file:///home/runner/work/open-scans/open-scans/node_modules/@siteimprove/alfa-cli/bin/alfa/command/audit/run.js:31:24)",true,859,7,0,49,color-contrast;heading-order;landmark-one-main;link-name;page-has-heading-one;region,,false,0,0,0,0,0,0,,Skipped (not requested),false,0,0,0,0,0,0,,Skipped (not requested),false,0,0,0,0,,Skipped (not requested),0,,NSF OIG
169,NSF.gov —,chromium,both,desktop,1280,800,https://oig.nsf.gov/hotline,https://oig.nsf.gov/home/,200,true,true,13958,false,0,0,0,0,,"Error: Could not find Chrome (ver. 145.0.7632.77). This can occur if either
 1. you did not perform an installation before running the script (e.g. `npx puppeteer browsers install chrome`) or
 2. your cache path is incorrectly configured (which is: /home/runner/.cache/puppeteer).
For (2), check out our guide on configuring puppeteer at https://pptr.dev/guides/configuration.
    at ChromeLauncher.resolveExecutablePath (file:///home/runner/work/open-scans/open-scans/node_modules/puppeteer-core/lib/esm/puppeteer/node/BrowserLauncher.js:298:27)
    at ChromeLauncher.computeLaunchArguments (file:///home/runner/work/open-scans/open-scans/node_modules/puppeteer-core/lib/esm/puppeteer/node/ChromeLauncher.js:86:24)
    at async ChromeLauncher.launch (file:///home/runner/work/open-scans/open-scans/node_modules/puppeteer-core/lib/esm/puppeteer/node/BrowserLauncher.js:49:28)
    at async Scraper.of (file:///home/runner/work/open-scans/open-scans/node_modules/@siteimprove/alfa-scraper/dist/scraper.js:29:28)
    at async Module.run (file:///home/runner/work/open-scans/open-scans/node_modules/@siteimprove/alfa-cli/bin/alfa/command/scrape/run.js:94:21)
    at async run (file:///home/runner/work/open-scans/open-scans/node_modules/@siteimprove/alfa-cli/bin/alfa/command/audit/run.js:31:24)",true,1195,11,4,49,color-contrast;heading-order;landmark-one-main;link-name;page-has-heading-one;region,,false,0,0,0,0,0,0,,Skipped (not requested),false,0,0,0,0,0,0,,Skipped (not requested),false,0,0,0,0,,Skipped (not requested),0,,NSF OIG
169,NSF.gov —,chromium,both,desktop,1280,800,https://nsf.gov/about/performance/oversight,https://www.nsf.gov/about/performance/oversight,404,false,true,8744,false,0,0,0,0,,"Error: Could not find Chrome (ver. 145.0.7632.77). This can occur if either
 1. you did not perform an installation before running the script (e.g. `npx puppeteer browsers install chrome`) or
 2. your cache path is incorrectly configured (which is: /home/runner/.cache/puppeteer).
For (2), check out our guide on configuring puppeteer at https://pptr.dev/guides/configuration.
    at ChromeLauncher.resolveExecutablePath (file:///home/runner/work/open-scans/open-scans/node_modules/puppeteer-core/lib/esm/puppeteer/node/BrowserLauncher.js:298:27)
    at ChromeLauncher.computeLaunchArguments (file:///home/runner/work/open-scans/open-scans/node_modules/puppeteer-core/lib/esm/puppeteer/node/ChromeLauncher.js:86:24)
    at async ChromeLauncher.launch (file:///home/runner/work/open-scans/open-scans/node_modules/puppeteer-core/lib/esm/puppeteer/node/BrowserLauncher.js:49:28)
    at async Scraper.of (file:///home/runner/work/open-scans/open-scans/node_modules/@siteimprove/alfa-scraper/dist/scraper.js:29:28)
    at async Module.run (file:///home/runner/work/open-scans/open-scans/node_modules/@siteimprove/alfa-cli/bin/alfa/command/scrape/run.js:94:21)
    at async run (file:///home/runner/work/open-scans/open-scans/node_modules/@siteimprove/alfa-cli/bin/alfa/command/audit/run.js:31:24)",true,666,2,8,44,landmark-complementary-is-top-level;region,,false,0,0,0,0,0,0,,Skipped (not requested),false,0,0,0,0,0,0,,Skipped (not requested),false,0,0,0,0,,Skipped (not requested),0,,Page Not Found | NSF - U.S. National Science Foundation
169,NSF.gov —,chromium,both,desktop,1280,800,https://nsf.gov/about/performance/open-government,https://www.nsf.gov/about/performance/open-government,404,false,true,8749,false,0,0,0,0,,"Error: Could not find Chrome (ver. 145.0.7632.77). This can occur if either
 1. you did not perform an installation before running the script (e.g. `npx puppeteer browsers install chrome`) or
 2. your cache path is incorrectly configured (which is: /home/runner/.cache/puppeteer).
For (2), check out our guide on configuring puppeteer at https://pptr.dev/guides/configuration.
    at ChromeLauncher.resolveExecutablePath (file:///home/runner/work/open-scans/open-scans/node_modules/puppeteer-core/lib/esm/puppeteer/node/BrowserLauncher.js:298:27)
    at ChromeLauncher.computeLaunchArguments (file:///home/runner/work/open-scans/open-scans/node_modules/puppeteer-core/lib/esm/puppeteer/node/ChromeLauncher.js:86:24)
    at async ChromeLauncher.launch (file:///home/runner/work/open-scans/open-scans/node_modules/puppeteer-core/lib/esm/puppeteer/node/BrowserLauncher.js:49:28)
    at async Scraper.of (file:///home/runner/work/open-scans/open-scans/node_modules/@siteimprove/alfa-scraper/dist/scraper.js:29:28)
    at async Module.run (file:///home/runner/work/open-scans/open-scans/node_modules/@siteimprove/alfa-cli/bin/alfa/command/scrape/run.js:94:21)
    at async run (file:///home/runner/work/open-scans/open-scans/node_modules/@siteimprove/alfa-cli/bin/alfa/command/audit/run.js:31:24)",true,666,2,8,44,landmark-complementary-is-top-level;region,,false,0,0,0,0,0,0,,Skipped (not requested),false,0,0,0,0,0,0,,Skipped (not requested),false,0,0,0,0,,Skipped (not requested),0,,Page Not Found | NSF - U.S. National Science Foundation
169,NSF.gov —,chromium,both,desktop,1280,800,https://nsf.gov/digital/data,https://www.nsf.gov/digital/data,200,true,true,9851,false,0,0,0,0,,"Error: Could not find Chrome (ver. 145.0.7632.77). This can occur if either
 1. you did not perform an installation before running the script (e.g. `npx puppeteer browsers install chrome`) or
 2. your cache path is incorrectly configured (which is: /home/runner/.cache/puppeteer).
For (2), check out our guide on configuring puppeteer at https://pptr.dev/guides/configuration.
    at ChromeLauncher.resolveExecutablePath (file:///home/runner/work/open-scans/open-scans/node_modules/puppeteer-core/lib/esm/puppeteer/node/BrowserLauncher.js:298:27)
    at ChromeLauncher.computeLaunchArguments (file:///home/runner/work/open-scans/open-scans/node_modules/puppeteer-core/lib/esm/puppeteer/node/ChromeLauncher.js:86:24)
    at async ChromeLauncher.launch (file:///home/runner/work/open-scans/open-scans/node_modules/puppeteer-core/lib/esm/puppeteer/node/BrowserLauncher.js:49:28)
    at async Scraper.of (file:///home/runner/work/open-scans/open-scans/node_modules/@siteimprove/alfa-scraper/dist/scraper.js:29:28)
    at async Module.run (file:///home/runner/work/open-scans/open-scans/node_modules/@siteimprove/alfa-cli/bin/alfa/command/scrape/run.js:94:21)
    at async run (file:///home/runner/work/open-scans/open-scans/node_modules/@siteimprove/alfa-cli/bin/alfa/command/audit/run.js:31:24)",true,991,2,16,43,region,,false,0,0,0,0,0,0,,Skipped (not requested),false,0,0,0,0,0,0,,Skipped (not requested),false,0,0,0,0,,Skipped (not requested),0,,Open Data at NSF - Open Government | NSF - U.S. National Science Foundation
169,NSF.gov —,chromium,both,desktop,1280,800,https://nsf.gov/digital/strategy/reporting,https://www.nsf.gov/digital/strategy/reporting,404,false,true,8750,false,0,0,0,0,,"Error: Could not find Chrome (ver. 145.0.7632.77). This can occur if either
 1. you did not perform an installation before running the script (e.g. `npx puppeteer browsers install chrome`) or
 2. your cache path is incorrectly configured (which is: /home/runner/.cache/puppeteer).
For (2), check out our guide on configuring puppeteer at https://pptr.dev/guides/configuration.
    at ChromeLauncher.resolveExecutablePath (file:///home/runner/work/open-scans/open-scans/node_modules/puppeteer-core/lib/esm/puppeteer/node/BrowserLauncher.js:298:27)
    at ChromeLauncher.computeLaunchArguments (file:///home/runner/work/open-scans/open-scans/node_modules/puppeteer-core/lib/esm/puppeteer/node/ChromeLauncher.js:86:24)
    at async ChromeLauncher.launch (file:///home/runner/work/open-scans/open-scans/node_modules/puppeteer-core/lib/esm/puppeteer/node/BrowserLauncher.js:49:28)
    at async Scraper.of (file:///home/runner/work/open-scans/open-scans/node_modules/@siteimprove/alfa-scraper/dist/scraper.js:29:28)
    at async Module.run (file:///home/runner/work/open-scans/open-scans/node_modules/@siteimprove/alfa-cli/bin/alfa/command/scrape/run.js:94:21)
    at async run (file:///home/runner/work/open-scans/open-scans/node_modules/@siteimprove/alfa-cli/bin/alfa/command/audit/run.js:31:24)",true,666,2,8,44,landmark-complementary-is-top-level;region,,false,0,0,0,0,0,0,,Skipped (not requested),false,0,0,0,0,0,0,,Skipped (not requested),false,0,0,0,0,,Skipped (not requested),0,,Page Not Found | NSF - U.S. National Science Foundation
169,NSF.gov —,chromium,both,desktop,1280,800,https://nsf.gov/funding/opportunities/dcl-supplemental-funding-requests-support-k-12-artificial,https://www.nsf.gov/funding/opportunities/dcl-supplemental-funding-requests-support-k-12-artificial,200,true,true,9797,false,0,0,0,0,,"Error: Could not find Chrome (ver. 145.0.7632.77). This can occur if either
 1. you did not perform an installation before running the script (e.g. `npx puppeteer browsers install chrome`) or
 2. your cache path is incorrectly configured (which is: /home/runner/.cache/puppeteer).
For (2), check out our guide on configuring puppeteer at https://pptr.dev/guides/configuration.
    at ChromeLauncher.resolveExecutablePath (file:///home/runner/work/open-scans/open-scans/node_modules/puppeteer-core/lib/esm/puppeteer/node/BrowserLauncher.js:298:27)
    at ChromeLauncher.computeLaunchArguments (file:///home/runner/work/open-scans/open-scans/node_modules/puppeteer-core/lib/esm/puppeteer/node/ChromeLauncher.js:86:24)
    at async ChromeLauncher.launch (file:///home/runner/work/open-scans/open-scans/node_modules/puppeteer-core/lib/esm/puppeteer/node/BrowserLauncher.js:49:28)
    at async Scraper.of (file:///home/runner/work/open-scans/open-scans/node_modules/@siteimprove/alfa-scraper/dist/scraper.js:29:28)
    at async Module.run (file:///home/runner/work/open-scans/open-scans/node_modules/@siteimprove/alfa-cli/bin/alfa/command/scrape/run.js:94:21)
    at async run (file:///home/runner/work/open-scans/open-scans/node_modules/@siteimprove/alfa-cli/bin/alfa/command/audit/run.js:31:24)",true,1718,6,20,88,landmark-complementary-is-top-level;region,,false,0,0,0,0,0,0,,Skipped (not requested),false,0,0,0,0,0,0,,Skipped (not requested),false,0,0,0,0,,Skipped (not requested),0,,Supplemental Funding Requests to Support K-12 Artificial Intelligence Teams for the Presidential AI Challenge through Community-based Partnerships | NSF - U.S. National Science Foundation
169,NSF.gov —,chromium,both,desktop,1280,800,https://nsf.gov/funding/opportunities/dcl-growing-post-award-research-support-service-infrastructure/nsf23-152,https://www.nsf.gov/funding/opportunities/dcl-growing-post-award-research-support-service-infrastructure/nsf23-152,200,true,true,8649,false,0,0,0,0,,"Error: Could not find Chrome (ver. 145.0.7632.77). This can occur if either
 1. you did not perform an installation before running the script (e.g. `npx puppeteer browsers install chrome`) or
 2. your cache path is incorrectly configured (which is: /home/runner/.cache/puppeteer).
For (2), check out our guide on configuring puppeteer at https://pptr.dev/guides/configuration.
    at ChromeLauncher.resolveExecutablePath (file:///home/runner/work/open-scans/open-scans/node_modules/puppeteer-core/lib/esm/puppeteer/node/BrowserLauncher.js:298:27)
    at ChromeLauncher.computeLaunchArguments (file:///home/runner/work/open-scans/open-scans/node_modules/puppeteer-core/lib/esm/puppeteer/node/ChromeLauncher.js:86:24)
    at async ChromeLauncher.launch (file:///home/runner/work/open-scans/open-scans/node_modules/puppeteer-core/lib/esm/puppeteer/node/BrowserLauncher.js:49:28)
    at async Scraper.of (file:///home/runner/work/open-scans/open-scans/node_modules/@siteimprove/alfa-scraper/dist/scraper.js:29:28)
    at async Module.run (file:///home/runner/work/open-scans/open-scans/node_modules/@siteimprove/alfa-cli/bin/alfa/command/scrape/run.js:94:21)
    at async run (file:///home/runner/work/open-scans/open-scans/node_modules/@siteimprove/alfa-cli/bin/alfa/command/audit/run.js:31:24)",true,1688,6,20,88,landmark-complementary-is-top-level;region,,false,0,0,0,0,0,0,,Skipped (not requested),false,0,0,0,0,0,0,,Skipped (not requested),false,0,0,0,0,,Skipped (not requested),0,,Growing Post-Award Research Support and Service Infrastructure for Nationally Transformative Equity and Diversity | NSF - U.S. National Science Foundation
169,NSF.gov —,chromium,both,desktop,1280,800,https://nsf.gov/news/mmg/mmg_disp.jsp?med_id=188350,https://www.nsf.gov/news,200,true,true,7947,false,0,0,0,0,,"Error: Could not find Chrome (ver. 145.0.7632.77). This can occur if either
 1. you did not perform an installation before running the script (e.g. `npx puppeteer browsers install chrome`) or
 2. your cache path is incorrectly configured (which is: /home/runner/.cache/puppeteer).
For (2), check out our guide on configuring puppeteer at https://pptr.dev/guides/configuration.
    at ChromeLauncher.resolveExecutablePath (file:///home/runner/work/open-scans/open-scans/node_modules/puppeteer-core/lib/esm/puppeteer/node/BrowserLauncher.js:298:27)
    at ChromeLauncher.computeLaunchArguments (file:///home/runner/work/open-scans/open-scans/node_modules/puppeteer-core/lib/esm/puppeteer/node/ChromeLauncher.js:86:24)
    at async ChromeLauncher.launch (file:///home/runner/work/open-scans/open-scans/node_modules/puppeteer-core/lib/esm/puppeteer/node/BrowserLauncher.js:49:28)
    at async Scraper.of (file:///home/runner/work/open-scans/open-scans/node_modules/@siteimprove/alfa-scraper/dist/scraper.js:29:28)
    at async Module.run (file:///home/runner/work/open-scans/open-scans/node_modules/@siteimprove/alfa-cli/bin/alfa/command/scrape/run.js:94:21)
    at async run (file:///home/runner/work/open-scans/open-scans/node_modules/@siteimprove/alfa-cli/bin/alfa/command/audit/run.js:31:24)",true,973,2,7,45,region,,false,0,0,0,0,0,0,,Skipped (not requested),false,0,0,0,0,0,0,,Skipped (not requested),false,0,0,0,0,,Skipped (not requested),0,,News | NSF - U.S. National Science Foundation
169,NSF.gov —,chromium,both,desktop,1280,800,https://nsf.gov/geo/opp/updates/publication-usap-report-based-findings-sexual-assault,https://www.nsf.gov/geo/opp/updates/publication-usap-report-based-findings-sexual-assault,200,true,true,8639,false,0,0,0,0,,"Error: Could not find Chrome (ver. 145.0.7632.77). This can occur if either
 1. you did not perform an installation before running the script (e.g. `npx puppeteer browsers install chrome`) or
 2. your cache path is incorrectly configured (which is: /home/runner/.cache/puppeteer).
For (2), check out our guide on configuring puppeteer at https://pptr.dev/guides/configuration.
    at ChromeLauncher.resolveExecutablePath (file:///home/runner/work/open-scans/open-scans/node_modules/puppeteer-core/lib/esm/puppeteer/node/BrowserLauncher.js:298:27)
    at ChromeLauncher.computeLaunchArguments (file:///home/runner/work/open-scans/open-scans/node_modules/puppeteer-core/lib/esm/puppeteer/node/ChromeLauncher.js:86:24)
    at async ChromeLauncher.launch (file:///home/runner/work/open-scans/open-scans/node_modules/puppeteer-core/lib/esm/puppeteer/node/BrowserLauncher.js:49:28)
    at async Scraper.of (file:///home/runner/work/open-scans/open-scans/node_modules/@siteimprove/alfa-scraper/dist/scraper.js:29:28)
    at async Module.run (file:///home/runner/work/open-scans/open-scans/node_modules/@siteimprove/alfa-cli/bin/alfa/command/scrape/run.js:94:21)
    at async run (file:///home/runner/work/open-scans/open-scans/node_modules/@siteimprove/alfa-cli/bin/alfa/command/audit/run.js:31:24)",true,693,2,8,43,region,,false,0,0,0,0,0,0,,Skipped (not requested),false,0,0,0,0,0,0,,Skipped (not requested),false,0,0,0,0,,Skipped (not requested),0,,Publication of the USAP report based on findings from the Sexual Assault and Harassment Climate Survey | NSF - U.S. National Science Foundation
169,NSF.gov —,chromium,both,desktop,1280,800,https://nsf.gov/geo/opp/updates/request-information-antarctic-science-engineering-support,https://www.nsf.gov/geo/opp/updates/request-information-antarctic-science-engineering-support,200,true,true,8512,false,0,0,0,0,,"Error: Could not find Chrome (ver. 145.0.7632.77). This can occur if either
 1. you did not perform an installation before running the script (e.g. `npx puppeteer browsers install chrome`) or
 2. your cache path is incorrectly configured (which is: /home/runner/.cache/puppeteer).
For (2), check out our guide on configuring puppeteer at https://pptr.dev/guides/configuration.
    at ChromeLauncher.resolveExecutablePath (file:///home/runner/work/open-scans/open-scans/node_modules/puppeteer-core/lib/esm/puppeteer/node/BrowserLauncher.js:298:27)
    at ChromeLauncher.computeLaunchArguments (file:///home/runner/work/open-scans/open-scans/node_modules/puppeteer-core/lib/esm/puppeteer/node/ChromeLauncher.js:86:24)
    at async ChromeLauncher.launch (file:///home/runner/work/open-scans/open-scans/node_modules/puppeteer-core/lib/esm/puppeteer/node/BrowserLauncher.js:49:28)
    at async Scraper.of (file:///home/runner/work/open-scans/open-scans/node_modules/@siteimprove/alfa-scraper/dist/scraper.js:29:28)
    at async Module.run (file:///home/runner/work/open-scans/open-scans/node_modules/@siteimprove/alfa-cli/bin/alfa/command/scrape/run.js:94:21)
    at async run (file:///home/runner/work/open-scans/open-scans/node_modules/@siteimprove/alfa-cli/bin/alfa/command/audit/run.js:31:24)",true,689,3,9,44,landmark-complementary-is-top-level;region,,false,0,0,0,0,0,0,,Skipped (not requested),false,0,0,0,0,0,0,,Skipped (not requested),false,0,0,0,0,,Skipped (not requested),0,,Request for Information: Antarctic Science and Engineering Support Contract (ASESC) | NSF - U.S. National Science Foundation
169,NSF.gov —,chromium,both,desktop,1280,800,https://nsf.gov/news/astronomers-find-elusive-target-hiding-behind-dust,https://www.nsf.gov/news/astronomers-find-elusive-target-hiding-behind-dust,403,false,true,8653,false,0,0,0,0,,"Error: Could not find Chrome (ver. 145.0.7632.77). This can occur if either
 1. you did not perform an installation before running the script (e.g. `npx puppeteer browsers install chrome`) or
 2. your cache path is incorrectly configured (which is: /home/runner/.cache/puppeteer).
For (2), check out our guide on configuring puppeteer at https://pptr.dev/guides/configuration.
    at ChromeLauncher.resolveExecutablePath (file:///home/runner/work/open-scans/open-scans/node_modules/puppeteer-core/lib/esm/puppeteer/node/BrowserLauncher.js:298:27)
    at ChromeLauncher.computeLaunchArguments (file:///home/runner/work/open-scans/open-scans/node_modules/puppeteer-core/lib/esm/puppeteer/node/ChromeLauncher.js:86:24)
    at async ChromeLauncher.launch (file:///home/runner/work/open-scans/open-scans/node_modules/puppeteer-core/lib/esm/puppeteer/node/BrowserLauncher.js:49:28)
    at async Scraper.of (file:///home/runner/work/open-scans/open-scans/node_modules/@siteimprove/alfa-scraper/dist/scraper.js:29:28)
    at async Module.run (file:///home/runner/work/open-scans/open-scans/node_modules/@siteimprove/alfa-cli/bin/alfa/command/scrape/run.js:94:21)
    at async run (file:///home/runner/work/open-scans/open-scans/node_modules/@siteimprove/alfa-cli/bin/alfa/command/audit/run.js:31:24)",true,668,2,8,44,landmark-complementary-is-top-level;region,,false,0,0,0,0,0,0,,Skipped (not requested),false,0,0,0,0,0,0,,Skipped (not requested),false,0,0,0,0,,Skipped (not requested),0,,Access Denied | NSF - U.S. National Science Foundation
169,NSF.gov —,chromium,both,desktop,1280,800,https://nsf.gov/news/biologists-find-10-lineages-fish-able-live-highly,https://www.nsf.gov/news/biologists-find-10-lineages-fish-able-live-highly-toxic,403,false,true,8906,false,0,0,0,0,,"Error: Could not find Chrome (ver. 145.0.7632.77). This can occur if either
 1. you did not perform an installation before running the script (e.g. `npx puppeteer browsers install chrome`) or
 2. your cache path is incorrectly configured (which is: /home/runner/.cache/puppeteer).
For (2), check out our guide on configuring puppeteer at https://pptr.dev/guides/configuration.
    at ChromeLauncher.resolveExecutablePath (file:///home/runner/work/open-scans/open-scans/node_modules/puppeteer-core/lib/esm/puppeteer/node/BrowserLauncher.js:298:27)
    at ChromeLauncher.computeLaunchArguments (file:///home/runner/work/open-scans/open-scans/node_modules/puppeteer-core/lib/esm/puppeteer/node/ChromeLauncher.js:86:24)
    at async ChromeLauncher.launch (file:///home/runner/work/open-scans/open-scans/node_modules/puppeteer-core/lib/esm/puppeteer/node/BrowserLauncher.js:49:28)
    at async Scraper.of (file:///home/runner/work/open-scans/open-scans/node_modules/@siteimprove/alfa-scraper/dist/scraper.js:29:28)
    at async Module.run (file:///home/runner/work/open-scans/open-scans/node_modules/@siteimprove/alfa-cli/bin/alfa/command/scrape/run.js:94:21)
    at async run (file:///home/runner/work/open-scans/open-scans/node_modules/@siteimprove/alfa-cli/bin/alfa/command/audit/run.js:31:24)",true,668,2,8,44,landmark-complementary-is-top-level;region,,false,0,0,0,0,0,0,,Skipped (not requested),false,0,0,0,0,0,0,,Skipped (not requested),false,0,0,0,0,,Skipped (not requested),0,,Access Denied | NSF - U.S. National Science Foundation
169,NSF.gov —,chromium,both,desktop,1280,800,https://nsf.gov/news/fantastic-fossils-where-find-them,https://www.nsf.gov/news/fantastic-fossils-where-find-them,200,true,true,10632,false,0,0,0,0,,"Error: Could not find Chrome (ver. 145.0.7632.77). This can occur if either
 1. you did not perform an installation before running the script (e.g. `npx puppeteer browsers install chrome`) or
 2. your cache path is incorrectly configured (which is: /home/runner/.cache/puppeteer).
For (2), check out our guide on configuring puppeteer at https://pptr.dev/guides/configuration.
    at ChromeLauncher.resolveExecutablePath (file:///home/runner/work/open-scans/open-scans/node_modules/puppeteer-core/lib/esm/puppeteer/node/BrowserLauncher.js:298:27)
    at ChromeLauncher.computeLaunchArguments (file:///home/runner/work/open-scans/open-scans/node_modules/puppeteer-core/lib/esm/puppeteer/node/ChromeLauncher.js:86:24)
    at async ChromeLauncher.launch (file:///home/runner/work/open-scans/open-scans/node_modules/puppeteer-core/lib/esm/puppeteer/node/BrowserLauncher.js:49:28)
    at async Scraper.of (file:///home/runner/work/open-scans/open-scans/node_modules/@siteimprove/alfa-scraper/dist/scraper.js:29:28)
    at async Module.run (file:///home/runner/work/open-scans/open-scans/node_modules/@siteimprove/alfa-cli/bin/alfa/command/scrape/run.js:94:21)
    at async run (file:///home/runner/work/open-scans/open-scans/node_modules/@siteimprove/alfa-cli/bin/alfa/command/audit/run.js:31:24)",true,1794,6,26,86,landmark-complementary-is-top-level;region,,false,0,0,0,0,0,0,,Skipped (not requested),false,0,0,0,0,0,0,,Skipped (not requested),false,0,0,0,0,,Skipped (not requested),0,,Fantastic fossils and where to find them | NSF - U.S. National Science Foundation
169,NSF.gov —,chromium,both,desktop,1280,800,https://nsf.gov/news/finding-genes-help-fruit-adapt-droughts,https://www.nsf.gov/news/finding-genes-help-fruit-adapt-droughts,200,true,true,10855,false,0,0,0,0,,"Error: Could not find Chrome (ver. 145.0.7632.77). This can occur if either
 1. you did not perform an installation before running the script (e.g. `npx puppeteer browsers install chrome`) or
 2. your cache path is incorrectly configured (which is: /home/runner/.cache/puppeteer).
For (2), check out our guide on configuring puppeteer at https://pptr.dev/guides/configuration.
    at ChromeLauncher.resolveExecutablePath (file:///home/runner/work/open-scans/open-scans/node_modules/puppeteer-core/lib/esm/puppeteer/node/BrowserLauncher.js:298:27)
    at ChromeLauncher.computeLaunchArguments (file:///home/runner/work/open-scans/open-scans/node_modules/puppeteer-core/lib/esm/puppeteer/node/ChromeLauncher.js:86:24)
    at async ChromeLauncher.launch (file:///home/runner/work/open-scans/open-scans/node_modules/puppeteer-core/lib/esm/puppeteer/node/BrowserLauncher.js:49:28)
    at async Scraper.of (file:///home/runner/work/open-scans/open-scans/node_modules/@siteimprove/alfa-scraper/dist/scraper.js:29:28)
    at async Module.run (file:///home/runner/work/open-scans/open-scans/node_modules/@siteimprove/alfa-cli/bin/alfa/command/scrape/run.js:94:21)
    at async run (file:///home/runner/work/open-scans/open-scans/node_modules/@siteimprove/alfa-cli/bin/alfa/command/audit/run.js:31:24)",true,1948,6,26,86,landmark-complementary-is-top-level;region,,false,0,0,0,0,0,0,,Skipped (not requested),false,0,0,0,0,0,0,,Skipped (not requested),false,0,0,0,0,,Skipped (not requested),0,,Finding genes to help fruit adapt to droughts | NSF - U.S. National Science Foundation
169,NSF.gov —,chromium,both,desktop,1280,800,https://nsf.gov/news/ligo-virgo-finds-mystery-object-gap-between,https://www.nsf.gov/news/ligo-virgo-finds-mystery-object-gap-between-neutron-stars,200,true,true,8811,false,0,0,0,0,,"Error: Could not find Chrome (ver. 145.0.7632.77). This can occur if either
 1. you did not perform an installation before running the script (e.g. `npx puppeteer browsers install chrome`) or
 2. your cache path is incorrectly configured (which is: /home/runner/.cache/puppeteer).
For (2), check out our guide on configuring puppeteer at https://pptr.dev/guides/configuration.
    at ChromeLauncher.resolveExecutablePath (file:///home/runner/work/open-scans/open-scans/node_modules/puppeteer-core/lib/esm/puppeteer/node/BrowserLauncher.js:298:27)
    at ChromeLauncher.computeLaunchArguments (file:///home/runner/work/open-scans/open-scans/node_modules/puppeteer-core/lib/esm/puppeteer/node/ChromeLauncher.js:86:24)
    at async ChromeLauncher.launch (file:///home/runner/work/open-scans/open-scans/node_modules/puppeteer-core/lib/esm/puppeteer/node/BrowserLauncher.js:49:28)
    at async Scraper.of (file:///home/runner/work/open-scans/open-scans/node_modules/@siteimprove/alfa-scraper/dist/scraper.js:29:28)
    at async Module.run (file:///home/runner/work/open-scans/open-scans/node_modules/@siteimprove/alfa-cli/bin/alfa/command/scrape/run.js:94:21)
    at async run (file:///home/runner/work/open-scans/open-scans/node_modules/@siteimprove/alfa-cli/bin/alfa/command/audit/run.js:31:24)",true,1760,6,26,86,landmark-complementary-is-top-level;region,,false,0,0,0,0,0,0,,Skipped (not requested),false,0,0,0,0,0,0,,Skipped (not requested),false,0,0,0,0,,Skipped (not requested),0,,LIGO-Virgo finds mystery object in gap between neutron stars and black holes | NSF - U.S. National Science Foundation
169,NSF.gov —,chromium,both,desktop,1280,800,https://nsf.gov/news/researchers-find-humans-have-given-wild-animals,https://www.nsf.gov/news/researchers-find-humans-have-given-wild-animals-their,200,true,true,10765,false,0,0,0,0,,"Error: Could not find Chrome (ver. 145.0.7632.77). This can occur if either
 1. you did not perform an installation before running the script (e.g. `npx puppeteer browsers install chrome`) or
 2. your cache path is incorrectly configured (which is: /home/runner/.cache/puppeteer).
For (2), check out our guide on configuring puppeteer at https://pptr.dev/guides/configuration.
    at ChromeLauncher.resolveExecutablePath (file:///home/runner/work/open-scans/open-scans/node_modules/puppeteer-core/lib/esm/puppeteer/node/BrowserLauncher.js:298:27)
    at ChromeLauncher.computeLaunchArguments (file:///home/runner/work/open-scans/open-scans/node_modules/puppeteer-core/lib/esm/puppeteer/node/ChromeLauncher.js:86:24)
    at async ChromeLauncher.launch (file:///home/runner/work/open-scans/open-scans/node_modules/puppeteer-core/lib/esm/puppeteer/node/BrowserLauncher.js:49:28)
    at async Scraper.of (file:///home/runner/work/open-scans/open-scans/node_modules/@siteimprove/alfa-scraper/dist/scraper.js:29:28)
    at async Module.run (file:///home/runner/work/open-scans/open-scans/node_modules/@siteimprove/alfa-cli/bin/alfa/command/scrape/run.js:94:21)
    at async run (file:///home/runner/work/open-scans/open-scans/node_modules/@siteimprove/alfa-cli/bin/alfa/command/audit/run.js:31:24)",true,1768,6,26,86,landmark-complementary-is-top-level;region,,false,0,0,0,0,0,0,,Skipped (not requested),false,0,0,0,0,0,0,,Skipped (not requested),false,0,0,0,0,,Skipped (not requested),0,,Researchers find humans have given wild animals their diseases nearly 100 times | NSF - U.S. National Science Foundation
169,NSF.gov —,chromium,both,desktop,1280,800,https://nsf.gov/news/scientists-find-closest-known-asteroid-fly-earth,https://www.nsf.gov/news/scientists-find-closest-known-asteroid-fly-earth,403,false,true,8579,false,0,0,0,0,,"Error: Could not find Chrome (ver. 145.0.7632.77). This can occur if either
 1. you did not perform an installation before running the script (e.g. `npx puppeteer browsers install chrome`) or
 2. your cache path is incorrectly configured (which is: /home/runner/.cache/puppeteer).
For (2), check out our guide on configuring puppeteer at https://pptr.dev/guides/configuration.
    at ChromeLauncher.resolveExecutablePath (file:///home/runner/work/open-scans/open-scans/node_modules/puppeteer-core/lib/esm/puppeteer/node/BrowserLauncher.js:298:27)
    at ChromeLauncher.computeLaunchArguments (file:///home/runner/work/open-scans/open-scans/node_modules/puppeteer-core/lib/esm/puppeteer/node/ChromeLauncher.js:86:24)
    at async ChromeLauncher.launch (file:///home/runner/work/open-scans/open-scans/node_modules/puppeteer-core/lib/esm/puppeteer/node/BrowserLauncher.js:49:28)
    at async Scraper.of (file:///home/runner/work/open-scans/open-scans/node_modules/@siteimprove/alfa-scraper/dist/scraper.js:29:28)
    at async Module.run (file:///home/runner/work/open-scans/open-scans/node_modules/@siteimprove/alfa-cli/bin/alfa/command/scrape/run.js:94:21)
    at async run (file:///home/runner/work/open-scans/open-scans/node_modules/@siteimprove/alfa-cli/bin/alfa/command/audit/run.js:31:24)",true,668,2,8,44,landmark-complementary-is-top-level;region,,false,0,0,0,0,0,0,,Skipped (not requested),false,0,0,0,0,0,0,,Skipped (not requested),false,0,0,0,0,,Skipped (not requested),0,,Access Denied | NSF - U.S. National Science Foundation
169,NSF.gov —,chromium,both,desktop,1280,800,https://nsf.gov/news/scientists-find-earliest-new-world-writings-mexico,https://www.nsf.gov/news/scientists-find-earliest-new-world-writings-mexico,403,false,true,8385,false,0,0,0,0,,"Error: Could not find Chrome (ver. 145.0.7632.77). This can occur if either
 1. you did not perform an installation before running the script (e.g. `npx puppeteer browsers install chrome`) or
 2. your cache path is incorrectly configured (which is: /home/runner/.cache/puppeteer).
For (2), check out our guide on configuring puppeteer at https://pptr.dev/guides/configuration.
    at ChromeLauncher.resolveExecutablePath (file:///home/runner/work/open-scans/open-scans/node_modules/puppeteer-core/lib/esm/puppeteer/node/BrowserLauncher.js:298:27)
    at ChromeLauncher.computeLaunchArguments (file:///home/runner/work/open-scans/open-scans/node_modules/puppeteer-core/lib/esm/puppeteer/node/ChromeLauncher.js:86:24)
    at async ChromeLauncher.launch (file:///home/runner/work/open-scans/open-scans/node_modules/puppeteer-core/lib/esm/puppeteer/node/BrowserLauncher.js:49:28)
    at async Scraper.of (file:///home/runner/work/open-scans/open-scans/node_modules/@siteimprove/alfa-scraper/dist/scraper.js:29:28)
    at async Module.run (file:///home/runner/work/open-scans/open-scans/node_modules/@siteimprove/alfa-cli/bin/alfa/command/scrape/run.js:94:21)
    at async run (file:///home/runner/work/open-scans/open-scans/node_modules/@siteimprove/alfa-cli/bin/alfa/command/audit/run.js:31:24)",true,668,2,8,44,landmark-complementary-is-top-level;region,,false,0,0,0,0,0,0,,Skipped (not requested),false,0,0,0,0,0,0,,Skipped (not requested),false,0,0,0,0,,Skipped (not requested),0,,Access Denied | NSF - U.S. National Science Foundation
169,NSF.gov —,chromium,both,desktop,1280,800,https://nsf.gov/news/scientists-find-no-direct-link-between-north,https://www.nsf.gov/news/scientists-find-no-direct-link-between-north-atlantic-ocean,403,false,true,8525,false,0,0,0,0,,"Error: Could not find Chrome (ver. 145.0.7632.77). This can occur if either
 1. you did not perform an installation before running the script (e.g. `npx puppeteer browsers install chrome`) or
 2. your cache path is incorrectly configured (which is: /home/runner/.cache/puppeteer).
For (2), check out our guide on configuring puppeteer at https://pptr.dev/guides/configuration.
    at ChromeLauncher.resolveExecutablePath (file:///home/runner/work/open-scans/open-scans/node_modules/puppeteer-core/lib/esm/puppeteer/node/BrowserLauncher.js:298:27)
    at ChromeLauncher.computeLaunchArguments (file:///home/runner/work/open-scans/open-scans/node_modules/puppeteer-core/lib/esm/puppeteer/node/ChromeLauncher.js:86:24)
    at async ChromeLauncher.launch (file:///home/runner/work/open-scans/open-scans/node_modules/puppeteer-core/lib/esm/puppeteer/node/BrowserLauncher.js:49:28)
    at async Scraper.of (file:///home/runner/work/open-scans/open-scans/node_modules/@siteimprove/alfa-scraper/dist/scraper.js:29:28)
    at async Module.run (file:///home/runner/work/open-scans/open-scans/node_modules/@siteimprove/alfa-cli/bin/alfa/command/scrape/run.js:94:21)
    at async run (file:///home/runner/work/open-scans/open-scans/node_modules/@siteimprove/alfa-cli/bin/alfa/command/audit/run.js:31:24)",true,668,2,8,44,landmark-complementary-is-top-level;region,,false,0,0,0,0,0,0,,Skipped (not requested),false,0,0,0,0,0,0,,Skipped (not requested),false,0,0,0,0,,Skipped (not requested),0,,Access Denied | NSF - U.S. National Science Foundation
169,NSF.gov —,chromium,both,desktop,1280,800,https://nsf.gov/news/scientists-find-oldest-known-fossilized-digestive,https://www.nsf.gov/news/scientists-find-oldest-known-fossilized-digestive-tract-550,403,false,true,8375,false,0,0,0,0,,"Error: Could not find Chrome (ver. 145.0.7632.77). This can occur if either
 1. you did not perform an installation before running the script (e.g. `npx puppeteer browsers install chrome`) or
 2. your cache path is incorrectly configured (which is: /home/runner/.cache/puppeteer).
For (2), check out our guide on configuring puppeteer at https://pptr.dev/guides/configuration.
    at ChromeLauncher.resolveExecutablePath (file:///home/runner/work/open-scans/open-scans/node_modules/puppeteer-core/lib/esm/puppeteer/node/BrowserLauncher.js:298:27)
    at ChromeLauncher.computeLaunchArguments (file:///home/runner/work/open-scans/open-scans/node_modules/puppeteer-core/lib/esm/puppeteer/node/ChromeLauncher.js:86:24)
    at async ChromeLauncher.launch (file:///home/runner/work/open-scans/open-scans/node_modules/puppeteer-core/lib/esm/puppeteer/node/BrowserLauncher.js:49:28)
    at async Scraper.of (file:///home/runner/work/open-scans/open-scans/node_modules/@siteimprove/alfa-scraper/dist/scraper.js:29:28)
    at async Module.run (file:///home/runner/work/open-scans/open-scans/node_modules/@siteimprove/alfa-cli/bin/alfa/command/scrape/run.js:94:21)
    at async run (file:///home/runner/work/open-scans/open-scans/node_modules/@siteimprove/alfa-cli/bin/alfa/command/audit/run.js:31:24)",true,668,2,8,44,landmark-complementary-is-top-level;region,,false,0,0,0,0,0,0,,Skipped (not requested),false,0,0,0,0,0,0,,Skipped (not requested),false,0,0,0,0,,Skipped (not requested),0,,Access Denied | NSF - U.S. National Science Foundation
169,NSF.gov —,chromium,both,desktop,1280,800,https://nsf.gov/news/astronomers-find-second-known-earth-trojan,https://www.nsf.gov/news/astronomers-find-second-known-earth-trojan-asteroid,200,true,true,8714,false,0,0,0,0,,"Error: Could not find Chrome (ver. 145.0.7632.77). This can occur if either
 1. you did not perform an installation before running the script (e.g. `npx puppeteer browsers install chrome`) or
 2. your cache path is incorrectly configured (which is: /home/runner/.cache/puppeteer).
For (2), check out our guide on configuring puppeteer at https://pptr.dev/guides/configuration.
    at ChromeLauncher.resolveExecutablePath (file:///home/runner/work/open-scans/open-scans/node_modules/puppeteer-core/lib/esm/puppeteer/node/BrowserLauncher.js:298:27)
    at ChromeLauncher.computeLaunchArguments (file:///home/runner/work/open-scans/open-scans/node_modules/puppeteer-core/lib/esm/puppeteer/node/ChromeLauncher.js:86:24)
    at async ChromeLauncher.launch (file:///home/runner/work/open-scans/open-scans/node_modules/puppeteer-core/lib/esm/puppeteer/node/BrowserLauncher.js:49:28)
    at async Scraper.of (file:///home/runner/work/open-scans/open-scans/node_modules/@siteimprove/alfa-scraper/dist/scraper.js:29:28)
    at async Module.run (file:///home/runner/work/open-scans/open-scans/node_modules/@siteimprove/alfa-cli/bin/alfa/command/scrape/run.js:94:21)
    at async run (file:///home/runner/work/open-scans/open-scans/node_modules/@siteimprove/alfa-cli/bin/alfa/command/audit/run.js:31:24)",true,1796,6,26,86,landmark-complementary-is-top-level;region,,false,0,0,0,0,0,0,,Skipped (not requested),false,0,0,0,0,0,0,,Skipped (not requested),false,0,0,0,0,,Skipped (not requested),0,,Astronomers find second known Earth Trojan asteroid | NSF - U.S. National Science Foundation
169,NSF.gov —,chromium,both,desktop,1280,800,https://nsf.gov/news/astronomers-find-star-system-may-be-rare-black,https://www.nsf.gov/news/astronomers-find-star-system-may-be-rare-black,403,false,true,5163,false,0,0,0,0,,"Error: Could not find Chrome (ver. 145.0.7632.77). This can occur if either
 1. you did not perform an installation before running the script (e.g. `npx puppeteer browsers install chrome`) or
 2. your cache path is incorrectly configured (which is: /home/runner/.cache/puppeteer).
For (2), check out our guide on configuring puppeteer at https://pptr.dev/guides/configuration.
    at ChromeLauncher.resolveExecutablePath (file:///home/runner/work/open-scans/open-scans/node_modules/puppeteer-core/lib/esm/puppeteer/node/BrowserLauncher.js:298:27)
    at ChromeLauncher.computeLaunchArguments (file:///home/runner/work/open-scans/open-scans/node_modules/puppeteer-core/lib/esm/puppeteer/node/ChromeLauncher.js:86:24)
    at async ChromeLauncher.launch (file:///home/runner/work/open-scans/open-scans/node_modules/puppeteer-core/lib/esm/puppeteer/node/BrowserLauncher.js:49:28)
    at async Scraper.of (file:///home/runner/work/open-scans/open-scans/node_modules/@siteimprove/alfa-scraper/dist/scraper.js:29:28)
    at async Module.run (file:///home/runner/work/open-scans/open-scans/node_modules/@siteimprove/alfa-cli/bin/alfa/command/scrape/run.js:94:21)
    at async run (file:///home/runner/work/open-scans/open-scans/node_modules/@siteimprove/alfa-cli/bin/alfa/command/audit/run.js:31:24)",true,36,0,0,67,,,false,0,0,0,0,0,0,,Skipped (not requested),false,0,0,0,0,0,0,,Skipped (not requested),false,0,0,0,0,,Skipped (not requested),0,,Request blocked | NSF - U.S. National Science Foundation
169,NSF.gov —,chromium,both,desktop,1280,800,https://nsf.gov/news/citizen-astronomers-find-young-jupiter-object,https://www.nsf.gov/news/citizen-astronomers-find-young-jupiter-object,403,false,true,5177,false,0,0,0,0,,"Error: Could not find Chrome (ver. 145.0.7632.77). This can occur if either
 1. you did not perform an installation before running the script (e.g. `npx puppeteer browsers install chrome`) or
 2. your cache path is incorrectly configured (which is: /home/runner/.cache/puppeteer).
For (2), check out our guide on configuring puppeteer at https://pptr.dev/guides/configuration.
    at ChromeLauncher.resolveExecutablePath (file:///home/runner/work/open-scans/open-scans/node_modules/puppeteer-core/lib/esm/puppeteer/node/BrowserLauncher.js:298:27)
    at ChromeLauncher.computeLaunchArguments (file:///home/runner/work/open-scans/open-scans/node_modules/puppeteer-core/lib/esm/puppeteer/node/ChromeLauncher.js:86:24)
    at async ChromeLauncher.launch (file:///home/runner/work/open-scans/open-scans/node_modules/puppeteer-core/lib/esm/puppeteer/node/BrowserLauncher.js:49:28)
    at async Scraper.of (file:///home/runner/work/open-scans/open-scans/node_modules/@siteimprove/alfa-scraper/dist/scraper.js:29:28)
    at async Module.run (file:///home/runner/work/open-scans/open-scans/node_modules/@siteimprove/alfa-cli/bin/alfa/command/scrape/run.js:94:21)
    at async run (file:///home/runner/work/open-scans/open-scans/node_modules/@siteimprove/alfa-cli/bin/alfa/command/audit/run.js:31:24)",true,36,0,0,67,,,false,0,0,0,0,0,0,,Skipped (not requested),false,0,0,0,0,0,0,,Skipped (not requested),false,0,0,0,0,,Skipped (not requested),0,,Request blocked | NSF - U.S. National Science Foundation
169,NSF.gov —,chromium,both,desktop,1280,800,https://nsf.gov/news/find-out-how-invading-predators-change-ecosystem,https://www.nsf.gov/news/find-out-how-invading-predators-change-ecosystem,403,false,true,5301,false,0,0,0,0,,"Error: Could not find Chrome (ver. 145.0.7632.77). This can occur if either
 1. you did not perform an installation before running the script (e.g. `npx puppeteer browsers install chrome`) or
 2. your cache path is incorrectly configured (which is: /home/runner/.cache/puppeteer).
For (2), check out our guide on configuring puppeteer at https://pptr.dev/guides/configuration.
    at ChromeLauncher.resolveExecutablePath (file:///home/runner/work/open-scans/open-scans/node_modules/puppeteer-core/lib/esm/puppeteer/node/BrowserLauncher.js:298:27)
    at ChromeLauncher.computeLaunchArguments (file:///home/runner/work/open-scans/open-scans/node_modules/puppeteer-core/lib/esm/puppeteer/node/ChromeLauncher.js:86:24)
    at async ChromeLauncher.launch (file:///home/runner/work/open-scans/open-scans/node_modules/puppeteer-core/lib/esm/puppeteer/node/BrowserLauncher.js:49:28)
    at async Scraper.of (file:///home/runner/work/open-scans/open-scans/node_modules/@siteimprove/alfa-scraper/dist/scraper.js:29:28)
    at async Module.run (file:///home/runner/work/open-scans/open-scans/node_modules/@siteimprove/alfa-cli/bin/alfa/command/scrape/run.js:94:21)
    at async run (file:///home/runner/work/open-scans/open-scans/node_modules/@siteimprove/alfa-cli/bin/alfa/command/audit/run.js:31:24)",true,36,0,0,67,,,false,0,0,0,0,0,0,,Skipped (not requested),false,0,0,0,0,0,0,,Skipped (not requested),false,0,0,0,0,,Skipped (not requested),0,,Request blocked | NSF - U.S. National Science Foundation
169,NSF.gov —,chromium,both,desktop,1280,800,https://nsf.gov/news/finding-achilles-heel-killer-parasite,https://www.nsf.gov/news/finding-achilles-heel-killer-parasite,403,false,true,5159,false,0,0,0,0,,"Error: Could not find Chrome (ver. 145.0.7632.77). This can occur if either
 1. you did not perform an installation before running the script (e.g. `npx puppeteer browsers install chrome`) or
 2. your cache path is incorrectly configured (which is: /home/runner/.cache/puppeteer).
For (2), check out our guide on configuring puppeteer at https://pptr.dev/guides/configuration.
    at ChromeLauncher.resolveExecutablePath (file:///home/runner/work/open-scans/open-scans/node_modules/puppeteer-core/lib/esm/puppeteer/node/BrowserLauncher.js:298:27)
    at ChromeLauncher.computeLaunchArguments (file:///home/runner/work/open-scans/open-scans/node_modules/puppeteer-core/lib/esm/puppeteer/node/ChromeLauncher.js:86:24)
    at async ChromeLauncher.launch (file:///home/runner/work/open-scans/open-scans/node_modules/puppeteer-core/lib/esm/puppeteer/node/BrowserLauncher.js:49:28)
    at async Scraper.of (file:///home/runner/work/open-scans/open-scans/node_modules/@siteimprove/alfa-scraper/dist/scraper.js:29:28)
    at async Module.run (file:///home/runner/work/open-scans/open-scans/node_modules/@siteimprove/alfa-cli/bin/alfa/command/scrape/run.js:94:21)
    at async run (file:///home/runner/work/open-scans/open-scans/node_modules/@siteimprove/alfa-cli/bin/alfa/command/audit/run.js:31:24)",true,36,0,0,67,,,false,0,0,0,0,0,0,,Skipped (not requested),false,0,0,0,0,0,0,,Skipped (not requested),false,0,0,0,0,,Skipped (not requested),0,,Request blocked | NSF - U.S. National Science Foundation
169,NSF.gov —,chromium,both,desktop,1280,800,https://nsf.gov/news/finding-critical-minerals-scoops-sand,https://www.nsf.gov/news/finding-critical-minerals-scoops-sand,200,true,true,10044,false,0,0,0,0,,"Error: Could not find Chrome (ver. 145.0.7632.77). This can occur if either
 1. you did not perform an installation before running the script (e.g. `npx puppeteer browsers install chrome`) or
 2. your cache path is incorrectly configured (which is: /home/runner/.cache/puppeteer).
For (2), check out our guide on configuring puppeteer at https://pptr.dev/guides/configuration.
    at ChromeLauncher.resolveExecutablePath (file:///home/runner/work/open-scans/open-scans/node_modules/puppeteer-core/lib/esm/puppeteer/node/BrowserLauncher.js:298:27)
    at ChromeLauncher.computeLaunchArguments (file:///home/runner/work/open-scans/open-scans/node_modules/puppeteer-core/lib/esm/puppeteer/node/ChromeLauncher.js:86:24)
    at async ChromeLauncher.launch (file:///home/runner/work/open-scans/open-scans/node_modules/puppeteer-core/lib/esm/puppeteer/node/BrowserLauncher.js:49:28)
    at async Scraper.of (file:///home/runner/work/open-scans/open-scans/node_modules/@siteimprove/alfa-scraper/dist/scraper.js:29:28)
    at async Module.run (file:///home/runner/work/open-scans/open-scans/node_modules/@siteimprove/alfa-cli/bin/alfa/command/scrape/run.js:94:21)
    at async run (file:///home/runner/work/open-scans/open-scans/node_modules/@siteimprove/alfa-cli/bin/alfa/command/audit/run.js:31:24)",true,1740,6,26,86,landmark-complementary-is-top-level;region,,false,0,0,0,0,0,0,,Skipped (not requested),false,0,0,0,0,0,0,,Skipped (not requested),false,0,0,0,0,,Skipped (not requested),0,,Finding critical minerals from scoops of sand | NSF - U.S. National Science Foundation
169,NSF.gov —,chromium,both,desktop,1280,800,https://nsf.gov/news/finding-first-horse-whisperers,https://www.nsf.gov/news/finding-first-horse-whisperers,403,false,true,8475,false,0,0,0,0,,"Error: Could not find Chrome (ver. 145.0.7632.77). This can occur if either
 1. you did not perform an installation before running the script (e.g. `npx puppeteer browsers install chrome`) or
 2. your cache path is incorrectly configured (which is: /home/runner/.cache/puppeteer).
For (2), check out our guide on configuring puppeteer at https://pptr.dev/guides/configuration.
    at ChromeLauncher.resolveExecutablePath (file:///home/runner/work/open-scans/open-scans/node_modules/puppeteer-core/lib/esm/puppeteer/node/BrowserLauncher.js:298:27)
    at ChromeLauncher.computeLaunchArguments (file:///home/runner/work/open-scans/open-scans/node_modules/puppeteer-core/lib/esm/puppeteer/node/ChromeLauncher.js:86:24)
    at async ChromeLauncher.launch (file:///home/runner/work/open-scans/open-scans/node_modules/puppeteer-core/lib/esm/puppeteer/node/BrowserLauncher.js:49:28)
    at async Scraper.of (file:///home/runner/work/open-scans/open-scans/node_modules/@siteimprove/alfa-scraper/dist/scraper.js:29:28)
    at async Module.run (file:///home/runner/work/open-scans/open-scans/node_modules/@siteimprove/alfa-cli/bin/alfa/command/scrape/run.js:94:21)
    at async run (file:///home/runner/work/open-scans/open-scans/node_modules/@siteimprove/alfa-cli/bin/alfa/command/audit/run.js:31:24)",true,668,2,8,44,landmark-complementary-is-top-level;region,,false,0,0,0,0,0,0,,Skipped (not requested),false,0,0,0,0,0,0,,Skipped (not requested),false,0,0,0,0,,Skipped (not requested),0,,Access Denied | NSF - U.S. National Science Foundation
169,NSF.gov —,chromium,both,desktop,1280,800,https://nsf.gov/news/finding-formula-zzzzzzzs,https://www.nsf.gov/news/finding-formula-zzzzzzzs,403,false,true,8499,false,0,0,0,0,,"Error: Could not find Chrome (ver. 145.0.7632.77). This can occur if either
 1. you did not perform an installation before running the script (e.g. `npx puppeteer browsers install chrome`) or
 2. your cache path is incorrectly configured (which is: /home/runner/.cache/puppeteer).
For (2), check out our guide on configuring puppeteer at https://pptr.dev/guides/configuration.
    at ChromeLauncher.resolveExecutablePath (file:///home/runner/work/open-scans/open-scans/node_modules/puppeteer-core/lib/esm/puppeteer/node/BrowserLauncher.js:298:27)
    at ChromeLauncher.computeLaunchArguments (file:///home/runner/work/open-scans/open-scans/node_modules/puppeteer-core/lib/esm/puppeteer/node/ChromeLauncher.js:86:24)
    at async ChromeLauncher.launch (file:///home/runner/work/open-scans/open-scans/node_modules/puppeteer-core/lib/esm/puppeteer/node/BrowserLauncher.js:49:28)
    at async Scraper.of (file:///home/runner/work/open-scans/open-scans/node_modules/@siteimprove/alfa-scraper/dist/scraper.js:29:28)
    at async Module.run (file:///home/runner/work/open-scans/open-scans/node_modules/@siteimprove/alfa-cli/bin/alfa/command/scrape/run.js:94:21)
    at async run (file:///home/runner/work/open-scans/open-scans/node_modules/@siteimprove/alfa-cli/bin/alfa/command/audit/run.js:31:24)",true,668,2,8,44,landmark-complementary-is-top-level;region,,false,0,0,0,0,0,0,,Skipped (not requested),false,0,0,0,0,0,0,,Skipped (not requested),false,0,0,0,0,,Skipped (not requested),0,,Access Denied | NSF - U.S. National Science Foundation
169,NSF.gov —,chromium,both,desktop,1280,800,https://nsf.gov/news/hunt-fossils-finds-warning-warming-earth,https://www.nsf.gov/news/hunt-fossils-finds-warning-warming-earth,403,false,true,8213,false,0,0,0,0,,"Error: Could not find Chrome (ver. 145.0.7632.77). This can occur if either
 1. you did not perform an installation before running the script (e.g. `npx puppeteer browsers install chrome`) or
 2. your cache path is incorrectly configured (which is: /home/runner/.cache/puppeteer).
For (2), check out our guide on configuring puppeteer at https://pptr.dev/guides/configuration.
    at ChromeLauncher.resolveExecutablePath (file:///home/runner/work/open-scans/open-scans/node_modules/puppeteer-core/lib/esm/puppeteer/node/BrowserLauncher.js:298:27)
    at ChromeLauncher.computeLaunchArguments (file:///home/runner/work/open-scans/open-scans/node_modules/puppeteer-core/lib/esm/puppeteer/node/ChromeLauncher.js:86:24)
    at async ChromeLauncher.launch (file:///home/runner/work/open-scans/open-scans/node_modules/puppeteer-core/lib/esm/puppeteer/node/BrowserLauncher.js:49:28)
    at async Scraper.of (file:///home/runner/work/open-scans/open-scans/node_modules/@siteimprove/alfa-scraper/dist/scraper.js:29:28)
    at async Module.run (file:///home/runner/work/open-scans/open-scans/node_modules/@siteimprove/alfa-cli/bin/alfa/command/scrape/run.js:94:21)
    at async run (file:///home/runner/work/open-scans/open-scans/node_modules/@siteimprove/alfa-cli/bin/alfa/command/audit/run.js:31:24)",true,668,2,8,44,landmark-complementary-is-top-level;region,,false,0,0,0,0,0,0,,Skipped (not requested),false,0,0,0,0,0,0,,Skipped (not requested),false,0,0,0,0,,Skipped (not requested),0,,Access Denied | NSF - U.S. National Science Foundation
169,NSF.gov —,chromium,both,desktop,1280,800,https://nsf.gov/news/lakes-marginalized-communities-sampled-less-study-finds,https://www.nsf.gov/news/lakes-marginalized-communities-sampled-less-study-finds,200,true,true,8610,false,0,0,0,0,,"Error: Could not find Chrome (ver. 145.0.7632.77). This can occur if either
 1. you did not perform an installation before running the script (e.g. `npx puppeteer browsers install chrome`) or
 2. your cache path is incorrectly configured (which is: /home/runner/.cache/puppeteer).
For (2), check out our guide on configuring puppeteer at https://pptr.dev/guides/configuration.
    at ChromeLauncher.resolveExecutablePath (file:///home/runner/work/open-scans/open-scans/node_modules/puppeteer-core/lib/esm/puppeteer/node/BrowserLauncher.js:298:27)
    at ChromeLauncher.computeLaunchArguments (file:///home/runner/work/open-scans/open-scans/node_modules/puppeteer-core/lib/esm/puppeteer/node/ChromeLauncher.js:86:24)
    at async ChromeLauncher.launch (file:///home/runner/work/open-scans/open-scans/node_modules/puppeteer-core/lib/esm/puppeteer/node/BrowserLauncher.js:49:28)
    at async Scraper.of (file:///home/runner/work/open-scans/open-scans/node_modules/@siteimprove/alfa-scraper/dist/scraper.js:29:28)
    at async Module.run (file:///home/runner/work/open-scans/open-scans/node_modules/@siteimprove/alfa-cli/bin/alfa/command/scrape/run.js:94:21)
    at async run (file:///home/runner/work/open-scans/open-scans/node_modules/@siteimprove/alfa-cli/bin/alfa/command/audit/run.js:31:24)",true,1708,6,26,86,landmark-complementary-is-top-level;region,,false,0,0,0,0,0,0,,Skipped (not requested),false,0,0,0,0,0,0,,Skipped (not requested),false,0,0,0,0,,Skipped (not requested),0,,"Lakes in marginalized communities sampled less, study finds | NSF - U.S. National Science Foundation"
169,NSF.gov —,chromium,both,desktop,1280,800,https://nsf.gov/news/lemurs-rely-scent-when-it-comes-finding-mate,https://www.nsf.gov/news/lemurs-rely-scent-when-it-comes-finding-mate,403,false,true,8394,false,0,0,0,0,,"Error: Could not find Chrome (ver. 145.0.7632.77). This can occur if either
 1. you did not perform an installation before running the script (e.g. `npx puppeteer browsers install chrome`) or
 2. your cache path is incorrectly configured (which is: /home/runner/.cache/puppeteer).
For (2), check out our guide on configuring puppeteer at https://pptr.dev/guides/configuration.
    at ChromeLauncher.resolveExecutablePath (file:///home/runner/work/open-scans/open-scans/node_modules/puppeteer-core/lib/esm/puppeteer/node/BrowserLauncher.js:298:27)
    at ChromeLauncher.computeLaunchArguments (file:///home/runner/work/open-scans/open-scans/node_modules/puppeteer-core/lib/esm/puppeteer/node/ChromeLauncher.js:86:24)
    at async ChromeLauncher.launch (file:///home/runner/work/open-scans/open-scans/node_modules/puppeteer-core/lib/esm/puppeteer/node/BrowserLauncher.js:49:28)
    at async Scraper.of (file:///home/runner/work/open-scans/open-scans/node_modules/@siteimprove/alfa-scraper/dist/scraper.js:29:28)
    at async Module.run (file:///home/runner/work/open-scans/open-scans/node_modules/@siteimprove/alfa-cli/bin/alfa/command/scrape/run.js:94:21)
    at async run (file:///home/runner/work/open-scans/open-scans/node_modules/@siteimprove/alfa-cli/bin/alfa/command/audit/run.js:31:24)",true,668,2,8,44,landmark-complementary-is-top-level;region,,false,0,0,0,0,0,0,,Skipped (not requested),false,0,0,0,0,0,0,,Skipped (not requested),false,0,0,0,0,,Skipped (not requested),0,,Access Denied | NSF - U.S. National Science Foundation
169,NSF.gov —,chromium,both,desktop,1280,800,https://nsf.gov/news/light-scattering-tool-peers-pancreas-find-cancer,https://www.nsf.gov/news/light-scattering-tool-peers-pancreas-find-cancer,403,false,true,8216,false,0,0,0,0,,"Error: Could not find Chrome (ver. 145.0.7632.77). This can occur if either
 1. you did not perform an installation before running the script (e.g. `npx puppeteer browsers install chrome`) or
 2. your cache path is incorrectly configured (which is: /home/runner/.cache/puppeteer).
For (2), check out our guide on configuring puppeteer at https://pptr.dev/guides/configuration.
    at ChromeLauncher.resolveExecutablePath (file:///home/runner/work/open-scans/open-scans/node_modules/puppeteer-core/lib/esm/puppeteer/node/BrowserLauncher.js:298:27)
    at ChromeLauncher.computeLaunchArguments (file:///home/runner/work/open-scans/open-scans/node_modules/puppeteer-core/lib/esm/puppeteer/node/ChromeLauncher.js:86:24)
    at async ChromeLauncher.launch (file:///home/runner/work/open-scans/open-scans/node_modules/puppeteer-core/lib/esm/puppeteer/node/BrowserLauncher.js:49:28)
    at async Scraper.of (file:///home/runner/work/open-scans/open-scans/node_modules/@siteimprove/alfa-scraper/dist/scraper.js:29:28)
    at async Module.run (file:///home/runner/work/open-scans/open-scans/node_modules/@siteimprove/alfa-cli/bin/alfa/command/scrape/run.js:94:21)
    at async run (file:///home/runner/work/open-scans/open-scans/node_modules/@siteimprove/alfa-cli/bin/alfa/command/audit/run.js:31:24)",true,668,2,8,44,landmark-complementary-is-top-level;region,,false,0,0,0,0,0,0,,Skipped (not requested),false,0,0,0,0,0,0,,Skipped (not requested),false,0,0,0,0,,Skipped (not requested),0,,Access Denied | NSF - U.S. National Science Foundation
169,NSF.gov —,chromium,both,desktop,1280,800,https://nsf.gov/news/machine-learning-approach-finding-treatment,https://www.nsf.gov/news/machine-learning-approach-finding-treatment-options-covid-19,403,false,true,8675,false,0,0,0,0,,"Error: Could not find Chrome (ver. 145.0.7632.77). This can occur if either
 1. you did not perform an installation before running the script (e.g. `npx puppeteer browsers install chrome`) or
 2. your cache path is incorrectly configured (which is: /home/runner/.cache/puppeteer).
For (2), check out our guide on configuring puppeteer at https://pptr.dev/guides/configuration.
    at ChromeLauncher.resolveExecutablePath (file:///home/runner/work/open-scans/open-scans/node_modules/puppeteer-core/lib/esm/puppeteer/node/BrowserLauncher.js:298:27)
    at ChromeLauncher.computeLaunchArguments (file:///home/runner/work/open-scans/open-scans/node_modules/puppeteer-core/lib/esm/puppeteer/node/ChromeLauncher.js:86:24)
    at async ChromeLauncher.launch (file:///home/runner/work/open-scans/open-scans/node_modules/puppeteer-core/lib/esm/puppeteer/node/BrowserLauncher.js:49:28)
    at async Scraper.of (file:///home/runner/work/open-scans/open-scans/node_modules/@siteimprove/alfa-scraper/dist/scraper.js:29:28)
    at async Module.run (file:///home/runner/work/open-scans/open-scans/node_modules/@siteimprove/alfa-cli/bin/alfa/command/scrape/run.js:94:21)
    at async run (file:///home/runner/work/open-scans/open-scans/node_modules/@siteimprove/alfa-cli/bin/alfa/command/audit/run.js:31:24)",true,668,2,8,44,landmark-complementary-is-top-level;region,,false,0,0,0,0,0,0,,Skipped (not requested),false,0,0,0,0,0,0,,Skipped (not requested),false,0,0,0,0,,Skipped (not requested),0,,Access Denied | NSF - U.S. National Science Foundation
169,NSF.gov —,chromium,both,desktop,1280,800,https://nsf.gov/news/new-findings-reveal-how-microbiome-disrupted,https://www.nsf.gov/news/new-findings-reveal-how-microbiome-disrupted-during-disease,403,false,true,8620,false,0,0,0,0,,"Error: Could not find Chrome (ver. 145.0.7632.77). This can occur if either
 1. you did not perform an installation before running the script (e.g. `npx puppeteer browsers install chrome`) or
 2. your cache path is incorrectly configured (which is: /home/runner/.cache/puppeteer).
For (2), check out our guide on configuring puppeteer at https://pptr.dev/guides/configuration.
    at ChromeLauncher.resolveExecutablePath (file:///home/runner/work/open-scans/open-scans/node_modules/puppeteer-core/lib/esm/puppeteer/node/BrowserLauncher.js:298:27)
    at ChromeLauncher.computeLaunchArguments (file:///home/runner/work/open-scans/open-scans/node_modules/puppeteer-core/lib/esm/puppeteer/node/ChromeLauncher.js:86:24)
    at async ChromeLauncher.launch (file:///home/runner/work/open-scans/open-scans/node_modules/puppeteer-core/lib/esm/puppeteer/node/BrowserLauncher.js:49:28)
    at async Scraper.of (file:///home/runner/work/open-scans/open-scans/node_modules/@siteimprove/alfa-scraper/dist/scraper.js:29:28)
    at async Module.run (file:///home/runner/work/open-scans/open-scans/node_modules/@siteimprove/alfa-cli/bin/alfa/command/scrape/run.js:94:21)
    at async run (file:///home/runner/work/open-scans/open-scans/node_modules/@siteimprove/alfa-cli/bin/alfa/command/audit/run.js:31:24)",true,668,2,8,44,landmark-complementary-is-top-level;region,,false,0,0,0,0,0,0,,Skipped (not requested),false,0,0,0,0,0,0,,Skipped (not requested),false,0,0,0,0,,Skipped (not requested),0,,Access Denied | NSF - U.S. National Science Foundation
169,NSF.gov —,chromium,both,desktop,1280,800,https://nsf.gov/news/new-molecular-computers-find-right-cells,https://www.nsf.gov/news/new-molecular-computers-find-right-cells,403,false,true,8278,false,0,0,0,0,,"Error: Could not find Chrome (ver. 145.0.7632.77). This can occur if either
 1. you did not perform an installation before running the script (e.g. `npx puppeteer browsers install chrome`) or
 2. your cache path is incorrectly configured (which is: /home/runner/.cache/puppeteer).
For (2), check out our guide on configuring puppeteer at https://pptr.dev/guides/configuration.
    at ChromeLauncher.resolveExecutablePath (file:///home/runner/work/open-scans/open-scans/node_modules/puppeteer-core/lib/esm/puppeteer/node/BrowserLauncher.js:298:27)
    at ChromeLauncher.computeLaunchArguments (file:///home/runner/work/open-scans/open-scans/node_modules/puppeteer-core/lib/esm/puppeteer/node/ChromeLauncher.js:86:24)
    at async ChromeLauncher.launch (file:///home/runner/work/open-scans/open-scans/node_modules/puppeteer-core/lib/esm/puppeteer/node/BrowserLauncher.js:49:28)
    at async Scraper.of (file:///home/runner/work/open-scans/open-scans/node_modules/@siteimprove/alfa-scraper/dist/scraper.js:29:28)
    at async Module.run (file:///home/runner/work/open-scans/open-scans/node_modules/@siteimprove/alfa-cli/bin/alfa/command/scrape/run.js:94:21)
    at async run (file:///home/runner/work/open-scans/open-scans/node_modules/@siteimprove/alfa-cli/bin/alfa/command/audit/run.js:31:24)",true,668,2,8,44,landmark-complementary-is-top-level;region,,false,0,0,0,0,0,0,,Skipped (not requested),false,0,0,0,0,0,0,,Skipped (not requested),false,0,0,0,0,,Skipped (not requested),0,,Access Denied | NSF - U.S. National Science Foundation
169,NSF.gov —,chromium,both,desktop,1280,800,https://nsf.gov/news/researchers-find-new-minor-planets-beyond-neptune,https://www.nsf.gov/news/researchers-find-new-minor-planets-beyond-neptune,403,false,true,7678,false,0,0,0,0,,"Error: Could not find Chrome (ver. 145.0.7632.77). This can occur if either
 1. you did not perform an installation before running the script (e.g. `npx puppeteer browsers install chrome`) or
 2. your cache path is incorrectly configured (which is: /home/runner/.cache/puppeteer).
For (2), check out our guide on configuring puppeteer at https://pptr.dev/guides/configuration.
    at ChromeLauncher.resolveExecutablePath (file:///home/runner/work/open-scans/open-scans/node_modules/puppeteer-core/lib/esm/puppeteer/node/BrowserLauncher.js:298:27)
    at ChromeLauncher.computeLaunchArguments (file:///home/runner/work/open-scans/open-scans/node_modules/puppeteer-core/lib/esm/puppeteer/node/ChromeLauncher.js:86:24)
    at async ChromeLauncher.launch (file:///home/runner/work/open-scans/open-scans/node_modules/puppeteer-core/lib/esm/puppeteer/node/BrowserLauncher.js:49:28)
    at async Scraper.of (file:///home/runner/work/open-scans/open-scans/node_modules/@siteimprove/alfa-scraper/dist/scraper.js:29:28)
    at async Module.run (file:///home/runner/work/open-scans/open-scans/node_modules/@siteimprove/alfa-cli/bin/alfa/command/scrape/run.js:94:21)
    at async run (file:///home/runner/work/open-scans/open-scans/node_modules/@siteimprove/alfa-cli/bin/alfa/command/audit/run.js:31:24)",true,668,2,8,44,landmark-complementary-is-top-level;region,,false,0,0,0,0,0,0,,Skipped (not requested),false,0,0,0,0,0,0,,Skipped (not requested),false,0,0,0,0,,Skipped (not requested),0,,Access Denied | NSF - U.S. National Science Foundation
