issue_number,scan_title,submitted_url,final_url,http_status,fetch_ok,redirected,elapsed_ms,alfa_executed,alfa_passed,alfa_failed,alfa_cant_tell,alfa_inapplicable,alfa_failed_rules,alfa_error,axe_executed,axe_passed,axe_failed,axe_cant_tell,axe_inapplicable,axe_failed_rules,axe_error,equal_access_executed,equal_access_passed,equal_access_failed,equal_access_failed_unique,equal_access_failed_duplicates,equal_access_cant_tell,equal_access_inapplicable,equal_access_failed_rules,equal_access_error,accesslint_executed,accesslint_passed,accesslint_failed,accesslint_failed_unique,accesslint_failed_duplicates,accesslint_cant_tell,accesslint_inapplicable,accesslint_failed_rules,accesslint_error,qualweb_executed,qualweb_passed,qualweb_failed,qualweb_cant_tell,qualweb_inapplicable,qualweb_failed_rules,qualweb_error,duplicate_findings,fetch_error,page_title
58,GOV.UK,https://gov.uk/service-manual/helping-people-to-use-your-service/getting-an-accessibility-audit,https://www.gov.uk/service-manual/helping-people-to-use-your-service/getting-an-accessibility-audit,200,true,true,8896,false,0,0,0,0,,Skipped (not requested),true,846,2,0,45,region,,false,0,0,0,0,0,0,,Skipped (not requested),false,0,0,0,0,0,0,,"page.addScriptTag: Executing inline script violates the following Content Security Policy directive 'script-src 'self' www.google-analytics.com ssl.google-analytics.com stats.g.doubleclick.net www.googletagmanager.com www.region1.google-analytics.com region1.google-analytics.com www.google.co.uk analytics.google.com *.analytics.google.com www.google.com www.gstatic.com *.ytimg.com www.youtube.com www.youtube-nocookie.com 'nonce-GY61ylMdLi0FN0MWODET8A==''. Either the 'unsafe-inline' keyword, a hash ('sha256-iLB/qGn2fKTfTYFKNKTMDW4mWOq+TwpFIWKi5guSmvk='), or a nonce ('nonce-...') is required to enable inline execution. The action has been blocked.",false,0,0,0,0,,Skipped (not requested),0,,Getting an accessibility audit - Service Manual - GOV.UK
58,GOV.UK,https://gov.uk/service-manual/helping-people-to-use-your-service/testing-for-accessibility,https://www.gov.uk/service-manual/helping-people-to-use-your-service/testing-for-accessibility,200,true,true,8401,false,0,0,0,0,,Skipped (not requested),true,843,2,0,45,region,,false,0,0,0,0,0,0,,Skipped (not requested),false,0,0,0,0,0,0,,"page.addScriptTag: Executing inline script violates the following Content Security Policy directive 'script-src 'self' www.google-analytics.com ssl.google-analytics.com stats.g.doubleclick.net www.googletagmanager.com www.region1.google-analytics.com region1.google-analytics.com www.google.co.uk analytics.google.com *.analytics.google.com www.google.com www.gstatic.com *.ytimg.com www.youtube.com www.youtube-nocookie.com 'nonce-9l/B4Bh3CHvTF8cQQBeSZw==''. Either the 'unsafe-inline' keyword, a hash ('sha256-iLB/qGn2fKTfTYFKNKTMDW4mWOq+TwpFIWKi5guSmvk='), or a nonce ('nonce-...') is required to enable inline execution. The action has been blocked.",false,0,0,0,0,,Skipped (not requested),0,,Testing for accessibility - Service Manual - GOV.UK
58,GOV.UK,https://gov.uk/find-hmrc-contacts/online-debit-and-credit-card-payment-support,https://www.gov.uk/find-hmrc-contacts/online-debit-and-credit-card-payment-support,200,true,true,8216,false,0,0,0,0,,Skipped (not requested),true,574,2,0,45,region,,false,0,0,0,0,0,0,,Skipped (not requested),false,0,0,0,0,0,0,,"page.addScriptTag: Executing inline script violates the following Content Security Policy directive 'script-src 'self' www.google-analytics.com ssl.google-analytics.com stats.g.doubleclick.net www.googletagmanager.com www.region1.google-analytics.com region1.google-analytics.com www.google.co.uk analytics.google.com *.analytics.google.com www.google.com www.gstatic.com *.ytimg.com www.youtube.com www.youtube-nocookie.com 'nonce-Fp3mRQCVBKVqcB/fz8RpSA==''. Either the 'unsafe-inline' keyword, a hash ('sha256-iLB/qGn2fKTfTYFKNKTMDW4mWOq+TwpFIWKi5guSmvk='), or a nonce ('nonce-...') is required to enable inline execution. The action has been blocked.",false,0,0,0,0,,Skipped (not requested),0,,Online debit and credit card payment support - GOV.UK
58,GOV.UK,https://gov.uk/find-hmrc-contacts/technical-support-with-vat-online-services,https://www.gov.uk/find-hmrc-contacts/technical-support-with-vat-online-services,200,true,true,8147,false,0,0,0,0,,Skipped (not requested),true,648,2,0,45,region,,false,0,0,0,0,0,0,,Skipped (not requested),false,0,0,0,0,0,0,,"page.addScriptTag: Executing inline script violates the following Content Security Policy directive 'script-src 'self' www.google-analytics.com ssl.google-analytics.com stats.g.doubleclick.net www.googletagmanager.com www.region1.google-analytics.com region1.google-analytics.com www.google.co.uk analytics.google.com *.analytics.google.com www.google.com www.gstatic.com *.ytimg.com www.youtube.com www.youtube-nocookie.com 'nonce-TG6d3SbJq3KJwYrlhrDvFA==''. Either the 'unsafe-inline' keyword, a hash ('sha256-iLB/qGn2fKTfTYFKNKTMDW4mWOq+TwpFIWKi5guSmvk='), or a nonce ('nonce-...') is required to enable inline execution. The action has been blocked.",false,0,0,0,0,,Skipped (not requested),0,,Technical support with VAT online services - GOV.UK
58,GOV.UK,https://gov.uk/find-licences/domiciliary-support-service-registration-wales,https://www.gov.uk/find-licences/domiciliary-support-service-registration-wales,200,true,true,8157,false,0,0,0,0,,Skipped (not requested),true,505,2,0,47,region,,false,0,0,0,0,0,0,,Skipped (not requested),false,0,0,0,0,0,0,,"page.addScriptTag: Executing inline script violates the following Content Security Policy directive 'script-src 'self' www.google-analytics.com ssl.google-analytics.com stats.g.doubleclick.net www.googletagmanager.com www.region1.google-analytics.com region1.google-analytics.com www.google.co.uk analytics.google.com *.analytics.google.com www.google.com www.gstatic.com *.ytimg.com www.youtube.com www.youtube-nocookie.com 'nonce-VYw3aiEGi1T3IHhraZx1TA==''. Either the 'unsafe-inline' keyword, a hash ('sha256-iLB/qGn2fKTfTYFKNKTMDW4mWOq+TwpFIWKi5guSmvk='), or a nonce ('nonce-...') is required to enable inline execution. The action has been blocked.",false,0,0,0,0,,Skipped (not requested),0,,Domiciliary support service registration (Wales) - GOV.UK
58,GOV.UK,https://gov.uk/find-licences/support-services-providing-day-care-to-adults-registration-scotland,https://www.gov.uk/find-licences/support-services-providing-day-care-to-adults-registration-scotland,200,true,true,8175,false,0,0,0,0,,Skipped (not requested),true,604,2,0,47,region,,false,0,0,0,0,0,0,,Skipped (not requested),false,0,0,0,0,0,0,,"page.addScriptTag: Executing inline script violates the following Content Security Policy directive 'script-src 'self' www.google-analytics.com ssl.google-analytics.com stats.g.doubleclick.net www.googletagmanager.com www.region1.google-analytics.com region1.google-analytics.com www.google.co.uk analytics.google.com *.analytics.google.com www.google.com www.gstatic.com *.ytimg.com www.youtube.com www.youtube-nocookie.com 'nonce-uapD03pqCCHedOtlp4SG2w==''. Either the 'unsafe-inline' keyword, a hash ('sha256-iLB/qGn2fKTfTYFKNKTMDW4mWOq+TwpFIWKi5guSmvk='), or a nonce ('nonce-...') is required to enable inline execution. The action has been blocked.",false,0,0,0,0,,Skipped (not requested),0,,Support services providing day care to adults registration (Scotland) - GOV.UK
58,GOV.UK,https://gov.uk/government/news/help-find-new-ways-to-ease-global-disruption-apply-for-funding,https://www.gov.uk/government/news/help-find-new-ways-to-ease-global-disruption-apply-for-funding,200,true,true,8445,false,0,0,0,0,,Skipped (not requested),true,654,2,0,43,region,,false,0,0,0,0,0,0,,Skipped (not requested),false,0,0,0,0,0,0,,"page.addScriptTag: Executing inline script violates the following Content Security Policy directive 'script-src 'self' www.google-analytics.com ssl.google-analytics.com stats.g.doubleclick.net www.googletagmanager.com www.region1.google-analytics.com region1.google-analytics.com www.google.co.uk analytics.google.com *.analytics.google.com www.google.com www.gstatic.com *.ytimg.com www.youtube.com www.youtube-nocookie.com 'nonce-517Qm1jx9OYGbhsUCKertw==''. Either the 'unsafe-inline' keyword, a hash ('sha256-iLB/qGn2fKTfTYFKNKTMDW4mWOq+TwpFIWKi5guSmvk='), or a nonce ('nonce-...') is required to enable inline execution. The action has been blocked.",false,0,0,0,0,,Skipped (not requested),0,,Help find new ways to ease global disruption: apply for funding - GOV.UK
58,GOV.UK,https://gov.uk/government/news/new-find-a-job-service-to-support-thousands-of-jobseekers-into-work,https://www.gov.uk/government/news/new-find-a-job-service-to-support-thousands-of-jobseekers-into-work,200,true,true,8523,false,0,0,0,0,,Skipped (not requested),true,612,2,0,43,region,,false,0,0,0,0,0,0,,Skipped (not requested),false,0,0,0,0,0,0,,"page.addScriptTag: Executing inline script violates the following Content Security Policy directive 'script-src 'self' www.google-analytics.com ssl.google-analytics.com stats.g.doubleclick.net www.googletagmanager.com www.region1.google-analytics.com region1.google-analytics.com www.google.co.uk analytics.google.com *.analytics.google.com www.google.com www.gstatic.com *.ytimg.com www.youtube.com www.youtube-nocookie.com 'nonce-Ye8B5I6k7ZWstfsUgnfiAQ==''. Either the 'unsafe-inline' keyword, a hash ('sha256-iLB/qGn2fKTfTYFKNKTMDW4mWOq+TwpFIWKi5guSmvk='), or a nonce ('nonce-...') is required to enable inline execution. The action has been blocked.",false,0,0,0,0,,Skipped (not requested),0,,New ‘Find a Job’ service to support thousands of jobseekers into work - GOV.UK
58,GOV.UK,https://gov.uk/government/news/publication-of-dwp-research-report-707-employment-and-support-allowance-findings-from-a-face-to-face-survey-of-customers,https://www.gov.uk/government/news/publication-of-dwp-research-report-707-employment-and-support-allowance-findings-from-a-face-to-face-survey-of-customers,200,true,true,8262,false,0,0,0,0,,Skipped (not requested),true,659,3,0,43,link-name;region,,false,0,0,0,0,0,0,,Skipped (not requested),false,0,0,0,0,0,0,,"page.addScriptTag: Executing inline script violates the following Content Security Policy directive 'script-src 'self' www.google-analytics.com ssl.google-analytics.com stats.g.doubleclick.net www.googletagmanager.com www.region1.google-analytics.com region1.google-analytics.com www.google.co.uk analytics.google.com *.analytics.google.com www.google.com www.gstatic.com *.ytimg.com www.youtube.com www.youtube-nocookie.com 'nonce-HiDaohayqong09K4eCp47Q==''. Either the 'unsafe-inline' keyword, a hash ('sha256-iLB/qGn2fKTfTYFKNKTMDW4mWOq+TwpFIWKi5guSmvk='), or a nonce ('nonce-...') is required to enable inline execution. The action has been blocked.",false,0,0,0,0,,Skipped (not requested),0,,Publication  of DWP research report 707: Employment and Support Allowance: findings from a  face-to-face survey of customers - GOV.UK
58,GOV.UK,https://gov.uk/government/news/publication-of-dwp-research-report-745-employment-and-support-allowance-findings-from-a-follow-up-survey-of-customers,https://www.gov.uk/government/news/publication-of-dwp-research-report-745-employment-and-support-allowance-findings-from-a-follow-up-survey-of-customers,200,true,true,8197,false,0,0,0,0,,Skipped (not requested),true,640,2,0,43,region,,false,0,0,0,0,0,0,,Skipped (not requested),false,0,0,0,0,0,0,,"page.addScriptTag: Executing inline script violates the following Content Security Policy directive 'script-src 'self' www.google-analytics.com ssl.google-analytics.com stats.g.doubleclick.net www.googletagmanager.com www.region1.google-analytics.com region1.google-analytics.com www.google.co.uk analytics.google.com *.analytics.google.com www.google.com www.gstatic.com *.ytimg.com www.youtube.com www.youtube-nocookie.com 'nonce-lDaF2IlQ20Lzru0d7HzRJw==''. Either the 'unsafe-inline' keyword, a hash ('sha256-iLB/qGn2fKTfTYFKNKTMDW4mWOq+TwpFIWKi5guSmvk='), or a nonce ('nonce-...') is required to enable inline execution. The action has been blocked.",false,0,0,0,0,,Skipped (not requested),0,,Publication  of DWP research report 745: employment and support allowance: findings from a  follow-up survey of  customers - GOV.UK
58,GOV.UK,https://gov.uk/government/publications/support-for-newly-unemployed-and-six-month-offer-evaluations-a-reporton-qualitative-research-findings-rr691,https://www.gov.uk/government/publications/support-for-newly-unemployed-and-six-month-offer-evaluations-a-reporton-qualitative-research-findings-rr691,200,true,true,8224,false,0,0,0,0,,Skipped (not requested),true,647,2,1,44,region,,false,0,0,0,0,0,0,,Skipped (not requested),false,0,0,0,0,0,0,,"page.addScriptTag: Executing inline script violates the following Content Security Policy directive 'script-src 'self' www.google-analytics.com ssl.google-analytics.com stats.g.doubleclick.net www.googletagmanager.com www.region1.google-analytics.com region1.google-analytics.com www.google.co.uk analytics.google.com *.analytics.google.com www.google.com www.gstatic.com *.ytimg.com www.youtube.com www.youtube-nocookie.com 'nonce-aR09tG0VX/81it2Y4E5MyQ==''. Either the 'unsafe-inline' keyword, a hash ('sha256-iLB/qGn2fKTfTYFKNKTMDW4mWOq+TwpFIWKi5guSmvk='), or a nonce ('nonce-...') is required to enable inline execution. The action has been blocked.",false,0,0,0,0,,Skipped (not requested),0,,Support for Newly Unemployed and Six Month Offer evaluations (RR691) - GOV.UK
58,GOV.UK,https://gov.uk/,https://www.gov.uk/,200,true,true,7840,false,0,0,0,0,,Skipped (not requested),true,951,2,0,41,region,,false,0,0,0,0,0,0,,Skipped (not requested),false,0,0,0,0,0,0,,"page.addScriptTag: Executing inline script violates the following Content Security Policy directive 'script-src 'self' www.google-analytics.com ssl.google-analytics.com stats.g.doubleclick.net www.googletagmanager.com www.region1.google-analytics.com region1.google-analytics.com www.google.co.uk analytics.google.com *.analytics.google.com www.google.com www.gstatic.com *.ytimg.com www.youtube.com www.youtube-nocookie.com 'nonce-2YkOOPaf0t4lVlUySDHEaw==''. Either the 'unsafe-inline' keyword, a hash ('sha256-iLB/qGn2fKTfTYFKNKTMDW4mWOq+TwpFIWKi5guSmvk='), or a nonce ('nonce-...') is required to enable inline execution. The action has been blocked.",false,0,0,0,0,,Skipped (not requested),0,,Welcome to GOV.UK
58,GOV.UK,https://gov.uk/government/publications/helping-people-in-alcohol-and-drug-treatment-services-into-work/individual-placement-and-support-alcohol-and-drug-study-main-findings--2,https://www.gov.uk/government/publications/helping-people-in-alcohol-and-drug-treatment-services-into-work/individual-placement-and-support-alcohol-and-drug-study-main-findings--2,200,true,true,8952,false,0,0,0,0,,Skipped (not requested),true,1297,2,2,47,region,,false,0,0,0,0,0,0,,Skipped (not requested),false,0,0,0,0,0,0,,"page.addScriptTag: Executing inline script violates the following Content Security Policy directive 'script-src 'self' www.google-analytics.com ssl.google-analytics.com stats.g.doubleclick.net www.googletagmanager.com www.region1.google-analytics.com region1.google-analytics.com www.google.co.uk analytics.google.com *.analytics.google.com www.google.com www.gstatic.com *.ytimg.com www.youtube.com www.youtube-nocookie.com 'nonce-LKFRwOZMFFnGe+pplC9Bsw==''. Either the 'unsafe-inline' keyword, a hash ('sha256-iLB/qGn2fKTfTYFKNKTMDW4mWOq+TwpFIWKi5guSmvk='), or a nonce ('nonce-...') is required to enable inline execution. The action has been blocked.",false,0,0,0,0,,Skipped (not requested),0,,Individual Placement and Support - Alcohol and Drug study: main findings - GOV.UK
58,GOV.UK,https://gov.uk/reporting-accessibility-problem-public-sector-website,https://www.gov.uk/reporting-accessibility-problem-public-sector-website,200,true,true,8178,false,0,0,0,0,,Skipped (not requested),true,586,2,0,47,region,,false,0,0,0,0,0,0,,Skipped (not requested),false,0,0,0,0,0,0,,"page.addScriptTag: Executing inline script violates the following Content Security Policy directive 'script-src 'self' www.google-analytics.com ssl.google-analytics.com stats.g.doubleclick.net www.googletagmanager.com www.region1.google-analytics.com region1.google-analytics.com www.google.co.uk analytics.google.com *.analytics.google.com www.google.com www.gstatic.com *.ytimg.com www.youtube.com www.youtube-nocookie.com 'nonce-AlSxFUB33HN44d6CGD/btA==''. Either the 'unsafe-inline' keyword, a hash ('sha256-iLB/qGn2fKTfTYFKNKTMDW4mWOq+TwpFIWKi5guSmvk='), or a nonce ('nonce-...') is required to enable inline execution. The action has been blocked.",false,0,0,0,0,,Skipped (not requested),0,,Reporting an accessibility problem on a public sector website - GOV.UK
58,GOV.UK,https://gov.uk/guidance/accessibility-statement-for-new-adults-in-the-home-service,https://www.gov.uk/guidance/accessibility-statement-for-new-adults-in-the-home-service,200,true,true,8283,false,0,0,0,0,,Skipped (not requested),true,768,2,2,45,region,,false,0,0,0,0,0,0,,Skipped (not requested),false,0,0,0,0,0,0,,"page.addScriptTag: Executing inline script violates the following Content Security Policy directive 'script-src 'self' www.google-analytics.com ssl.google-analytics.com stats.g.doubleclick.net www.googletagmanager.com www.region1.google-analytics.com region1.google-analytics.com www.google.co.uk analytics.google.com *.analytics.google.com www.google.com www.gstatic.com *.ytimg.com www.youtube.com www.youtube-nocookie.com 'nonce-f3mmBFLiJKQuFY8OiFchLA==''. Either the 'unsafe-inline' keyword, a hash ('sha256-iLB/qGn2fKTfTYFKNKTMDW4mWOq+TwpFIWKi5guSmvk='), or a nonce ('nonce-...') is required to enable inline execution. The action has been blocked.",false,0,0,0,0,,Skipped (not requested),0,,Accessibility statement for new adults in the home service - GOV.UK
58,GOV.UK,https://gov.uk/guidance/accessibility-statement-for-paying-your-childcare-or-social-care-invoice,https://www.gov.uk/guidance/accessibility-statement-for-paying-your-childcare-or-social-care-invoice,200,true,true,8912,false,0,0,0,0,,Skipped (not requested),true,738,2,2,45,region,,false,0,0,0,0,0,0,,Skipped (not requested),false,0,0,0,0,0,0,,"page.addScriptTag: Executing inline script violates the following Content Security Policy directive 'script-src 'self' www.google-analytics.com ssl.google-analytics.com stats.g.doubleclick.net www.googletagmanager.com www.region1.google-analytics.com region1.google-analytics.com www.google.co.uk analytics.google.com *.analytics.google.com www.google.com www.gstatic.com *.ytimg.com www.youtube.com www.youtube-nocookie.com 'nonce-XofsQP+t1u3HbykCwedW8A==''. Either the 'unsafe-inline' keyword, a hash ('sha256-iLB/qGn2fKTfTYFKNKTMDW4mWOq+TwpFIWKi5guSmvk='), or a nonce ('nonce-...') is required to enable inline execution. The action has been blocked.",false,0,0,0,0,,Skipped (not requested),0,,Accessibility statement for pay your childcare or social care invoice service - GOV.UK
58,GOV.UK,https://gov.uk/guidance/accessibility-statement-for-public-home-office-services,https://www.gov.uk/guidance/accessibility-statement-for-public-home-office-services,200,true,true,8141,false,0,0,0,0,,Skipped (not requested),true,865,2,2,45,region,,false,0,0,0,0,0,0,,Skipped (not requested),false,0,0,0,0,0,0,,"page.addScriptTag: Executing inline script violates the following Content Security Policy directive 'script-src 'self' www.google-analytics.com ssl.google-analytics.com stats.g.doubleclick.net www.googletagmanager.com www.region1.google-analytics.com region1.google-analytics.com www.google.co.uk analytics.google.com *.analytics.google.com www.google.com www.gstatic.com *.ytimg.com www.youtube.com www.youtube-nocookie.com 'nonce-2FhrpYk669y2opDHbiecFQ==''. Either the 'unsafe-inline' keyword, a hash ('sha256-iLB/qGn2fKTfTYFKNKTMDW4mWOq+TwpFIWKi5guSmvk='), or a nonce ('nonce-...') is required to enable inline execution. The action has been blocked.",false,0,0,0,0,,Skipped (not requested),0,,Accessibility statement for public Home Office services - GOV.UK
58,GOV.UK,https://gov.uk/guidance/accessibility-statement-for-register-as-a-nanny-service,https://www.gov.uk/guidance/accessibility-statement-for-register-as-a-nanny-service,200,true,true,7829,false,0,0,0,0,,Skipped (not requested),true,781,2,2,45,region,,false,0,0,0,0,0,0,,Skipped (not requested),false,0,0,0,0,0,0,,"page.addScriptTag: Executing inline script violates the following Content Security Policy directive 'script-src 'self' www.google-analytics.com ssl.google-analytics.com stats.g.doubleclick.net www.googletagmanager.com www.region1.google-analytics.com region1.google-analytics.com www.google.co.uk analytics.google.com *.analytics.google.com www.google.com www.gstatic.com *.ytimg.com www.youtube.com www.youtube-nocookie.com 'nonce-x6lCbw32DEOSvc347xEWKg==''. Either the 'unsafe-inline' keyword, a hash ('sha256-iLB/qGn2fKTfTYFKNKTMDW4mWOq+TwpFIWKi5guSmvk='), or a nonce ('nonce-...') is required to enable inline execution. The action has been blocked.",false,0,0,0,0,,Skipped (not requested),0,,Accessibility statement for register as a nanny service - GOV.UK
58,GOV.UK,https://gov.uk/guidance/accessibility-statement-for-tell-ofsted-about-a-serious-childcare-incident-service,https://www.gov.uk/guidance/accessibility-statement-for-tell-ofsted-about-a-serious-childcare-incident-service,200,true,true,8363,false,0,0,0,0,,Skipped (not requested),true,778,2,2,45,region,,false,0,0,0,0,0,0,,Skipped (not requested),false,0,0,0,0,0,0,,"page.addScriptTag: Executing inline script violates the following Content Security Policy directive 'script-src 'self' www.google-analytics.com ssl.google-analytics.com stats.g.doubleclick.net www.googletagmanager.com www.region1.google-analytics.com region1.google-analytics.com www.google.co.uk analytics.google.com *.analytics.google.com www.google.com www.gstatic.com *.ytimg.com www.youtube.com www.youtube-nocookie.com 'nonce-H29FvOcqz0CNokUy16LyjA==''. Either the 'unsafe-inline' keyword, a hash ('sha256-iLB/qGn2fKTfTYFKNKTMDW4mWOq+TwpFIWKi5guSmvk='), or a nonce ('nonce-...') is required to enable inline execution. The action has been blocked.",false,0,0,0,0,,Skipped (not requested),0,,Accessibility statement for &#39;Tell Ofsted about a serious childcare incident&#39; service - GOV.UK
58,GOV.UK,https://gov.uk/guidance/apply-for-an-exemption-from-psvar-accessibility-regulations-for-home-to-school-or-rail-replacement-services,https://www.gov.uk/guidance/apply-for-an-exemption-from-psvar-accessibility-regulations-for-home-to-school-or-rail-replacement-services,200,true,true,8698,false,0,0,0,0,,Skipped (not requested),true,1087,2,2,40,region,,false,0,0,0,0,0,0,,Skipped (not requested),false,0,0,0,0,0,0,,"page.addScriptTag: Executing inline script violates the following Content Security Policy directive 'script-src 'self' www.google-analytics.com ssl.google-analytics.com stats.g.doubleclick.net www.googletagmanager.com www.region1.google-analytics.com region1.google-analytics.com www.google.co.uk analytics.google.com *.analytics.google.com www.google.com www.gstatic.com *.ytimg.com www.youtube.com www.youtube-nocookie.com 'nonce-zg56RELsVw88BovNk7vWsw==''. Either the 'unsafe-inline' keyword, a hash ('sha256-iLB/qGn2fKTfTYFKNKTMDW4mWOq+TwpFIWKi5guSmvk='), or a nonce ('nonce-...') is required to enable inline execution. The action has been blocked.",false,0,0,0,0,,Skipped (not requested),0,,Apply for an exemption from PSVAR accessibility regulations for home-to-school or rail replacement services - GOV.UK
58,GOV.UK,https://gov.uk/research-for-development-outputs/does-service-accessibility-reduce-socio-economic-differentials-in-maternity-care-seeking-evidence-from-rural-bangladesh,https://www.gov.uk/research-for-development-outputs/does-service-accessibility-reduce-socio-economic-differentials-in-maternity-care-seeking-evidence-from-rural-bangladesh,200,true,true,7662,false,0,0,0,0,,Skipped (not requested),true,602,2,0,45,region,,false,0,0,0,0,0,0,,Skipped (not requested),false,0,0,0,0,0,0,,"page.addScriptTag: Executing inline script violates the following Content Security Policy directive 'script-src 'self' www.google-analytics.com ssl.google-analytics.com stats.g.doubleclick.net www.googletagmanager.com www.region1.google-analytics.com region1.google-analytics.com www.google.co.uk analytics.google.com *.analytics.google.com www.google.com www.gstatic.com *.ytimg.com www.youtube.com www.youtube-nocookie.com 'nonce-yD2oNSIwJr/wPiRvTLYTvg==''. Either the 'unsafe-inline' keyword, a hash ('sha256-iLB/qGn2fKTfTYFKNKTMDW4mWOq+TwpFIWKi5guSmvk='), or a nonce ('nonce-...') is required to enable inline execution. The action has been blocked.",false,0,0,0,0,,Skipped (not requested),0,,Does service accessibility reduce socio-economic differentials in maternity care seeking? Evidence from rural Bangladesh. - GOV.UK
58,GOV.UK,https://gov.uk/research-for-development-outputs/enhanced-accessibility-for-disabled-people-in-urban-and-peri-urban-areas-country-report-mozambique,https://www.gov.uk/research-for-development-outputs/enhanced-accessibility-for-disabled-people-in-urban-and-peri-urban-areas-country-report-mozambique,200,true,true,7727,false,0,0,0,0,,Skipped (not requested),true,606,2,0,45,region,,false,0,0,0,0,0,0,,Skipped (not requested),false,0,0,0,0,0,0,,"page.addScriptTag: Executing inline script violates the following Content Security Policy directive 'script-src 'self' www.google-analytics.com ssl.google-analytics.com stats.g.doubleclick.net www.googletagmanager.com www.region1.google-analytics.com region1.google-analytics.com www.google.co.uk analytics.google.com *.analytics.google.com www.google.com www.gstatic.com *.ytimg.com www.youtube.com www.youtube-nocookie.com 'nonce-JQdvLWyqNnUzBJD4m2HMXw==''. Either the 'unsafe-inline' keyword, a hash ('sha256-iLB/qGn2fKTfTYFKNKTMDW4mWOq+TwpFIWKi5guSmvk='), or a nonce ('nonce-...') is required to enable inline execution. The action has been blocked.",false,0,0,0,0,,Skipped (not requested),0,,Enhanced accessibility for disabled people in urban and peri-urban areas: country report - Mozambique. - GOV.UK
58,GOV.UK,https://gov.uk/research-for-development-outputs/enhanced-accessibility-for-people-with-disabilities-in-urban-areas-inception-report,https://www.gov.uk/research-for-development-outputs/enhanced-accessibility-for-people-with-disabilities-in-urban-areas-inception-report,200,true,true,8530,false,0,0,0,0,,Skipped (not requested),true,631,2,0,45,region,,false,0,0,0,0,0,0,,Skipped (not requested),false,0,0,0,0,0,0,,"page.addScriptTag: Executing inline script violates the following Content Security Policy directive 'script-src 'self' www.google-analytics.com ssl.google-analytics.com stats.g.doubleclick.net www.googletagmanager.com www.region1.google-analytics.com region1.google-analytics.com www.google.co.uk analytics.google.com *.analytics.google.com www.google.com www.gstatic.com *.ytimg.com www.youtube.com www.youtube-nocookie.com 'nonce-XoVJ7MadtJd7rPkQTcX8cw==''. Either the 'unsafe-inline' keyword, a hash ('sha256-iLB/qGn2fKTfTYFKNKTMDW4mWOq+TwpFIWKi5guSmvk='), or a nonce ('nonce-...') is required to enable inline execution. The action has been blocked.",false,0,0,0,0,,Skipped (not requested),0,,Enhanced accessibility for people with disabilities in urban areas: inception report. - GOV.UK
58,GOV.UK,https://gov.uk/research-for-development-outputs/enhanced-accessibility-for-persons-with-disabilities-living-in-urban-areas-country-report-south-africa,https://www.gov.uk/research-for-development-outputs/enhanced-accessibility-for-persons-with-disabilities-living-in-urban-areas-country-report-south-africa,200,true,true,7749,false,0,0,0,0,,Skipped (not requested),true,602,2,0,45,region,,false,0,0,0,0,0,0,,Skipped (not requested),false,0,0,0,0,0,0,,"page.addScriptTag: Executing inline script violates the following Content Security Policy directive 'script-src 'self' www.google-analytics.com ssl.google-analytics.com stats.g.doubleclick.net www.googletagmanager.com www.region1.google-analytics.com region1.google-analytics.com www.google.co.uk analytics.google.com *.analytics.google.com www.google.com www.gstatic.com *.ytimg.com www.youtube.com www.youtube-nocookie.com 'nonce-O+kx3yvL83OPRRWAmTqpOQ==''. Either the 'unsafe-inline' keyword, a hash ('sha256-iLB/qGn2fKTfTYFKNKTMDW4mWOq+TwpFIWKi5guSmvk='), or a nonce ('nonce-...') is required to enable inline execution. The action has been blocked.",false,0,0,0,0,,Skipped (not requested),0,,"Enhanced accessibility for persons with disabilities living in urban areas: country report, South Africa. - GOV.UK"
58,GOV.UK,https://gov.uk/find-gender-pay-gap-data,https://www.gov.uk/find-gender-pay-gap-data,200,true,true,8256,false,0,0,0,0,,Skipped (not requested),true,523,2,0,47,region,,false,0,0,0,0,0,0,,Skipped (not requested),false,0,0,0,0,0,0,,"page.addScriptTag: Executing inline script violates the following Content Security Policy directive 'script-src 'self' www.google-analytics.com ssl.google-analytics.com stats.g.doubleclick.net www.googletagmanager.com www.region1.google-analytics.com region1.google-analytics.com www.google.co.uk analytics.google.com *.analytics.google.com www.google.com www.gstatic.com *.ytimg.com www.youtube.com www.youtube-nocookie.com 'nonce-f+jqn6ZyCp1MUE8U1VOY5Q==''. Either the 'unsafe-inline' keyword, a hash ('sha256-iLB/qGn2fKTfTYFKNKTMDW4mWOq+TwpFIWKi5guSmvk='), or a nonce ('nonce-...') is required to enable inline execution. The action has been blocked.",false,0,0,0,0,,Skipped (not requested),0,,Find and compare gender pay gap data - GOV.UK
58,GOV.UK,https://gov.uk/find-registered-childminder,https://www.gov.uk/find-registered-childminder,200,true,true,8228,false,0,0,0,0,,Skipped (not requested),true,699,3,1,43,region,,false,0,0,0,0,0,0,,Skipped (not requested),false,0,0,0,0,0,0,,"page.addScriptTag: Executing inline script violates the following Content Security Policy directive 'script-src 'self' www.google-analytics.com ssl.google-analytics.com stats.g.doubleclick.net www.googletagmanager.com www.region1.google-analytics.com region1.google-analytics.com www.google.co.uk analytics.google.com *.analytics.google.com www.google.com www.gstatic.com *.ytimg.com www.youtube.com www.youtube-nocookie.com 'nonce-47KuFZ6jvxrR13g/Tjf5cA==''. Either the 'unsafe-inline' keyword, a hash ('sha256-iLB/qGn2fKTfTYFKNKTMDW4mWOq+TwpFIWKi5guSmvk='), or a nonce ('nonce-...') is required to enable inline execution. The action has been blocked.",false,0,0,0,0,,Skipped (not requested),0,,Find a registered childminder - GOV.UK
58,GOV.UK,https://gov.uk/government/consultations/accessible-travel-policy-guidance-accessibility-of-rail-replacement-services,https://www.gov.uk/government/consultations/accessible-travel-policy-guidance-accessibility-of-rail-replacement-services,200,true,true,8402,false,0,0,0,0,,Skipped (not requested),true,657,2,1,45,region,,false,0,0,0,0,0,0,,Skipped (not requested),false,0,0,0,0,0,0,,"page.addScriptTag: Executing inline script violates the following Content Security Policy directive 'script-src 'self' www.google-analytics.com ssl.google-analytics.com stats.g.doubleclick.net www.googletagmanager.com www.region1.google-analytics.com region1.google-analytics.com www.google.co.uk analytics.google.com *.analytics.google.com www.google.com www.gstatic.com *.ytimg.com www.youtube.com www.youtube-nocookie.com 'nonce-uRrbByrR/cAJOPxq8+lXaQ==''. Either the 'unsafe-inline' keyword, a hash ('sha256-iLB/qGn2fKTfTYFKNKTMDW4mWOq+TwpFIWKi5guSmvk='), or a nonce ('nonce-...') is required to enable inline execution. The action has been blocked.",false,0,0,0,0,,Skipped (not requested),0,,Accessible Travel Policy guidance: accessibility of rail replacement services - GOV.UK
58,GOV.UK,https://gov.uk/government/news/global-accessibility-awareness-day-minister-calls-on-the-public-sector-to-ensure-digital-services-are-accessible,https://www.gov.uk/government/news/global-accessibility-awareness-day-minister-calls-on-the-public-sector-to-ensure-digital-services-are-accessible,200,true,true,8762,false,0,0,0,0,,Skipped (not requested),true,605,2,0,43,region,,false,0,0,0,0,0,0,,Skipped (not requested),false,0,0,0,0,0,0,,"page.addScriptTag: Executing inline script violates the following Content Security Policy directive 'script-src 'self' www.google-analytics.com ssl.google-analytics.com stats.g.doubleclick.net www.googletagmanager.com www.region1.google-analytics.com region1.google-analytics.com www.google.co.uk analytics.google.com *.analytics.google.com www.google.com www.gstatic.com *.ytimg.com www.youtube.com www.youtube-nocookie.com 'nonce-rUzuwtm499yC+jXSNGKuhA==''. Either the 'unsafe-inline' keyword, a hash ('sha256-iLB/qGn2fKTfTYFKNKTMDW4mWOq+TwpFIWKi5guSmvk='), or a nonce ('nonce-...') is required to enable inline execution. The action has been blocked.",false,0,0,0,0,,Skipped (not requested),0,,Global Accessibility Awareness Day: Minister calls on the public sector to ensure digital services are accessible - GOV.UK
58,GOV.UK,https://gov.uk/government/news/minister-announces-accessibility-improvements-to-voter-registration-service,https://www.gov.uk/government/news/minister-announces-accessibility-improvements-to-voter-registration-service,200,true,true,8209,false,0,0,0,0,,Skipped (not requested),true,599,2,0,43,region,,false,0,0,0,0,0,0,,Skipped (not requested),false,0,0,0,0,0,0,,"page.addScriptTag: Executing inline script violates the following Content Security Policy directive 'script-src 'self' www.google-analytics.com ssl.google-analytics.com stats.g.doubleclick.net www.googletagmanager.com www.region1.google-analytics.com region1.google-analytics.com www.google.co.uk analytics.google.com *.analytics.google.com www.google.com www.gstatic.com *.ytimg.com www.youtube.com www.youtube-nocookie.com 'nonce-cGcjtQ0n6UyOLU0BRCM+AQ==''. Either the 'unsafe-inline' keyword, a hash ('sha256-iLB/qGn2fKTfTYFKNKTMDW4mWOq+TwpFIWKi5guSmvk='), or a nonce ('nonce-...') is required to enable inline execution. The action has been blocked.",false,0,0,0,0,,Skipped (not requested),0,,Minister announces accessibility improvements to voter registration service - GOV.UK
58,GOV.UK,https://gov.uk/government/news/new-funding-for-accessibility-as-government-reports-progress-for-disabled-people-across-transport-network,https://www.gov.uk/government/news/new-funding-for-accessibility-as-government-reports-progress-for-disabled-people-across-transport-network,200,true,true,8543,false,0,0,0,0,,Skipped (not requested),true,679,2,0,43,region,,false,0,0,0,0,0,0,,Skipped (not requested),false,0,0,0,0,0,0,,"page.addScriptTag: Executing inline script violates the following Content Security Policy directive 'script-src 'self' www.google-analytics.com ssl.google-analytics.com stats.g.doubleclick.net www.googletagmanager.com www.region1.google-analytics.com region1.google-analytics.com www.google.co.uk analytics.google.com *.analytics.google.com www.google.com www.gstatic.com *.ytimg.com www.youtube.com www.youtube-nocookie.com 'nonce-KkXh5wBlZxxBiSciY+xa2w==''. Either the 'unsafe-inline' keyword, a hash ('sha256-iLB/qGn2fKTfTYFKNKTMDW4mWOq+TwpFIWKi5guSmvk='), or a nonce ('nonce-...') is required to enable inline execution. The action has been blocked.",false,0,0,0,0,,Skipped (not requested),0,,New funding for accessibility as government reports progress for disabled people across transport network - GOV.UK
58,GOV.UK,https://gov.uk/higher-education-courses-find-and-apply,https://www.gov.uk/higher-education-courses-find-and-apply,200,true,true,8327,false,0,0,0,0,,Skipped (not requested),true,697,2,0,47,region,,false,0,0,0,0,0,0,,Skipped (not requested),false,0,0,0,0,0,0,,"page.addScriptTag: Executing inline script violates the following Content Security Policy directive 'script-src 'self' www.google-analytics.com ssl.google-analytics.com stats.g.doubleclick.net www.googletagmanager.com www.region1.google-analytics.com region1.google-analytics.com www.google.co.uk analytics.google.com *.analytics.google.com www.google.com www.gstatic.com *.ytimg.com www.youtube.com www.youtube-nocookie.com 'nonce-7oceri7t5R+d+kHynIY7ew==''. Either the 'unsafe-inline' keyword, a hash ('sha256-iLB/qGn2fKTfTYFKNKTMDW4mWOq+TwpFIWKi5guSmvk='), or a nonce ('nonce-...') is required to enable inline execution. The action has been blocked.",false,0,0,0,0,,Skipped (not requested),0,,Higher education courses: find and apply - GOV.UK
58,GOV.UK,https://gov.uk/service-manual/technology/accessibility-for-developers-an-introduction,https://www.gov.uk/service-manual/technology/accessibility-for-developers-an-introduction,200,true,true,7946,false,0,0,0,0,,Skipped (not requested),true,942,2,0,45,region,,false,0,0,0,0,0,0,,Skipped (not requested),false,0,0,0,0,0,0,,"page.addScriptTag: Executing inline script violates the following Content Security Policy directive 'script-src 'self' www.google-analytics.com ssl.google-analytics.com stats.g.doubleclick.net www.googletagmanager.com www.region1.google-analytics.com region1.google-analytics.com www.google.co.uk analytics.google.com *.analytics.google.com www.google.com www.gstatic.com *.ytimg.com www.youtube.com www.youtube-nocookie.com 'nonce-EoRqG9VkhOgPtuFZ8VN/nA==''. Either the 'unsafe-inline' keyword, a hash ('sha256-iLB/qGn2fKTfTYFKNKTMDW4mWOq+TwpFIWKi5guSmvk='), or a nonce ('nonce-...') is required to enable inline execution. The action has been blocked.",false,0,0,0,0,,Skipped (not requested),0,,Making your frontend accessible - Service Manual - GOV.UK
58,GOV.UK,https://gov.uk/aaib-reports/aaib-investigation-to-reims-cessna-f406-caravan-ii-g-find,https://www.gov.uk/aaib-reports/aaib-investigation-to-reims-cessna-f406-caravan-ii-g-find,200,true,true,8351,false,0,0,0,0,,Skipped (not requested),true,613,2,0,45,region,,false,0,0,0,0,0,0,,Skipped (not requested),false,0,0,0,0,0,0,,"page.addScriptTag: Executing inline script violates the following Content Security Policy directive 'script-src 'self' www.google-analytics.com ssl.google-analytics.com stats.g.doubleclick.net www.googletagmanager.com www.region1.google-analytics.com region1.google-analytics.com www.google.co.uk analytics.google.com *.analytics.google.com www.google.com www.gstatic.com *.ytimg.com www.youtube.com www.youtube-nocookie.com 'nonce-7JyhZPDVlfUXYoxZQxYspA==''. Either the 'unsafe-inline' keyword, a hash ('sha256-iLB/qGn2fKTfTYFKNKTMDW4mWOq+TwpFIWKi5guSmvk='), or a nonce ('nonce-...') is required to enable inline execution. The action has been blocked.",false,0,0,0,0,,Skipped (not requested),0,,"AAIB investigation to Reims Cessna F406 Caravan II, G-FIND	 - GOV.UK"
58,GOV.UK,https://gov.uk/aaib-reports/aaib-investigation-to-reims-cessna-f406-g-find,https://www.gov.uk/aaib-reports/aaib-investigation-to-reims-cessna-f406-g-find,200,true,true,8245,false,0,0,0,0,,Skipped (not requested),true,617,2,0,45,region,,false,0,0,0,0,0,0,,Skipped (not requested),false,0,0,0,0,0,0,,"page.addScriptTag: Executing inline script violates the following Content Security Policy directive 'script-src 'self' www.google-analytics.com ssl.google-analytics.com stats.g.doubleclick.net www.googletagmanager.com www.region1.google-analytics.com region1.google-analytics.com www.google.co.uk analytics.google.com *.analytics.google.com www.google.com www.gstatic.com *.ytimg.com www.youtube.com www.youtube-nocookie.com 'nonce-94pJRGqUYnOIcJ7eCOvKxg==''. Either the 'unsafe-inline' keyword, a hash ('sha256-iLB/qGn2fKTfTYFKNKTMDW4mWOq+TwpFIWKi5guSmvk='), or a nonce ('nonce-...') is required to enable inline execution. The action has been blocked.",false,0,0,0,0,,Skipped (not requested),0,,"AAIB investigation to Reims Cessna F406, G-FIND	 - GOV.UK"
58,GOV.UK,https://gov.uk/aaib-reports/huntair-pathfinder-g-mjjt-4-june-1983,https://www.gov.uk/aaib-reports/huntair-pathfinder-g-mjjt-4-june-1983,200,true,true,8117,false,0,0,0,0,,Skipped (not requested),true,596,2,0,45,region,,false,0,0,0,0,0,0,,Skipped (not requested),false,0,0,0,0,0,0,,"page.addScriptTag: Executing inline script violates the following Content Security Policy directive 'script-src 'self' www.google-analytics.com ssl.google-analytics.com stats.g.doubleclick.net www.googletagmanager.com www.region1.google-analytics.com region1.google-analytics.com www.google.co.uk analytics.google.com *.analytics.google.com www.google.com www.gstatic.com *.ytimg.com www.youtube.com www.youtube-nocookie.com 'nonce-ZdpAcuMehke+o/oWGiKYeQ==''. Either the 'unsafe-inline' keyword, a hash ('sha256-iLB/qGn2fKTfTYFKNKTMDW4mWOq+TwpFIWKi5guSmvk='), or a nonce ('nonce-...') is required to enable inline execution. The action has been blocked.",false,0,0,0,0,,Skipped (not requested),0,,"Huntair-Pathfinder, G-MJJT, 4 June 1983 - GOV.UK"
58,GOV.UK,https://gov.uk/aaib-reports/pathfinder-mk-1-g-mjjr-21-april-1990,https://www.gov.uk/aaib-reports/pathfinder-mk-1-g-mjjr-21-april-1990,200,true,true,8267,false,0,0,0,0,,Skipped (not requested),true,596,2,0,45,region,,false,0,0,0,0,0,0,,Skipped (not requested),false,0,0,0,0,0,0,,"page.addScriptTag: Executing inline script violates the following Content Security Policy directive 'script-src 'self' www.google-analytics.com ssl.google-analytics.com stats.g.doubleclick.net www.googletagmanager.com www.region1.google-analytics.com region1.google-analytics.com www.google.co.uk analytics.google.com *.analytics.google.com www.google.com www.gstatic.com *.ytimg.com www.youtube.com www.youtube-nocookie.com 'nonce-OJDk38EL3TgkaeHbYYd4ig==''. Either the 'unsafe-inline' keyword, a hash ('sha256-iLB/qGn2fKTfTYFKNKTMDW4mWOq+TwpFIWKi5guSmvk='), or a nonce ('nonce-...') is required to enable inline execution. The action has been blocked.",false,0,0,0,0,,Skipped (not requested),0,,"Pathfinder Mk 1, G-MJJR, 21 April 1990 - GOV.UK"
58,GOV.UK,https://gov.uk/aaib-reports/piper-pa-28-235-cherokee-pathfinder-g-bamm-19-june-1994,https://www.gov.uk/aaib-reports/piper-pa-28-235-cherokee-pathfinder-g-bamm-19-june-1994,200,true,true,8100,false,0,0,0,0,,Skipped (not requested),true,596,2,0,45,region,,false,0,0,0,0,0,0,,Skipped (not requested),false,0,0,0,0,0,0,,"page.addScriptTag: Executing inline script violates the following Content Security Policy directive 'script-src 'self' www.google-analytics.com ssl.google-analytics.com stats.g.doubleclick.net www.googletagmanager.com www.region1.google-analytics.com region1.google-analytics.com www.google.co.uk analytics.google.com *.analytics.google.com www.google.com www.gstatic.com *.ytimg.com www.youtube.com www.youtube-nocookie.com 'nonce-M958OOB1QwRfatAzfsCvHg==''. Either the 'unsafe-inline' keyword, a hash ('sha256-iLB/qGn2fKTfTYFKNKTMDW4mWOq+TwpFIWKi5guSmvk='), or a nonce ('nonce-...') is required to enable inline execution. The action has been blocked.",false,0,0,0,0,,Skipped (not requested),0,,"Piper PA-28-235 Cherokee Pathfinder, G-BAMM, 19 June 1994 - GOV.UK"
58,GOV.UK,https://gov.uk/aaib-reports/reims-cessna-f406-caravan-ii-g-find-6-september-2007,https://www.gov.uk/aaib-reports/reims-cessna-f406-caravan-ii-g-find-6-september-2007,200,true,true,8138,false,0,0,0,0,,Skipped (not requested),true,608,2,0,45,region,,false,0,0,0,0,0,0,,Skipped (not requested),false,0,0,0,0,0,0,,"page.addScriptTag: Executing inline script violates the following Content Security Policy directive 'script-src 'self' www.google-analytics.com ssl.google-analytics.com stats.g.doubleclick.net www.googletagmanager.com www.region1.google-analytics.com region1.google-analytics.com www.google.co.uk analytics.google.com *.analytics.google.com www.google.com www.gstatic.com *.ytimg.com www.youtube.com www.youtube-nocookie.com 'nonce-nwxcWaJE5mQhSYZqJfSIzA==''. Either the 'unsafe-inline' keyword, a hash ('sha256-iLB/qGn2fKTfTYFKNKTMDW4mWOq+TwpFIWKi5guSmvk='), or a nonce ('nonce-...') is required to enable inline execution. The action has been blocked.",false,0,0,0,0,,Skipped (not requested),0,,"Reims Cessna F406 Caravan II, G-FIND, 6 September 2007 - GOV.UK"
58,GOV.UK,https://gov.uk/employment-tribunal-decisions/mr-e-findlay-v-morrisons-utility-services-2600035-2017,https://www.gov.uk/employment-tribunal-decisions/mr-e-findlay-v-morrisons-utility-services-2600035-2017,200,true,true,7708,false,0,0,0,0,,Skipped (not requested),true,547,2,0,45,region,,false,0,0,0,0,0,0,,Skipped (not requested),false,0,0,0,0,0,0,,"page.addScriptTag: Executing inline script violates the following Content Security Policy directive 'script-src 'self' www.google-analytics.com ssl.google-analytics.com stats.g.doubleclick.net www.googletagmanager.com www.region1.google-analytics.com region1.google-analytics.com www.google.co.uk analytics.google.com *.analytics.google.com www.google.com www.gstatic.com *.ytimg.com www.youtube.com www.youtube-nocookie.com 'nonce-l1isNPpCw6QgUglIuqhz7w==''. Either the 'unsafe-inline' keyword, a hash ('sha256-iLB/qGn2fKTfTYFKNKTMDW4mWOq+TwpFIWKi5guSmvk='), or a nonce ('nonce-...') is required to enable inline execution. The action has been blocked.",false,0,0,0,0,,Skipped (not requested),0,,Mr E Findlay v Morrisons Utility Services: 2600035/2017 - GOV.UK
58,GOV.UK,https://gov.uk/find-digital-market-research/adtech-market-research-report-2019-ico-ofcom,https://www.gov.uk/find-digital-market-research/adtech-market-research-report-2019-ico-ofcom,200,true,true,8205,false,0,0,0,0,,Skipped (not requested),true,633,2,0,45,region,,false,0,0,0,0,0,0,,Skipped (not requested),false,0,0,0,0,0,0,,"page.addScriptTag: Executing inline script violates the following Content Security Policy directive 'script-src 'self' www.google-analytics.com ssl.google-analytics.com stats.g.doubleclick.net www.googletagmanager.com www.region1.google-analytics.com region1.google-analytics.com www.google.co.uk analytics.google.com *.analytics.google.com www.google.com www.gstatic.com *.ytimg.com www.youtube.com www.youtube-nocookie.com 'nonce-jXsxyHfyx3n2JmGWTlkS1Q==''. Either the 'unsafe-inline' keyword, a hash ('sha256-iLB/qGn2fKTfTYFKNKTMDW4mWOq+TwpFIWKi5guSmvk='), or a nonce ('nonce-...') is required to enable inline execution. The action has been blocked.",false,0,0,0,0,,Skipped (not requested),0,,"Adtech Market Research Report 2019 (ICO, Ofcom)  - GOV.UK"
58,GOV.UK,https://gov.uk/find-digital-market-research/communications-market-report-2019-ofcom,https://www.gov.uk/find-digital-market-research/communications-market-report-2019-ofcom,200,true,true,8245,false,0,0,0,0,,Skipped (not requested),true,616,2,0,45,region,,false,0,0,0,0,0,0,,Skipped (not requested),false,0,0,0,0,0,0,,"page.addScriptTag: Executing inline script violates the following Content Security Policy directive 'script-src 'self' www.google-analytics.com ssl.google-analytics.com stats.g.doubleclick.net www.googletagmanager.com www.region1.google-analytics.com region1.google-analytics.com www.google.co.uk analytics.google.com *.analytics.google.com www.google.com www.gstatic.com *.ytimg.com www.youtube.com www.youtube-nocookie.com 'nonce-wpmaZLHqfhI43r3PkQkqWQ==''. Either the 'unsafe-inline' keyword, a hash ('sha256-iLB/qGn2fKTfTYFKNKTMDW4mWOq+TwpFIWKi5guSmvk='), or a nonce ('nonce-...') is required to enable inline execution. The action has been blocked.",false,0,0,0,0,,Skipped (not requested),0,,Communications Market Report 2019 (OFCOM)  - GOV.UK
58,GOV.UK,https://gov.uk/find-digital-market-research/communications-market-report-2020-ofcom,https://www.gov.uk/find-digital-market-research/communications-market-report-2020-ofcom,200,true,true,7800,false,0,0,0,0,,Skipped (not requested),true,614,2,0,45,region,,false,0,0,0,0,0,0,,Skipped (not requested),false,0,0,0,0,0,0,,"page.addScriptTag: Executing inline script violates the following Content Security Policy directive 'script-src 'self' www.google-analytics.com ssl.google-analytics.com stats.g.doubleclick.net www.googletagmanager.com www.region1.google-analytics.com region1.google-analytics.com www.google.co.uk analytics.google.com *.analytics.google.com www.google.com www.gstatic.com *.ytimg.com www.youtube.com www.youtube-nocookie.com 'nonce-b/xIZkL22OjjO27xjmfG1A==''. Either the 'unsafe-inline' keyword, a hash ('sha256-iLB/qGn2fKTfTYFKNKTMDW4mWOq+TwpFIWKi5guSmvk='), or a nonce ('nonce-...') is required to enable inline execution. The action has been blocked.",false,0,0,0,0,,Skipped (not requested),0,,Communications Market Report 2020 (OFCOM)  - GOV.UK
58,GOV.UK,https://gov.uk/find-digital-market-research/connected-nations-uk-report-2020-ofcom,https://www.gov.uk/find-digital-market-research/connected-nations-uk-report-2020-ofcom,200,true,true,8100,false,0,0,0,0,,Skipped (not requested),true,616,2,0,45,region,,false,0,0,0,0,0,0,,Skipped (not requested),false,0,0,0,0,0,0,,"page.addScriptTag: Executing inline script violates the following Content Security Policy directive 'script-src 'self' www.google-analytics.com ssl.google-analytics.com stats.g.doubleclick.net www.googletagmanager.com www.region1.google-analytics.com region1.google-analytics.com www.google.co.uk analytics.google.com *.analytics.google.com www.google.com www.gstatic.com *.ytimg.com www.youtube.com www.youtube-nocookie.com 'nonce-JbqmS0flEOn3MDMv4HBoTQ==''. Either the 'unsafe-inline' keyword, a hash ('sha256-iLB/qGn2fKTfTYFKNKTMDW4mWOq+TwpFIWKi5guSmvk='), or a nonce ('nonce-...') is required to enable inline execution. The action has been blocked.",false,0,0,0,0,,Skipped (not requested),0,,Connected Nations: UK Report 2020 (OFCOM)  - GOV.UK
58,GOV.UK,https://gov.uk/find-digital-market-research/consumer-views-on-cashless-payments-in-land-based-gambling-2021-gambling-commission,https://www.gov.uk/find-digital-market-research/consumer-views-on-cashless-payments-in-land-based-gambling-2021-gambling-commission,200,true,true,8183,false,0,0,0,0,,Skipped (not requested),true,608,2,0,45,region,,false,0,0,0,0,0,0,,Skipped (not requested),false,0,0,0,0,0,0,,"page.addScriptTag: Executing inline script violates the following Content Security Policy directive 'script-src 'self' www.google-analytics.com ssl.google-analytics.com stats.g.doubleclick.net www.googletagmanager.com www.region1.google-analytics.com region1.google-analytics.com www.google.co.uk analytics.google.com *.analytics.google.com www.google.com www.gstatic.com *.ytimg.com www.youtube.com www.youtube-nocookie.com 'nonce-zJfUcz9p+Jjv+Dw3XGCgTA==''. Either the 'unsafe-inline' keyword, a hash ('sha256-iLB/qGn2fKTfTYFKNKTMDW4mWOq+TwpFIWKi5guSmvk='), or a nonce ('nonce-...') is required to enable inline execution. The action has been blocked.",false,0,0,0,0,,Skipped (not requested),0,,Consumer views on cashless payments in land-based gambling 2021 (Gambling Commission)  - GOV.UK
58,GOV.UK,https://gov.uk/find-digital-market-research/influencer-report-the-impact-of-complicit-social-media-influencers-on-the-consumption-of-counterfeit-goods-in-the-uk-2021-ipo,https://www.gov.uk/find-digital-market-research/influencer-report-the-impact-of-complicit-social-media-influencers-on-the-consumption-of-counterfeit-goods-in-the-uk-2021-ipo,200,true,true,8094,false,0,0,0,0,,Skipped (not requested),true,607,2,0,45,region,,false,0,0,0,0,0,0,,Skipped (not requested),false,0,0,0,0,0,0,,"page.addScriptTag: Executing inline script violates the following Content Security Policy directive 'script-src 'self' www.google-analytics.com ssl.google-analytics.com stats.g.doubleclick.net www.googletagmanager.com www.region1.google-analytics.com region1.google-analytics.com www.google.co.uk analytics.google.com *.analytics.google.com www.google.com www.gstatic.com *.ytimg.com www.youtube.com www.youtube-nocookie.com 'nonce-oSFym52dUp7lVUTMNVhzmQ==''. Either the 'unsafe-inline' keyword, a hash ('sha256-iLB/qGn2fKTfTYFKNKTMDW4mWOq+TwpFIWKi5guSmvk='), or a nonce ('nonce-...') is required to enable inline execution. The action has been blocked.",false,0,0,0,0,,Skipped (not requested),0,,Influencer Report: The impact of complicit social media influencers on the consumption of counterfeit goods in the UK 2021 (IPO)  - GOV.UK
58,GOV.UK,https://gov.uk/find-digital-market-research/mobile-ecosystems-market-study-appendix-k-consumer-experiences-of-app-purchases-and-auto-renewing-subscriptions-to-apps-sold-through-app-stores-2022-cma,https://www.gov.uk/find-digital-market-research/mobile-ecosystems-market-study-appendix-k-consumer-experiences-of-app-purchases-and-auto-renewing-subscriptions-to-apps-sold-through-app-stores-2022-cma,200,true,true,9140,false,0,0,0,0,,Skipped (not requested),true,621,2,0,45,region,,false,0,0,0,0,0,0,,Skipped (not requested),false,0,0,0,0,0,0,,"page.addScriptTag: Executing inline script violates the following Content Security Policy directive 'script-src 'self' www.google-analytics.com ssl.google-analytics.com stats.g.doubleclick.net www.googletagmanager.com www.region1.google-analytics.com region1.google-analytics.com www.google.co.uk analytics.google.com *.analytics.google.com www.google.com www.gstatic.com *.ytimg.com www.youtube.com www.youtube-nocookie.com 'nonce-pAqgZ8+76lPGYn+ivgnt+w==''. Either the 'unsafe-inline' keyword, a hash ('sha256-iLB/qGn2fKTfTYFKNKTMDW4mWOq+TwpFIWKi5guSmvk='), or a nonce ('nonce-...') is required to enable inline execution. The action has been blocked.",false,0,0,0,0,,Skipped (not requested),0,,Mobile Ecosystems Market Study: Appendix K - consumer experiences of app purchases and auto-renewing subscriptions to apps sold through app stores 2022 (CMA) - GOV.UK
58,GOV.UK,https://gov.uk/find-digital-market-research/mobile-ecosystems-market-study-interim-report-appendix-f-understanding-the-role-of-browser-engines-2021-cma,https://www.gov.uk/find-digital-market-research/mobile-ecosystems-market-study-interim-report-appendix-f-understanding-the-role-of-browser-engines-2021-cma,200,true,true,8449,false,0,0,0,0,,Skipped (not requested),true,612,2,0,45,region,,false,0,0,0,0,0,0,,Skipped (not requested),false,0,0,0,0,0,0,,"page.addScriptTag: Executing inline script violates the following Content Security Policy directive 'script-src 'self' www.google-analytics.com ssl.google-analytics.com stats.g.doubleclick.net www.googletagmanager.com www.region1.google-analytics.com region1.google-analytics.com www.google.co.uk analytics.google.com *.analytics.google.com www.google.com www.gstatic.com *.ytimg.com www.youtube.com www.youtube-nocookie.com 'nonce-5FB71OtlhOvUKaq3Mt+AYQ==''. Either the 'unsafe-inline' keyword, a hash ('sha256-iLB/qGn2fKTfTYFKNKTMDW4mWOq+TwpFIWKi5guSmvk='), or a nonce ('nonce-...') is required to enable inline execution. The action has been blocked.",false,0,0,0,0,,Skipped (not requested),0,,"Mobile Ecosystems Market Study interim report, Appendix F: understanding the role of browser engines 2021 (CMA) - GOV.UK"
58,GOV.UK,https://gov.uk/find-digital-market-research/mobile-ecosystems-market-study-interim-report-appendix-g-pre-installation-default-settings-and-choice-architecture-for-mobile-browsers-2021-cma,https://www.gov.uk/find-digital-market-research/mobile-ecosystems-market-study-interim-report-appendix-g-pre-installation-default-settings-and-choice-architecture-for-mobile-browsers-2021-cma,200,true,true,8198,false,0,0,0,0,,Skipped (not requested),true,621,2,0,45,region,,false,0,0,0,0,0,0,,Skipped (not requested),false,0,0,0,0,0,0,,"page.addScriptTag: Executing inline script violates the following Content Security Policy directive 'script-src 'self' www.google-analytics.com ssl.google-analytics.com stats.g.doubleclick.net www.googletagmanager.com www.region1.google-analytics.com region1.google-analytics.com www.google.co.uk analytics.google.com *.analytics.google.com www.google.com www.gstatic.com *.ytimg.com www.youtube.com www.youtube-nocookie.com 'nonce-G0ChzplWSMZjwqfubjOrmA==''. Either the 'unsafe-inline' keyword, a hash ('sha256-iLB/qGn2fKTfTYFKNKTMDW4mWOq+TwpFIWKi5guSmvk='), or a nonce ('nonce-...') is required to enable inline execution. The action has been blocked.",false,0,0,0,0,,Skipped (not requested),0,,"Mobile Ecosystems market study interim report, Appendix G: pre-installation, default settings and choice architecture for mobile browsers 2021 (CMA) - GOV.UK"
58,GOV.UK,https://gov.uk/find-digital-market-research/object-based-media-report-2021-ofcom,https://www.gov.uk/find-digital-market-research/object-based-media-report-2021-ofcom,200,true,true,7711,false,0,0,0,0,,Skipped (not requested),true,592,2,0,45,region,,false,0,0,0,0,0,0,,Skipped (not requested),false,0,0,0,0,0,0,,"page.addScriptTag: Executing inline script violates the following Content Security Policy directive 'script-src 'self' www.google-analytics.com ssl.google-analytics.com stats.g.doubleclick.net www.googletagmanager.com www.region1.google-analytics.com region1.google-analytics.com www.google.co.uk analytics.google.com *.analytics.google.com www.google.com www.gstatic.com *.ytimg.com www.youtube.com www.youtube-nocookie.com 'nonce-18P9tXwGLU8mWFzgomkYug==''. Either the 'unsafe-inline' keyword, a hash ('sha256-iLB/qGn2fKTfTYFKNKTMDW4mWOq+TwpFIWKi5guSmvk='), or a nonce ('nonce-...') is required to enable inline execution. The action has been blocked.",false,0,0,0,0,,Skipped (not requested),0,,Object-based media report 2021 (OFCOM) - GOV.UK
58,GOV.UK,https://gov.uk/find-digital-market-research/online-market-failures-and-harms-an-economic-perspective-on-the-challenges-and-opportunities-in-regulating-online-services-2019-ofcom,https://www.gov.uk/find-digital-market-research/online-market-failures-and-harms-an-economic-perspective-on-the-challenges-and-opportunities-in-regulating-online-services-2019-ofcom,200,true,true,7874,false,0,0,0,0,,Skipped (not requested),true,634,2,0,45,region,,false,0,0,0,0,0,0,,Skipped (not requested),false,0,0,0,0,0,0,,"page.addScriptTag: Executing inline script violates the following Content Security Policy directive 'script-src 'self' www.google-analytics.com ssl.google-analytics.com stats.g.doubleclick.net www.googletagmanager.com www.region1.google-analytics.com region1.google-analytics.com www.google.co.uk analytics.google.com *.analytics.google.com www.google.com www.gstatic.com *.ytimg.com www.youtube.com www.youtube-nocookie.com 'nonce-MnI4Uki7i78nu0B5F7P/hA==''. Either the 'unsafe-inline' keyword, a hash ('sha256-iLB/qGn2fKTfTYFKNKTMDW4mWOq+TwpFIWKi5guSmvk='), or a nonce ('nonce-...') is required to enable inline execution. The action has been blocked.",false,0,0,0,0,,Skipped (not requested),0,,Online market failures and harms: An economic perspective on the challenges and opportunities in regulating online services 2019 (OFCOM) - GOV.UK
58,GOV.UK,https://gov.uk/find-digital-market-research/online-nation-report-2020-ofcom,https://www.gov.uk/find-digital-market-research/online-nation-report-2020-ofcom,200,true,true,8392,false,0,0,0,0,,Skipped (not requested),true,631,2,0,45,region,,false,0,0,0,0,0,0,,Skipped (not requested),false,0,0,0,0,0,0,,"page.addScriptTag: Executing inline script violates the following Content Security Policy directive 'script-src 'self' www.google-analytics.com ssl.google-analytics.com stats.g.doubleclick.net www.googletagmanager.com www.region1.google-analytics.com region1.google-analytics.com www.google.co.uk analytics.google.com *.analytics.google.com www.google.com www.gstatic.com *.ytimg.com www.youtube.com www.youtube-nocookie.com 'nonce-qldlM8TnWxq6uL5HjffqBg==''. Either the 'unsafe-inline' keyword, a hash ('sha256-iLB/qGn2fKTfTYFKNKTMDW4mWOq+TwpFIWKi5guSmvk='), or a nonce ('nonce-...') is required to enable inline execution. The action has been blocked.",false,0,0,0,0,,Skipped (not requested),0,,Online Nation Report 2020 (OFCOM) - GOV.UK
58,GOV.UK,https://gov.uk/find-digital-market-research/protecting-children-online-2020-2021-report-2021-asa,https://www.gov.uk/find-digital-market-research/protecting-children-online-2020-2021-report-2021-asa,200,true,true,8326,false,0,0,0,0,,Skipped (not requested),true,603,2,0,45,region,,false,0,0,0,0,0,0,,Skipped (not requested),false,0,0,0,0,0,0,,"page.addScriptTag: Executing inline script violates the following Content Security Policy directive 'script-src 'self' www.google-analytics.com ssl.google-analytics.com stats.g.doubleclick.net www.googletagmanager.com www.region1.google-analytics.com region1.google-analytics.com www.google.co.uk analytics.google.com *.analytics.google.com www.google.com www.gstatic.com *.ytimg.com www.youtube.com www.youtube-nocookie.com 'nonce-PMOJobEOq2IgxGFlBK81Lg==''. Either the 'unsafe-inline' keyword, a hash ('sha256-iLB/qGn2fKTfTYFKNKTMDW4mWOq+TwpFIWKi5guSmvk='), or a nonce ('nonce-...') is required to enable inline execution. The action has been blocked.",false,0,0,0,0,,Skipped (not requested),0,,Protecting children online: 2020-2021 report 2021 (ASA) - GOV.UK
58,GOV.UK,https://gov.uk/find-digital-market-research/the-state-of-uk-competition-report-2022-cma,https://www.gov.uk/find-digital-market-research/the-state-of-uk-competition-report-2022-cma,200,true,true,7803,false,0,0,0,0,,Skipped (not requested),true,653,2,0,45,region,,false,0,0,0,0,0,0,,Skipped (not requested),false,0,0,0,0,0,0,,"page.addScriptTag: Executing inline script violates the following Content Security Policy directive 'script-src 'self' www.google-analytics.com ssl.google-analytics.com stats.g.doubleclick.net www.googletagmanager.com www.region1.google-analytics.com region1.google-analytics.com www.google.co.uk analytics.google.com *.analytics.google.com www.google.com www.gstatic.com *.ytimg.com www.youtube.com www.youtube-nocookie.com 'nonce-JuPLZoSyzKEWVB2Lvy8W0w==''. Either the 'unsafe-inline' keyword, a hash ('sha256-iLB/qGn2fKTfTYFKNKTMDW4mWOq+TwpFIWKi5guSmvk='), or a nonce ('nonce-...') is required to enable inline execution. The action has been blocked.",false,0,0,0,0,,Skipped (not requested),0,,The State of UK Competition Report 2022 (CMA) - GOV.UK
58,GOV.UK,https://gov.uk/find-digital-market-research/the-state-of-uk-competition-report-november-2020-cma,https://www.gov.uk/find-digital-market-research/the-state-of-uk-competition-report-november-2020-cma,200,true,true,8359,false,0,0,0,0,,Skipped (not requested),true,594,2,0,45,region,,false,0,0,0,0,0,0,,Skipped (not requested),false,0,0,0,0,0,0,,"page.addScriptTag: Executing inline script violates the following Content Security Policy directive 'script-src 'self' www.google-analytics.com ssl.google-analytics.com stats.g.doubleclick.net www.googletagmanager.com www.region1.google-analytics.com region1.google-analytics.com www.google.co.uk analytics.google.com *.analytics.google.com www.google.com www.gstatic.com *.ytimg.com www.youtube.com www.youtube-nocookie.com 'nonce-ieM8RxrP8b2qVqgpsG18mA==''. Either the 'unsafe-inline' keyword, a hash ('sha256-iLB/qGn2fKTfTYFKNKTMDW4mWOq+TwpFIWKi5guSmvk='), or a nonce ('nonce-...') is required to enable inline execution. The action has been blocked.",false,0,0,0,0,,Skipped (not requested),0,,The State of UK Competition Report November 2020 (CMA)  - GOV.UK
58,GOV.UK,https://gov.uk/find-digital-market-research/the-use-of-data-by-online-services-2019-ofcom,https://www.gov.uk/find-digital-market-research/the-use-of-data-by-online-services-2019-ofcom,200,true,true,7744,false,0,0,0,0,,Skipped (not requested),true,633,2,0,45,region,,false,0,0,0,0,0,0,,Skipped (not requested),false,0,0,0,0,0,0,,"page.addScriptTag: Executing inline script violates the following Content Security Policy directive 'script-src 'self' www.google-analytics.com ssl.google-analytics.com stats.g.doubleclick.net www.googletagmanager.com www.region1.google-analytics.com region1.google-analytics.com www.google.co.uk analytics.google.com *.analytics.google.com www.google.com www.gstatic.com *.ytimg.com www.youtube.com www.youtube-nocookie.com 'nonce-8zitnuGCZNco9xg7ywUKyQ==''. Either the 'unsafe-inline' keyword, a hash ('sha256-iLB/qGn2fKTfTYFKNKTMDW4mWOq+TwpFIWKi5guSmvk='), or a nonce ('nonce-...') is required to enable inline execution. The action has been blocked.",false,0,0,0,0,,Skipped (not requested),0,,The use of data by online services 2019 (OFCOM) - GOV.UK
58,GOV.UK,https://gov.uk/find-digital-market-research/transparency-in-the-regulation-of-online-safety-research-report-for-ofcom-2021-ofcom,https://www.gov.uk/find-digital-market-research/transparency-in-the-regulation-of-online-safety-research-report-for-ofcom-2021-ofcom,200,true,true,7918,false,0,0,0,0,,Skipped (not requested),true,626,2,0,45,region,,false,0,0,0,0,0,0,,Skipped (not requested),false,0,0,0,0,0,0,,"page.addScriptTag: Executing inline script violates the following Content Security Policy directive 'script-src 'self' www.google-analytics.com ssl.google-analytics.com stats.g.doubleclick.net www.googletagmanager.com www.region1.google-analytics.com region1.google-analytics.com www.google.co.uk analytics.google.com *.analytics.google.com www.google.com www.gstatic.com *.ytimg.com www.youtube.com www.youtube-nocookie.com 'nonce-9Zui5yJmI7/nsKypFflWsw==''. Either the 'unsafe-inline' keyword, a hash ('sha256-iLB/qGn2fKTfTYFKNKTMDW4mWOq+TwpFIWKi5guSmvk='), or a nonce ('nonce-...') is required to enable inline execution. The action has been blocked.",false,0,0,0,0,,Skipped (not requested),0,,Transparency in the Regulation of Online Safety: Research Report for Ofcom 2021 (OFCOM) - GOV.UK
58,GOV.UK,https://gov.uk/find-funding-for-land-or-farms/cnum1-assess-nutrient-management-and-produce-a-review-report,https://www.gov.uk/find-funding-for-land-or-farms/cnum1-assess-nutrient-management-and-produce-a-review-report,200,true,true,8925,false,0,0,0,0,,Skipped (not requested),true,1025,2,0,40,region,,false,0,0,0,0,0,0,,Skipped (not requested),false,0,0,0,0,0,0,,"page.addScriptTag: Executing inline script violates the following Content Security Policy directive 'script-src 'self' www.google-analytics.com ssl.google-analytics.com stats.g.doubleclick.net www.googletagmanager.com www.region1.google-analytics.com region1.google-analytics.com www.google.co.uk analytics.google.com *.analytics.google.com www.google.com www.gstatic.com *.ytimg.com www.youtube.com www.youtube-nocookie.com 'nonce-rbHyrjFJlZT8m9O+umB09w==''. Either the 'unsafe-inline' keyword, a hash ('sha256-iLB/qGn2fKTfTYFKNKTMDW4mWOq+TwpFIWKi5guSmvk='), or a nonce ('nonce-...') is required to enable inline execution. The action has been blocked.",false,0,0,0,0,,Skipped (not requested),0,,CNUM1: Assess nutrient management and produce a review report - GOV.UK
58,GOV.UK,https://gov.uk/find-hmrc-contacts/alcohol-duties-payments,https://www.gov.uk/find-hmrc-contacts/alcohol-duties-payments,200,true,true,7825,false,0,0,0,0,,Skipped (not requested),true,615,2,0,45,region,,false,0,0,0,0,0,0,,Skipped (not requested),false,0,0,0,0,0,0,,"page.addScriptTag: Executing inline script violates the following Content Security Policy directive 'script-src 'self' www.google-analytics.com ssl.google-analytics.com stats.g.doubleclick.net www.googletagmanager.com www.region1.google-analytics.com region1.google-analytics.com www.google.co.uk analytics.google.com *.analytics.google.com www.google.com www.gstatic.com *.ytimg.com www.youtube.com www.youtube-nocookie.com 'nonce-pGt2ajOmxU3VVeQiiTZXpg==''. Either the 'unsafe-inline' keyword, a hash ('sha256-iLB/qGn2fKTfTYFKNKTMDW4mWOq+TwpFIWKi5guSmvk='), or a nonce ('nonce-...') is required to enable inline execution. The action has been blocked.",false,0,0,0,0,,Skipped (not requested),0,,Alcohol duties: payment enquiries - GOV.UK
58,GOV.UK,https://gov.uk/find-hmrc-contacts/childcare-service-helpline,https://www.gov.uk/find-hmrc-contacts/childcare-service-helpline,200,true,true,7975,false,0,0,0,0,,Skipped (not requested),true,593,2,0,45,region,,false,0,0,0,0,0,0,,Skipped (not requested),false,0,0,0,0,0,0,,"page.addScriptTag: Executing inline script violates the following Content Security Policy directive 'script-src 'self' www.google-analytics.com ssl.google-analytics.com stats.g.doubleclick.net www.googletagmanager.com www.region1.google-analytics.com region1.google-analytics.com www.google.co.uk analytics.google.com *.analytics.google.com www.google.com www.gstatic.com *.ytimg.com www.youtube.com www.youtube-nocookie.com 'nonce-NaZ0d9Jmn9JE2iOy+FNTpg==''. Either the 'unsafe-inline' keyword, a hash ('sha256-iLB/qGn2fKTfTYFKNKTMDW4mWOq+TwpFIWKi5guSmvk='), or a nonce ('nonce-...') is required to enable inline execution. The action has been blocked.",false,0,0,0,0,,Skipped (not requested),0,,Childcare Service helpline - GOV.UK
58,GOV.UK,https://gov.uk/find-hmrc-contacts/complain-about-hmrc-online-services,https://www.gov.uk/find-hmrc-contacts/complain-about-hmrc-online-services,200,true,true,7875,false,0,0,0,0,,Skipped (not requested),true,642,2,0,45,region,,false,0,0,0,0,0,0,,Skipped (not requested),false,0,0,0,0,0,0,,"page.addScriptTag: Executing inline script violates the following Content Security Policy directive 'script-src 'self' www.google-analytics.com ssl.google-analytics.com stats.g.doubleclick.net www.googletagmanager.com www.region1.google-analytics.com region1.google-analytics.com www.google.co.uk analytics.google.com *.analytics.google.com www.google.com www.gstatic.com *.ytimg.com www.youtube.com www.youtube-nocookie.com 'nonce-vSs5kTuBteLb+JpCZl89hA==''. Either the 'unsafe-inline' keyword, a hash ('sha256-iLB/qGn2fKTfTYFKNKTMDW4mWOq+TwpFIWKi5guSmvk='), or a nonce ('nonce-...') is required to enable inline execution. The action has been blocked.",false,0,0,0,0,,Skipped (not requested),0,,Complain about HMRC online services - GOV.UK
58,GOV.UK,https://gov.uk/find-hmrc-contacts/construction-industry-scheme-payments,https://www.gov.uk/find-hmrc-contacts/construction-industry-scheme-payments,200,true,true,8403,false,0,0,0,0,,Skipped (not requested),true,618,2,0,45,region,,false,0,0,0,0,0,0,,Skipped (not requested),false,0,0,0,0,0,0,,"page.addScriptTag: Executing inline script violates the following Content Security Policy directive 'script-src 'self' www.google-analytics.com ssl.google-analytics.com stats.g.doubleclick.net www.googletagmanager.com www.region1.google-analytics.com region1.google-analytics.com www.google.co.uk analytics.google.com *.analytics.google.com www.google.com www.gstatic.com *.ytimg.com www.youtube.com www.youtube-nocookie.com 'nonce-94dH8cHCAKrHrrsGRiv21A==''. Either the 'unsafe-inline' keyword, a hash ('sha256-iLB/qGn2fKTfTYFKNKTMDW4mWOq+TwpFIWKi5guSmvk='), or a nonce ('nonce-...') is required to enable inline execution. The action has been blocked.",false,0,0,0,0,,Skipped (not requested),0,,Construction Industry Scheme: payment enquiries - GOV.UK
58,GOV.UK,https://gov.uk/find-hmrc-contacts/deferred-national-insurance-contributions-payments,https://www.gov.uk/find-hmrc-contacts/deferred-national-insurance-contributions-payments,200,true,true,8342,false,0,0,0,0,,Skipped (not requested),true,585,2,0,45,region,,false,0,0,0,0,0,0,,Skipped (not requested),false,0,0,0,0,0,0,,"page.addScriptTag: Executing inline script violates the following Content Security Policy directive 'script-src 'self' www.google-analytics.com ssl.google-analytics.com stats.g.doubleclick.net www.googletagmanager.com www.region1.google-analytics.com region1.google-analytics.com www.google.co.uk analytics.google.com *.analytics.google.com www.google.com www.gstatic.com *.ytimg.com www.youtube.com www.youtube-nocookie.com 'nonce-6xQ1nr1PhtCGuq1b7Cydog==''. Either the 'unsafe-inline' keyword, a hash ('sha256-iLB/qGn2fKTfTYFKNKTMDW4mWOq+TwpFIWKi5guSmvk='), or a nonce ('nonce-...') is required to enable inline execution. The action has been blocked.",false,0,0,0,0,,Skipped (not requested),0,,Deferred National Insurance contributions: payment enquiries - GOV.UK
58,GOV.UK,https://gov.uk/find-hmrc-contacts/excise-movement-and-control-system-online-services,https://www.gov.uk/find-hmrc-contacts/excise-movement-and-control-system-online-services,200,true,true,8224,false,0,0,0,0,,Skipped (not requested),true,545,2,0,45,region,,false,0,0,0,0,0,0,,Skipped (not requested),false,0,0,0,0,0,0,,"page.addScriptTag: Executing inline script violates the following Content Security Policy directive 'script-src 'self' www.google-analytics.com ssl.google-analytics.com stats.g.doubleclick.net www.googletagmanager.com www.region1.google-analytics.com region1.google-analytics.com www.google.co.uk analytics.google.com *.analytics.google.com www.google.com www.gstatic.com *.ytimg.com www.youtube.com www.youtube-nocookie.com 'nonce-LWINSwphSH7zbhF2uUYyYw==''. Either the 'unsafe-inline' keyword, a hash ('sha256-iLB/qGn2fKTfTYFKNKTMDW4mWOq+TwpFIWKi5guSmvk='), or a nonce ('nonce-...') is required to enable inline execution. The action has been blocked.",false,0,0,0,0,,Skipped (not requested),0,,Excise Movement and Control System: online services - GOV.UK
58,GOV.UK,https://gov.uk/find-hmrc-contacts/miscellaneous-payments-team,https://www.gov.uk/find-hmrc-contacts/miscellaneous-payments-team,200,true,true,7721,false,0,0,0,0,,Skipped (not requested),true,598,2,0,45,region,,false,0,0,0,0,0,0,,Skipped (not requested),false,0,0,0,0,0,0,,"page.addScriptTag: Executing inline script violates the following Content Security Policy directive 'script-src 'self' www.google-analytics.com ssl.google-analytics.com stats.g.doubleclick.net www.googletagmanager.com www.region1.google-analytics.com region1.google-analytics.com www.google.co.uk analytics.google.com *.analytics.google.com www.google.com www.gstatic.com *.ytimg.com www.youtube.com www.youtube-nocookie.com 'nonce-wZCqHm/BKDJ2jTCBl/B5XQ==''. Either the 'unsafe-inline' keyword, a hash ('sha256-iLB/qGn2fKTfTYFKNKTMDW4mWOq+TwpFIWKi5guSmvk='), or a nonce ('nonce-...') is required to enable inline execution. The action has been blocked.",false,0,0,0,0,,Skipped (not requested),0,,Miscellaneous Payments Team - GOV.UK
58,GOV.UK,https://gov.uk/find-hmrc-contacts/new-computerised-transit-system-testing-services,https://www.gov.uk/find-hmrc-contacts/new-computerised-transit-system-testing-services,200,true,true,8261,false,0,0,0,0,,Skipped (not requested),true,558,2,0,45,region,,false,0,0,0,0,0,0,,Skipped (not requested),false,0,0,0,0,0,0,,"page.addScriptTag: Executing inline script violates the following Content Security Policy directive 'script-src 'self' www.google-analytics.com ssl.google-analytics.com stats.g.doubleclick.net www.googletagmanager.com www.region1.google-analytics.com region1.google-analytics.com www.google.co.uk analytics.google.com *.analytics.google.com www.google.com www.gstatic.com *.ytimg.com www.youtube.com www.youtube-nocookie.com 'nonce-SRlnw8RFwiqdJ7OUO7Sqcg==''. Either the 'unsafe-inline' keyword, a hash ('sha256-iLB/qGn2fKTfTYFKNKTMDW4mWOq+TwpFIWKi5guSmvk='), or a nonce ('nonce-...') is required to enable inline execution. The action has been blocked.",false,0,0,0,0,,Skipped (not requested),0,,New Computerised Transit System: testing services - GOV.UK
58,GOV.UK,https://gov.uk/find-hmrc-contacts/non-uk-residents-payment,https://www.gov.uk/find-hmrc-contacts/non-uk-residents-payment,200,true,true,8319,false,0,0,0,0,,Skipped (not requested),true,631,2,0,45,region,,false,0,0,0,0,0,0,,Skipped (not requested),false,0,0,0,0,0,0,,"page.addScriptTag: Executing inline script violates the following Content Security Policy directive 'script-src 'self' www.google-analytics.com ssl.google-analytics.com stats.g.doubleclick.net www.googletagmanager.com www.region1.google-analytics.com region1.google-analytics.com www.google.co.uk analytics.google.com *.analytics.google.com www.google.com www.gstatic.com *.ytimg.com www.youtube.com www.youtube-nocookie.com 'nonce-PaKdLwA/60WBNQ/gT5zG3A==''. Either the 'unsafe-inline' keyword, a hash ('sha256-iLB/qGn2fKTfTYFKNKTMDW4mWOq+TwpFIWKi5guSmvk='), or a nonce ('nonce-...') is required to enable inline execution. The action has been blocked.",false,0,0,0,0,,Skipped (not requested),0,,Non-UK residents: payment enquiries - GOV.UK
58,GOV.UK,https://gov.uk/find-hmrc-contacts/off-payroll-working-ir35-enquiries,https://www.gov.uk/find-hmrc-contacts/off-payroll-working-ir35-enquiries,200,true,true,7728,false,0,0,0,0,,Skipped (not requested),true,576,2,0,45,region,,false,0,0,0,0,0,0,,Skipped (not requested),false,0,0,0,0,0,0,,"page.addScriptTag: Executing inline script violates the following Content Security Policy directive 'script-src 'self' www.google-analytics.com ssl.google-analytics.com stats.g.doubleclick.net www.googletagmanager.com www.region1.google-analytics.com region1.google-analytics.com www.google.co.uk analytics.google.com *.analytics.google.com www.google.com www.gstatic.com *.ytimg.com www.youtube.com www.youtube-nocookie.com 'nonce-6irvZPz543UPXqwXzGILKg==''. Either the 'unsafe-inline' keyword, a hash ('sha256-iLB/qGn2fKTfTYFKNKTMDW4mWOq+TwpFIWKi5guSmvk='), or a nonce ('nonce-...') is required to enable inline execution. The action has been blocked.",false,0,0,0,0,,Skipped (not requested),0,,Off-payroll working (IR35): enquiries - GOV.UK
58,GOV.UK,https://gov.uk/find-hmrc-contacts/payment-problems-enquiries,https://www.gov.uk/find-hmrc-contacts/payment-problems-enquiries,200,true,true,8257,false,0,0,0,0,,Skipped (not requested),true,673,2,0,45,region,,false,0,0,0,0,0,0,,Skipped (not requested),false,0,0,0,0,0,0,,"page.addScriptTag: Executing inline script violates the following Content Security Policy directive 'script-src 'self' www.google-analytics.com ssl.google-analytics.com stats.g.doubleclick.net www.googletagmanager.com www.region1.google-analytics.com region1.google-analytics.com www.google.co.uk analytics.google.com *.analytics.google.com www.google.com www.gstatic.com *.ytimg.com www.youtube.com www.youtube-nocookie.com 'nonce-UiIEGnkk4AsmBSfa6rYahA==''. Either the 'unsafe-inline' keyword, a hash ('sha256-iLB/qGn2fKTfTYFKNKTMDW4mWOq+TwpFIWKi5guSmvk='), or a nonce ('nonce-...') is required to enable inline execution. The action has been blocked.",false,0,0,0,0,,Skipped (not requested),0,,Payment problems: enquiries - GOV.UK
58,GOV.UK,https://gov.uk/find-hmrc-contacts/repayments-where-to-send-claim-forms,https://www.gov.uk/find-hmrc-contacts/repayments-where-to-send-claim-forms,200,true,true,8160,false,0,0,0,0,,Skipped (not requested),true,584,2,0,45,region,,false,0,0,0,0,0,0,,Skipped (not requested),false,0,0,0,0,0,0,,"page.addScriptTag: Executing inline script violates the following Content Security Policy directive 'script-src 'self' www.google-analytics.com ssl.google-analytics.com stats.g.doubleclick.net www.googletagmanager.com www.region1.google-analytics.com region1.google-analytics.com www.google.co.uk analytics.google.com *.analytics.google.com www.google.com www.gstatic.com *.ytimg.com www.youtube.com www.youtube-nocookie.com 'nonce-XX8+JndNqhzq0lk056l3XA==''. Either the 'unsafe-inline' keyword, a hash ('sha256-iLB/qGn2fKTfTYFKNKTMDW4mWOq+TwpFIWKi5guSmvk='), or a nonce ('nonce-...') is required to enable inline execution. The action has been blocked.",false,0,0,0,0,,Skipped (not requested),0,,Repayments: where to send claim forms - GOV.UK
58,GOV.UK,https://gov.uk/find-hmrc-contacts/report-suspicious-hmrc-emails-texts-social-media-accounts-and-phone-calls,https://www.gov.uk/find-hmrc-contacts/report-suspicious-hmrc-emails-texts-social-media-accounts-and-phone-calls,200,true,true,8159,false,0,0,0,0,,Skipped (not requested),true,609,2,0,45,region,,false,0,0,0,0,0,0,,Skipped (not requested),false,0,0,0,0,0,0,,"page.addScriptTag: Executing inline script violates the following Content Security Policy directive 'script-src 'self' www.google-analytics.com ssl.google-analytics.com stats.g.doubleclick.net www.googletagmanager.com www.region1.google-analytics.com region1.google-analytics.com www.google.co.uk analytics.google.com *.analytics.google.com www.google.com www.gstatic.com *.ytimg.com www.youtube.com www.youtube-nocookie.com 'nonce-CS5r+swCDcGOoWqGAj/svA==''. Either the 'unsafe-inline' keyword, a hash ('sha256-iLB/qGn2fKTfTYFKNKTMDW4mWOq+TwpFIWKi5guSmvk='), or a nonce ('nonce-...') is required to enable inline execution. The action has been blocked.",false,0,0,0,0,,Skipped (not requested),0,,"Report suspicious HMRC emails, texts, social media accounts and phone calls - GOV.UK"
58,GOV.UK,https://gov.uk/find-hmrc-contacts/secure-data-exchange-service-sdes-enquiries,https://www.gov.uk/find-hmrc-contacts/secure-data-exchange-service-sdes-enquiries,200,true,true,8149,false,0,0,0,0,,Skipped (not requested),true,539,2,0,45,region,,false,0,0,0,0,0,0,,Skipped (not requested),false,0,0,0,0,0,0,,"page.addScriptTag: Executing inline script violates the following Content Security Policy directive 'script-src 'self' www.google-analytics.com ssl.google-analytics.com stats.g.doubleclick.net www.googletagmanager.com www.region1.google-analytics.com region1.google-analytics.com www.google.co.uk analytics.google.com *.analytics.google.com www.google.com www.gstatic.com *.ytimg.com www.youtube.com www.youtube-nocookie.com 'nonce-SJeXsWFyMGRmMvLGb4jS1A==''. Either the 'unsafe-inline' keyword, a hash ('sha256-iLB/qGn2fKTfTYFKNKTMDW4mWOq+TwpFIWKi5guSmvk='), or a nonce ('nonce-...') is required to enable inline execution. The action has been blocked.",false,0,0,0,0,,Skipped (not requested),0,,Secure Data Exchange Service (SDES): enquiries - GOV.UK
58,GOV.UK,https://gov.uk/find-hmrc-contacts/self-assessment-payments,https://www.gov.uk/find-hmrc-contacts/self-assessment-payments,200,true,true,8241,false,0,0,0,0,,Skipped (not requested),true,621,2,0,45,region,,false,0,0,0,0,0,0,,Skipped (not requested),false,0,0,0,0,0,0,,"page.addScriptTag: Executing inline script violates the following Content Security Policy directive 'script-src 'self' www.google-analytics.com ssl.google-analytics.com stats.g.doubleclick.net www.googletagmanager.com www.region1.google-analytics.com region1.google-analytics.com www.google.co.uk analytics.google.com *.analytics.google.com www.google.com www.gstatic.com *.ytimg.com www.youtube.com www.youtube-nocookie.com 'nonce-TCPVuB18FgOj6EZt3z72SQ==''. Either the 'unsafe-inline' keyword, a hash ('sha256-iLB/qGn2fKTfTYFKNKTMDW4mWOq+TwpFIWKi5guSmvk='), or a nonce ('nonce-...') is required to enable inline execution. The action has been blocked.",false,0,0,0,0,,Skipped (not requested),0,,Self Assessment: payment enquiries - GOV.UK
58,GOV.UK,https://gov.uk/find-hmrc-contacts/statutory-payment-dispute-team,https://www.gov.uk/find-hmrc-contacts/statutory-payment-dispute-team,200,true,true,8073,false,0,0,0,0,,Skipped (not requested),true,608,2,0,45,region,,false,0,0,0,0,0,0,,Skipped (not requested),false,0,0,0,0,0,0,,"page.addScriptTag: Executing inline script violates the following Content Security Policy directive 'script-src 'self' www.google-analytics.com ssl.google-analytics.com stats.g.doubleclick.net www.googletagmanager.com www.region1.google-analytics.com region1.google-analytics.com www.google.co.uk analytics.google.com *.analytics.google.com www.google.com www.gstatic.com *.ytimg.com www.youtube.com www.youtube-nocookie.com 'nonce-CRb8Ea+rousoJfaONDe5gQ==''. Either the 'unsafe-inline' keyword, a hash ('sha256-iLB/qGn2fKTfTYFKNKTMDW4mWOq+TwpFIWKi5guSmvk='), or a nonce ('nonce-...') is required to enable inline execution. The action has been blocked.",false,0,0,0,0,,Skipped (not requested),0,,Statutory Payment Dispute Team - GOV.UK
58,GOV.UK,https://gov.uk/find-hmrc-contacts/tax-credits-payment-enquiries,https://www.gov.uk/find-hmrc-contacts/tax-credits-payment-enquiries,200,true,true,8035,false,0,0,0,0,,Skipped (not requested),true,600,2,0,45,region,,false,0,0,0,0,0,0,,Skipped (not requested),false,0,0,0,0,0,0,,"page.addScriptTag: Executing inline script violates the following Content Security Policy directive 'script-src 'self' www.google-analytics.com ssl.google-analytics.com stats.g.doubleclick.net www.googletagmanager.com www.region1.google-analytics.com region1.google-analytics.com www.google.co.uk analytics.google.com *.analytics.google.com www.google.com www.gstatic.com *.ytimg.com www.youtube.com www.youtube-nocookie.com 'nonce-CLRe0qqprjJVUirY455/3Q==''. Either the 'unsafe-inline' keyword, a hash ('sha256-iLB/qGn2fKTfTYFKNKTMDW4mWOq+TwpFIWKi5guSmvk='), or a nonce ('nonce-...') is required to enable inline execution. The action has been blocked.",false,0,0,0,0,,Skipped (not requested),0,,Tax credits: payment enquiries - GOV.UK
58,GOV.UK,https://gov.uk/find-hmrc-contacts/vat-overseas-repayments-for-non-uk-businesses,https://www.gov.uk/find-hmrc-contacts/vat-overseas-repayments-for-non-uk-businesses,200,true,true,9057,false,0,0,0,0,,Skipped (not requested),true,623,2,0,45,region,,false,0,0,0,0,0,0,,Skipped (not requested),false,0,0,0,0,0,0,,"page.addScriptTag: Executing inline script violates the following Content Security Policy directive 'script-src 'self' www.google-analytics.com ssl.google-analytics.com stats.g.doubleclick.net www.googletagmanager.com www.region1.google-analytics.com region1.google-analytics.com www.google.co.uk analytics.google.com *.analytics.google.com www.google.com www.gstatic.com *.ytimg.com www.youtube.com www.youtube-nocookie.com 'nonce-wQUZxYSLwGzrwol3SWPdNQ==''. Either the 'unsafe-inline' keyword, a hash ('sha256-iLB/qGn2fKTfTYFKNKTMDW4mWOq+TwpFIWKi5guSmvk='), or a nonce ('nonce-...') is required to enable inline execution. The action has been blocked.",false,0,0,0,0,,Skipped (not requested),0,,VAT: overseas repayments for non-UK businesses enquiries - GOV.UK
58,GOV.UK,https://gov.uk/find-licences/adoption-service-registration-wales,https://www.gov.uk/find-licences/adoption-service-registration-wales,200,true,true,8283,false,0,0,0,0,,Skipped (not requested),true,505,2,0,47,region,,false,0,0,0,0,0,0,,Skipped (not requested),false,0,0,0,0,0,0,,"page.addScriptTag: Executing inline script violates the following Content Security Policy directive 'script-src 'self' www.google-analytics.com ssl.google-analytics.com stats.g.doubleclick.net www.googletagmanager.com www.region1.google-analytics.com region1.google-analytics.com www.google.co.uk analytics.google.com *.analytics.google.com www.google.com www.gstatic.com *.ytimg.com www.youtube.com www.youtube-nocookie.com 'nonce-+GaR3z64wNOfrg3LVwo0yw==''. Either the 'unsafe-inline' keyword, a hash ('sha256-iLB/qGn2fKTfTYFKNKTMDW4mWOq+TwpFIWKi5guSmvk='), or a nonce ('nonce-...') is required to enable inline execution. The action has been blocked.",false,0,0,0,0,,Skipped (not requested),0,,Adoption service registration (Wales) - GOV.UK
58,GOV.UK,https://gov.uk/find-licences/adult-placement-service-registration-wales,https://www.gov.uk/find-licences/adult-placement-service-registration-wales,200,true,true,7645,false,0,0,0,0,,Skipped (not requested),true,505,2,0,47,region,,false,0,0,0,0,0,0,,Skipped (not requested),false,0,0,0,0,0,0,,"page.addScriptTag: Executing inline script violates the following Content Security Policy directive 'script-src 'self' www.google-analytics.com ssl.google-analytics.com stats.g.doubleclick.net www.googletagmanager.com www.region1.google-analytics.com region1.google-analytics.com www.google.co.uk analytics.google.com *.analytics.google.com www.google.com www.gstatic.com *.ytimg.com www.youtube.com www.youtube-nocookie.com 'nonce-JyqFNjg+ZthYAYB1E1oJBQ==''. Either the 'unsafe-inline' keyword, a hash ('sha256-iLB/qGn2fKTfTYFKNKTMDW4mWOq+TwpFIWKi5guSmvk='), or a nonce ('nonce-...') is required to enable inline execution. The action has been blocked.",false,0,0,0,0,,Skipped (not requested),0,,Adult placement service registration (Wales) - GOV.UK
58,GOV.UK,https://gov.uk/find-licences/adult-placement-services-registration-northern-ireland,https://www.gov.uk/find-licences/adult-placement-services-registration-northern-ireland,200,true,true,7669,false,0,0,0,0,,Skipped (not requested),true,543,2,0,47,region,,false,0,0,0,0,0,0,,Skipped (not requested),false,0,0,0,0,0,0,,"page.addScriptTag: Executing inline script violates the following Content Security Policy directive 'script-src 'self' www.google-analytics.com ssl.google-analytics.com stats.g.doubleclick.net www.googletagmanager.com www.region1.google-analytics.com region1.google-analytics.com www.google.co.uk analytics.google.com *.analytics.google.com www.google.com www.gstatic.com *.ytimg.com www.youtube.com www.youtube-nocookie.com 'nonce-JjT+BPxkr3hsPzknxJNX2g==''. Either the 'unsafe-inline' keyword, a hash ('sha256-iLB/qGn2fKTfTYFKNKTMDW4mWOq+TwpFIWKi5guSmvk='), or a nonce ('nonce-...') is required to enable inline execution. The action has been blocked.",false,0,0,0,0,,Skipped (not requested),0,,Adult placement services registration (Northern Ireland) - GOV.UK
58,GOV.UK,https://gov.uk/find-licences/adult-placement-services-registration-scotland,https://www.gov.uk/find-licences/adult-placement-services-registration-scotland,200,true,true,8220,false,0,0,0,0,,Skipped (not requested),true,601,2,0,47,region,,false,0,0,0,0,0,0,,Skipped (not requested),false,0,0,0,0,0,0,,"page.addScriptTag: Executing inline script violates the following Content Security Policy directive 'script-src 'self' www.google-analytics.com ssl.google-analytics.com stats.g.doubleclick.net www.googletagmanager.com www.region1.google-analytics.com region1.google-analytics.com www.google.co.uk analytics.google.com *.analytics.google.com www.google.com www.gstatic.com *.ytimg.com www.youtube.com www.youtube-nocookie.com 'nonce-Lx9NKxCW/nBgHaPeQ//O+g==''. Either the 'unsafe-inline' keyword, a hash ('sha256-iLB/qGn2fKTfTYFKNKTMDW4mWOq+TwpFIWKi5guSmvk='), or a nonce ('nonce-...') is required to enable inline execution. The action has been blocked.",false,0,0,0,0,,Skipped (not requested),0,,Adult placement services registration (Scotland) - GOV.UK
58,GOV.UK,https://gov.uk/find-licences/apply-for-a-thames-accommodation-licence,https://www.gov.uk/find-licences/apply-for-a-thames-accommodation-licence,200,true,true,8221,false,0,0,0,0,,Skipped (not requested),true,536,2,0,47,region,,false,0,0,0,0,0,0,,Skipped (not requested),false,0,0,0,0,0,0,,"page.addScriptTag: Executing inline script violates the following Content Security Policy directive 'script-src 'self' www.google-analytics.com ssl.google-analytics.com stats.g.doubleclick.net www.googletagmanager.com www.region1.google-analytics.com region1.google-analytics.com www.google.co.uk analytics.google.com *.analytics.google.com www.google.com www.gstatic.com *.ytimg.com www.youtube.com www.youtube-nocookie.com 'nonce-2AtwspZc/wPq9jMb5bySnQ==''. Either the 'unsafe-inline' keyword, a hash ('sha256-iLB/qGn2fKTfTYFKNKTMDW4mWOq+TwpFIWKi5guSmvk='), or a nonce ('nonce-...') is required to enable inline execution. The action has been blocked.",false,0,0,0,0,,Skipped (not requested),0,,Apply for a River Thames accommodation licence - GOV.UK
58,GOV.UK,https://gov.uk/find-licences/booking-office-licence-scotland,https://www.gov.uk/find-licences/booking-office-licence-scotland,200,true,true,7701,false,0,0,0,0,,Skipped (not requested),true,524,2,0,47,region,,false,0,0,0,0,0,0,,Skipped (not requested),false,0,0,0,0,0,0,,"page.addScriptTag: Executing inline script violates the following Content Security Policy directive 'script-src 'self' www.google-analytics.com ssl.google-analytics.com stats.g.doubleclick.net www.googletagmanager.com www.region1.google-analytics.com region1.google-analytics.com www.google.co.uk analytics.google.com *.analytics.google.com www.google.com www.gstatic.com *.ytimg.com www.youtube.com www.youtube-nocookie.com 'nonce-E7GjGpX/UraNdmonmOAlCg==''. Either the 'unsafe-inline' keyword, a hash ('sha256-iLB/qGn2fKTfTYFKNKTMDW4mWOq+TwpFIWKi5guSmvk='), or a nonce ('nonce-...') is required to enable inline execution. The action has been blocked.",false,0,0,0,0,,Skipped (not requested),0,,Booking office licence (Scotland): contact your council - GOV.UK
58,GOV.UK,https://gov.uk/find-licences/bookmaker-s-premises-licence-scotland,https://www.gov.uk/find-licences/bookmaker-s-premises-licence-scotland,200,true,true,8188,false,0,0,0,0,,Skipped (not requested),true,475,2,0,47,region,,false,0,0,0,0,0,0,,Skipped (not requested),false,0,0,0,0,0,0,,"page.addScriptTag: Executing inline script violates the following Content Security Policy directive 'script-src 'self' www.google-analytics.com ssl.google-analytics.com stats.g.doubleclick.net www.googletagmanager.com www.region1.google-analytics.com region1.google-analytics.com www.google.co.uk analytics.google.com *.analytics.google.com www.google.com www.gstatic.com *.ytimg.com www.youtube.com www.youtube-nocookie.com 'nonce-to2+FxxUoV2mQS1xQ+ZHow==''. Either the 'unsafe-inline' keyword, a hash ('sha256-iLB/qGn2fKTfTYFKNKTMDW4mWOq+TwpFIWKi5guSmvk='), or a nonce ('nonce-...') is required to enable inline execution. The action has been blocked.",false,0,0,0,0,,Skipped (not requested),0,,Bookmaker&#39;s premises licence (Scotland): contact your council - GOV.UK
58,GOV.UK,https://gov.uk/find-licences/bookmaking-office-licence-northern-ireland,https://www.gov.uk/find-licences/bookmaking-office-licence-northern-ireland,200,true,true,8369,false,0,0,0,0,,Skipped (not requested),true,487,2,0,47,region,,false,0,0,0,0,0,0,,Skipped (not requested),false,0,0,0,0,0,0,,"page.addScriptTag: Executing inline script violates the following Content Security Policy directive 'script-src 'self' www.google-analytics.com ssl.google-analytics.com stats.g.doubleclick.net www.googletagmanager.com www.region1.google-analytics.com region1.google-analytics.com www.google.co.uk analytics.google.com *.analytics.google.com www.google.com www.gstatic.com *.ytimg.com www.youtube.com www.youtube-nocookie.com 'nonce-88hjRiTshB0N7gGpZ8Gp5Q==''. Either the 'unsafe-inline' keyword, a hash ('sha256-iLB/qGn2fKTfTYFKNKTMDW4mWOq+TwpFIWKi5guSmvk='), or a nonce ('nonce-...') is required to enable inline execution. The action has been blocked.",false,0,0,0,0,,Skipped (not requested),0,,Bookmaking office licence (Northern Ireland): contact your council - GOV.UK
58,GOV.UK,https://gov.uk/find-licences/care-at-home-services-registration-scotland,https://www.gov.uk/find-licences/care-at-home-services-registration-scotland,200,true,true,8154,false,0,0,0,0,,Skipped (not requested),true,547,2,0,47,region,,false,0,0,0,0,0,0,,Skipped (not requested),false,0,0,0,0,0,0,,"page.addScriptTag: Executing inline script violates the following Content Security Policy directive 'script-src 'self' www.google-analytics.com ssl.google-analytics.com stats.g.doubleclick.net www.googletagmanager.com www.region1.google-analytics.com region1.google-analytics.com www.google.co.uk analytics.google.com *.analytics.google.com www.google.com www.gstatic.com *.ytimg.com www.youtube.com www.youtube-nocookie.com 'nonce-JUpXaZYbh3ci96usWjrWMg==''. Either the 'unsafe-inline' keyword, a hash ('sha256-iLB/qGn2fKTfTYFKNKTMDW4mWOq+TwpFIWKi5guSmvk='), or a nonce ('nonce-...') is required to enable inline execution. The action has been blocked.",false,0,0,0,0,,Skipped (not requested),0,,Care at home services registration (Scotland) - GOV.UK
58,GOV.UK,https://gov.uk/find-licences/care-home-service-registration-wales,https://www.gov.uk/find-licences/care-home-service-registration-wales,200,true,true,8036,false,0,0,0,0,,Skipped (not requested),true,505,2,0,47,region,,false,0,0,0,0,0,0,,Skipped (not requested),false,0,0,0,0,0,0,,"page.addScriptTag: Executing inline script violates the following Content Security Policy directive 'script-src 'self' www.google-analytics.com ssl.google-analytics.com stats.g.doubleclick.net www.googletagmanager.com www.region1.google-analytics.com region1.google-analytics.com www.google.co.uk analytics.google.com *.analytics.google.com www.google.com www.gstatic.com *.ytimg.com www.youtube.com www.youtube-nocookie.com 'nonce-FOQs7kW6EQTzQL+/Xl8P2A==''. Either the 'unsafe-inline' keyword, a hash ('sha256-iLB/qGn2fKTfTYFKNKTMDW4mWOq+TwpFIWKi5guSmvk='), or a nonce ('nonce-...') is required to enable inline execution. The action has been blocked.",false,0,0,0,0,,Skipped (not requested),0,,Care home service registration (Wales) - GOV.UK
58,GOV.UK,https://gov.uk/find-licences/domiciliary-care-service-registration-ni,https://www.gov.uk/find-licences/domiciliary-care-service-registration-ni,200,true,true,8148,false,0,0,0,0,,Skipped (not requested),true,502,2,0,47,region,,false,0,0,0,0,0,0,,Skipped (not requested),false,0,0,0,0,0,0,,"page.addScriptTag: Executing inline script violates the following Content Security Policy directive 'script-src 'self' www.google-analytics.com ssl.google-analytics.com stats.g.doubleclick.net www.googletagmanager.com www.region1.google-analytics.com region1.google-analytics.com www.google.co.uk analytics.google.com *.analytics.google.com www.google.com www.gstatic.com *.ytimg.com www.youtube.com www.youtube-nocookie.com 'nonce-cB4aMhPh1PSxxz9UPl58Og==''. Either the 'unsafe-inline' keyword, a hash ('sha256-iLB/qGn2fKTfTYFKNKTMDW4mWOq+TwpFIWKi5guSmvk='), or a nonce ('nonce-...') is required to enable inline execution. The action has been blocked.",false,0,0,0,0,,Skipped (not requested),0,,Domiciliary care service registration (Northern Ireland) - GOV.UK
58,GOV.UK,https://gov.uk/find-licences/fostering-service-manager-registration-wales,https://www.gov.uk/find-licences/fostering-service-manager-registration-wales,200,true,true,8126,false,0,0,0,0,,Skipped (not requested),true,541,2,0,47,region,,false,0,0,0,0,0,0,,Skipped (not requested),false,0,0,0,0,0,0,,"page.addScriptTag: Executing inline script violates the following Content Security Policy directive 'script-src 'self' www.google-analytics.com ssl.google-analytics.com stats.g.doubleclick.net www.googletagmanager.com www.region1.google-analytics.com region1.google-analytics.com www.google.co.uk analytics.google.com *.analytics.google.com www.google.com www.gstatic.com *.ytimg.com www.youtube.com www.youtube-nocookie.com 'nonce-Z/4E8PQo7sQSP0Ks5bkAWQ==''. Either the 'unsafe-inline' keyword, a hash ('sha256-iLB/qGn2fKTfTYFKNKTMDW4mWOq+TwpFIWKi5guSmvk='), or a nonce ('nonce-...') is required to enable inline execution. The action has been blocked.",false,0,0,0,0,,Skipped (not requested),0,,Fostering service manager registration (Wales) - GOV.UK
58,GOV.UK,https://gov.uk/find-licences/general-aviation-report-notification-northern-ireland,https://www.gov.uk/find-licences/general-aviation-report-notification-northern-ireland,200,true,true,8225,false,0,0,0,0,,Skipped (not requested),true,546,2,0,47,region,,false,0,0,0,0,0,0,,Skipped (not requested),false,0,0,0,0,0,0,,"page.addScriptTag: Executing inline script violates the following Content Security Policy directive 'script-src 'self' www.google-analytics.com ssl.google-analytics.com stats.g.doubleclick.net www.googletagmanager.com www.region1.google-analytics.com region1.google-analytics.com www.google.co.uk analytics.google.com *.analytics.google.com www.google.com www.gstatic.com *.ytimg.com www.youtube.com www.youtube-nocookie.com 'nonce-AIo8cL9z1GI0gA8F4EDwXA==''. Either the 'unsafe-inline' keyword, a hash ('sha256-iLB/qGn2fKTfTYFKNKTMDW4mWOq+TwpFIWKi5guSmvk='), or a nonce ('nonce-...') is required to enable inline execution. The action has been blocked.",false,0,0,0,0,,Skipped (not requested),0,,General Aviation Report notification (Northern Ireland) - GOV.UK
58,GOV.UK,https://gov.uk/find-licences/pollution-data-reporting-scotland,https://www.gov.uk/find-licences/pollution-data-reporting-scotland,200,true,true,7827,false,0,0,0,0,,Skipped (not requested),true,532,2,0,47,region,,false,0,0,0,0,0,0,,Skipped (not requested),false,0,0,0,0,0,0,,"page.addScriptTag: Executing inline script violates the following Content Security Policy directive 'script-src 'self' www.google-analytics.com ssl.google-analytics.com stats.g.doubleclick.net www.googletagmanager.com www.region1.google-analytics.com region1.google-analytics.com www.google.co.uk analytics.google.com *.analytics.google.com www.google.com www.gstatic.com *.ytimg.com www.youtube.com www.youtube-nocookie.com 'nonce-tq0s4xbYK+p3MoKFmFgtjw==''. Either the 'unsafe-inline' keyword, a hash ('sha256-iLB/qGn2fKTfTYFKNKTMDW4mWOq+TwpFIWKi5guSmvk='), or a nonce ('nonce-...') is required to enable inline execution. The action has been blocked.",false,0,0,0,0,,Skipped (not requested),0,,Pollution data reporting (Scotland) - GOV.UK
58,GOV.UK,https://gov.uk/find-licences/register-a-hairdressing-business,https://www.gov.uk/find-licences/register-a-hairdressing-business,200,true,true,8127,false,0,0,0,0,,Skipped (not requested),true,525,2,0,43,region,,false,0,0,0,0,0,0,,Skipped (not requested),false,0,0,0,0,0,0,,"page.addScriptTag: Executing inline script violates the following Content Security Policy directive 'script-src 'self' www.google-analytics.com ssl.google-analytics.com stats.g.doubleclick.net www.googletagmanager.com www.region1.google-analytics.com region1.google-analytics.com www.google.co.uk analytics.google.com *.analytics.google.com www.google.com www.gstatic.com *.ytimg.com www.youtube.com www.youtube-nocookie.com 'nonce-0w3k4r8lF98Abflje0+g9Q==''. Either the 'unsafe-inline' keyword, a hash ('sha256-iLB/qGn2fKTfTYFKNKTMDW4mWOq+TwpFIWKi5guSmvk='), or a nonce ('nonce-...') is required to enable inline execution. The action has been blocked.",false,0,0,0,0,,Skipped (not requested),0,,Hairdresser registration (England) - GOV.UK
58,GOV.UK,https://gov.uk/find-licences/register-as-number-plate-supplier,https://www.gov.uk/find-licences/register-as-number-plate-supplier/dvla,200,true,true,8698,false,0,0,0,0,,Skipped (not requested),true,632,2,0,47,region,,false,0,0,0,0,0,0,,Skipped (not requested),false,0,0,0,0,0,0,,"page.addScriptTag: Executing inline script violates the following Content Security Policy directive 'script-src 'self' www.google-analytics.com ssl.google-analytics.com stats.g.doubleclick.net www.googletagmanager.com www.region1.google-analytics.com region1.google-analytics.com www.google.co.uk analytics.google.com *.analytics.google.com www.google.com www.gstatic.com *.ytimg.com www.youtube.com www.youtube-nocookie.com 'nonce-52ibnL8OcIAJO4MemKkmaw==''. Either the 'unsafe-inline' keyword, a hash ('sha256-iLB/qGn2fKTfTYFKNKTMDW4mWOq+TwpFIWKi5guSmvk='), or a nonce ('nonce-...') is required to enable inline execution. The action has been blocked.",false,0,0,0,0,,Skipped (not requested),0,,Register as a number plate supplier: Driver and Vehicle Licensing Agency - GOV.UK
58,GOV.UK,https://gov.uk/find-licences/register-cattle-northern-ireland,https://www.gov.uk/find-licences/register-cattle-northern-ireland,200,true,true,8150,false,0,0,0,0,,Skipped (not requested),true,549,2,0,47,region,,false,0,0,0,0,0,0,,Skipped (not requested),false,0,0,0,0,0,0,,"page.addScriptTag: Executing inline script violates the following Content Security Policy directive 'script-src 'self' www.google-analytics.com ssl.google-analytics.com stats.g.doubleclick.net www.googletagmanager.com www.region1.google-analytics.com region1.google-analytics.com www.google.co.uk analytics.google.com *.analytics.google.com www.google.com www.gstatic.com *.ytimg.com www.youtube.com www.youtube-nocookie.com 'nonce-DZefQaMuoWL3czhTZu7ehg==''. Either the 'unsafe-inline' keyword, a hash ('sha256-iLB/qGn2fKTfTYFKNKTMDW4mWOq+TwpFIWKi5guSmvk='), or a nonce ('nonce-...') is required to enable inline execution. The action has been blocked.",false,0,0,0,0,,Skipped (not requested),0,,Register cattle (Northern Ireland) - GOV.UK
58,GOV.UK,https://gov.uk/find-licences/register-hairdressing-wales,https://www.gov.uk/find-licences/register-hairdressing-wales,200,true,true,8167,false,0,0,0,0,,Skipped (not requested),true,525,2,0,43,region,,false,0,0,0,0,0,0,,Skipped (not requested),false,0,0,0,0,0,0,,"page.addScriptTag: Executing inline script violates the following Content Security Policy directive 'script-src 'self' www.google-analytics.com ssl.google-analytics.com stats.g.doubleclick.net www.googletagmanager.com www.region1.google-analytics.com region1.google-analytics.com www.google.co.uk analytics.google.com *.analytics.google.com www.google.com www.gstatic.com *.ytimg.com www.youtube.com www.youtube-nocookie.com 'nonce-4jv5Q18xnlVKcQADzYBRtw==''. Either the 'unsafe-inline' keyword, a hash ('sha256-iLB/qGn2fKTfTYFKNKTMDW4mWOq+TwpFIWKi5guSmvk='), or a nonce ('nonce-...') is required to enable inline execution. The action has been blocked.",false,0,0,0,0,,Skipped (not requested),0,,Register a hairdressing business (Wales) - GOV.UK
58,GOV.UK,https://gov.uk/find-licences/register-physiotherapist,https://www.gov.uk/find-licences/register-physiotherapist,200,true,true,7664,false,0,0,0,0,,Skipped (not requested),true,513,2,0,47,region,,false,0,0,0,0,0,0,,Skipped (not requested),false,0,0,0,0,0,0,,"page.addScriptTag: Executing inline script violates the following Content Security Policy directive 'script-src 'self' www.google-analytics.com ssl.google-analytics.com stats.g.doubleclick.net www.googletagmanager.com www.region1.google-analytics.com region1.google-analytics.com www.google.co.uk analytics.google.com *.analytics.google.com www.google.com www.gstatic.com *.ytimg.com www.youtube.com www.youtube-nocookie.com 'nonce-zvXIX30wN8uFWGO9HWER6w==''. Either the 'unsafe-inline' keyword, a hash ('sha256-iLB/qGn2fKTfTYFKNKTMDW4mWOq+TwpFIWKi5guSmvk='), or a nonce ('nonce-...') is required to enable inline execution. The action has been blocked.",false,0,0,0,0,,Skipped (not requested),0,,Register as a physiotherapist - GOV.UK
58,GOV.UK,https://gov.uk/find-licences/register-to-practise-as-a-veterinarian,https://www.gov.uk/find-licences/register-to-practise-as-a-veterinarian,200,true,true,8122,false,0,0,0,0,,Skipped (not requested),true,551,2,0,47,region,,false,0,0,0,0,0,0,,Skipped (not requested),false,0,0,0,0,0,0,,"page.addScriptTag: Executing inline script violates the following Content Security Policy directive 'script-src 'self' www.google-analytics.com ssl.google-analytics.com stats.g.doubleclick.net www.googletagmanager.com www.region1.google-analytics.com region1.google-analytics.com www.google.co.uk analytics.google.com *.analytics.google.com www.google.com www.gstatic.com *.ytimg.com www.youtube.com www.youtube-nocookie.com 'nonce-7jMlZnuZU1zkICegI1/mVA==''. Either the 'unsafe-inline' keyword, a hash ('sha256-iLB/qGn2fKTfTYFKNKTMDW4mWOq+TwpFIWKi5guSmvk='), or a nonce ('nonce-...') is required to enable inline execution. The action has been blocked.",false,0,0,0,0,,Skipped (not requested),0,,Register to practise as a veterinarian - GOV.UK
58,GOV.UK,https://gov.uk/find-licences/registration-independent-healthcare-service-scotland,https://www.gov.uk/find-licences/registration-independent-healthcare-service-scotland,200,true,true,8188,false,0,0,0,0,,Skipped (not requested),true,588,2,0,47,region,,false,0,0,0,0,0,0,,Skipped (not requested),false,0,0,0,0,0,0,,"page.addScriptTag: Executing inline script violates the following Content Security Policy directive 'script-src 'self' www.google-analytics.com ssl.google-analytics.com stats.g.doubleclick.net www.googletagmanager.com www.region1.google-analytics.com region1.google-analytics.com www.google.co.uk analytics.google.com *.analytics.google.com www.google.com www.gstatic.com *.ytimg.com www.youtube.com www.youtube-nocookie.com 'nonce-cLdQFu0X7vHwl/G8yq73lg==''. Either the 'unsafe-inline' keyword, a hash ('sha256-iLB/qGn2fKTfTYFKNKTMDW4mWOq+TwpFIWKi5guSmvk='), or a nonce ('nonce-...') is required to enable inline execution. The action has been blocked.",false,0,0,0,0,,Skipped (not requested),0,,Registration of independent healthcare service (Scotland) - GOV.UK
58,GOV.UK,https://gov.uk/find-licences/registration-of-independent-health-care-service-england-wales,https://www.gov.uk/find-licences/registration-of-independent-health-care-service-england-wales,200,true,true,7572,false,0,0,0,0,,Skipped (not requested),true,482,2,0,47,region,,false,0,0,0,0,0,0,,Skipped (not requested),false,0,0,0,0,0,0,,"page.addScriptTag: Executing inline script violates the following Content Security Policy directive 'script-src 'self' www.google-analytics.com ssl.google-analytics.com stats.g.doubleclick.net www.googletagmanager.com www.region1.google-analytics.com region1.google-analytics.com www.google.co.uk analytics.google.com *.analytics.google.com www.google.com www.gstatic.com *.ytimg.com www.youtube.com www.youtube-nocookie.com 'nonce-ppHtyWmVnVJTrcm3CsBKeA==''. Either the 'unsafe-inline' keyword, a hash ('sha256-iLB/qGn2fKTfTYFKNKTMDW4mWOq+TwpFIWKi5guSmvk='), or a nonce ('nonce-...') is required to enable inline execution. The action has been blocked.",false,0,0,0,0,,Skipped (not requested),0,,Registration of independent health care service (England and Wales): contact your council - GOV.UK
58,GOV.UK,https://gov.uk/find-licences/secure-accommodation-service-registration-wales,https://www.gov.uk/find-licences/secure-accommodation-service-registration-wales,200,true,true,8691,false,0,0,0,0,,Skipped (not requested),true,505,2,0,47,region,,false,0,0,0,0,0,0,,Skipped (not requested),false,0,0,0,0,0,0,,"page.addScriptTag: Executing inline script violates the following Content Security Policy directive 'script-src 'self' www.google-analytics.com ssl.google-analytics.com stats.g.doubleclick.net www.googletagmanager.com www.region1.google-analytics.com region1.google-analytics.com www.google.co.uk analytics.google.com *.analytics.google.com www.google.com www.gstatic.com *.ytimg.com www.youtube.com www.youtube-nocookie.com 'nonce-UvPJY4rPXvA4yPSKsF/6Fg==''. Either the 'unsafe-inline' keyword, a hash ('sha256-iLB/qGn2fKTfTYFKNKTMDW4mWOq+TwpFIWKi5guSmvk='), or a nonce ('nonce-...') is required to enable inline execution. The action has been blocked.",false,0,0,0,0,,Skipped (not requested),0,,Secure accommodation service registration (Wales) - GOV.UK
58,GOV.UK,https://gov.uk/find-licences/vessel-traffic-services-vts-licence,https://www.gov.uk/find-licences/vessel-traffic-services-vts-licence,200,true,true,8395,false,0,0,0,0,,Skipped (not requested),true,538,2,0,47,region,,false,0,0,0,0,0,0,,Skipped (not requested),false,0,0,0,0,0,0,,"page.addScriptTag: Executing inline script violates the following Content Security Policy directive 'script-src 'self' www.google-analytics.com ssl.google-analytics.com stats.g.doubleclick.net www.googletagmanager.com www.region1.google-analytics.com region1.google-analytics.com www.google.co.uk analytics.google.com *.analytics.google.com www.google.com www.gstatic.com *.ytimg.com www.youtube.com www.youtube-nocookie.com 'nonce-pWqmjWhnyBsEWi7ElKyTKA==''. Either the 'unsafe-inline' keyword, a hash ('sha256-iLB/qGn2fKTfTYFKNKTMDW4mWOq+TwpFIWKi5guSmvk='), or a nonce ('nonce-...') is required to enable inline execution. The action has been blocked.",false,0,0,0,0,,Skipped (not requested),0,,Vessel traffic services (VTS) licence - GOV.UK
58,GOV.UK,https://gov.uk/flood-and-coastal-erosion-risk-management-research-reports/adapting-to-coastal-erosion-evaluation-of-rollback-and-leaseback-schemes-in-coastal-change-pathfinder-projects,https://www.gov.uk/flood-and-coastal-erosion-risk-management-research-reports/adapting-to-coastal-erosion-evaluation-of-rollback-and-leaseback-schemes-in-coastal-change-pathfinder-projects,200,true,true,7790,false,0,0,0,0,,Skipped (not requested),true,666,2,0,45,region,,false,0,0,0,0,0,0,,Skipped (not requested),false,0,0,0,0,0,0,,"page.addScriptTag: Executing inline script violates the following Content Security Policy directive 'script-src 'self' www.google-analytics.com ssl.google-analytics.com stats.g.doubleclick.net www.googletagmanager.com www.region1.google-analytics.com region1.google-analytics.com www.google.co.uk analytics.google.com *.analytics.google.com www.google.com www.gstatic.com *.ytimg.com www.youtube.com www.youtube-nocookie.com 'nonce-Y+A/mJaEEm0e+IhoG5qOSA==''. Either the 'unsafe-inline' keyword, a hash ('sha256-iLB/qGn2fKTfTYFKNKTMDW4mWOq+TwpFIWKi5guSmvk='), or a nonce ('nonce-...') is required to enable inline execution. The action has been blocked.",false,0,0,0,0,,Skipped (not requested),0,,Adapting to coastal erosion - evaluation of rollback and leaseback schemes in coastal change pathfinder projects - GOV.UK
